t,T
0.0,25.0
0.025,25.00007971968645
0.05,25.000255585786988
0.07500000000000001,25.000529915585943
0.1,25.000902972315444
0.125,25.001374755064585
0.15000000000000002,25.001945230268383
0.17500000000000002,25.002614360384623
0.2,25.003382107399837
0.225,25.004248433256194
0.25,25.005213299903435
0.275,25.00627666930512
0.30000000000000004,25.00743850343948
0.325,25.00869876429942
0.35000000000000003,25.010057413892582
0.375,25.011514414241326
0.4,25.013069727382703
0.42500000000000004,25.014723315368524
0.45,25.016475140265175
0.47500000000000003,25.018325164153865
0.5,25.02027334913042
0.525,25.022319657305385
0.55,25.02446405080394
0.5750000000000001,25.02670649176593
0.6000000000000001,25.02904694234588
0.625,25.031485364712978
0.65,25.034021721051076
0.675,25.036655973558652
0.7000000000000001,25.039388084448824
0.7250000000000001,25.042218015949313
0.75,25.045145730302554
0.775,25.048171189765533
0.8,25.05129435660988
0.8250000000000001,25.054515193121848
0.8500000000000001,25.057833661602285
0.875,25.06124972436662
0.9,25.064763343744904
0.925,25.06837448208177
0.9500000000000001,25.072083101736474
0.9750000000000001,25.0758891650828
1.0,25.079792634509083
1.0250000000000001,25.08379347241827
1.05,25.087891641227877
1.075,25.092087103369973
1.1,25.096379821291137
1.125,25.10076975745255
1.1500000000000001,25.105256874329893
1.175,25.109841134413383
1.2000000000000002,25.114522500207777
1.225,25.119300934232346
1.25,25.124176399020897
1.2750000000000001,25.129148857121724
1.3,25.134218271097662
1.3250000000000002,25.139384603526022
1.35,25.1446478169986
1.375,25.150007874121673
1.4000000000000001,25.15546473751606
1.425,25.16101836981699
1.4500000000000002,25.166668733674207
1.475,25.172415791751927
1.5,25.178259506728775
1.5250000000000001,25.184199841297904
1.55,25.190236758166876
1.5750000000000002,25.196370220057688
1.6,25.202600189706786
1.625,25.20892662986505
1.6500000000000001,25.215349503297823
1.675,25.22186877278484
1.7000000000000002,25.22848440112024
1.725,25.235196351112556
1.75,25.2420045855848
1.7750000000000001,25.24890906737434
1.8,25.255909759332926
1.8250000000000002,25.26300662432671
1.85,25.27019962523622
1.875,25.277488724956417
1.9000000000000001,25.284873886396543
1.925,25.292355072480287
1.9500000000000002,25.299932246145666
1.975,25.307605370345033
2.0,25.31537440804512
2.025,25.323239322226996
2.0500000000000003,25.3312000758861
2.075,25.339256632032157
2.1,25.34740895368924
2.125,25.355657003895743
2.15,25.36400074570437
2.1750000000000003,25.37244014218219
2.2,25.380975156410475
2.225,25.389605751484908
2.25,25.39833189051539
2.275,25.40715353662616
2.3000000000000003,25.41607065295571
2.325,25.42508320265682
2.35,25.434191148896538
2.375,25.443394454856218
2.4000000000000004,25.452693083731447
2.4250000000000003,25.462086998732044
2.45,25.47157616308212
2.475,25.481160540020007
2.5,25.490840092798308
2.5250000000000004,25.500614784683822
2.5500000000000003,25.510484578957627
2.575,25.520449438914945
2.6,25.530509327865325
2.625,25.540664209132437
2.6500000000000004,25.550914046054206
2.6750000000000003,25.561258801982735
2.7,25.571698440284358
2.725,25.582232924339543
2.75,25.59286221754303
2.7750000000000004,25.60358628330366
2.8000000000000003,25.614405085044474
2.825,25.6253185862027
2.85,25.636326750229717
2.875,25.64742954059106
2.9000000000000004,25.658626920766395
2.9250000000000003,25.6699188542496
2.95,25.68130530454866
2.975,25.692786235185697
3.0,25.70436160969694
3.0250000000000004,25.716031391632757
3.0500000000000003,25.727795544557658
3.075,25.739654032050257
3.1,25.751606817703287
3.125,25.763653865123572
3.1500000000000004,25.77579513793204
3.1750000000000003,25.7880305997637
3.2,25.800360214267677
3.225,25.812783945107157
3.25,25.8253017559594
3.2750000000000004,25.837913610515766
3.3000000000000003,25.850619472481668
3.325,25.863419305576546
3.35,25.876313073533918
3.375,25.889300740101394
3.4000000000000004,25.902382269040544
3.4250000000000003,25.915557624127104
3.45,25.928826769150696
3.475,25.942189667915084
3.5,25.955646284237993
3.5250000000000004,25.969196581951206
3.5500000000000003,25.982840524900464
3.575,25.996578076945585
3.6,26.01040920196035
3.625,26.024333863832545
3.6500000000000004,26.03835202646393
3.6750000000000003,26.05246365377027
3.7,26.06666870968127
3.725,26.080967158140687
3.75,26.095358963106154
3.7750000000000004,26.109844088549377
3.8000000000000003,26.124422498455946
3.825,26.139094156825422
3.85,26.15385902767128
3.875,26.16871707502101
3.9000000000000004,26.18366826291597
3.9250000000000003,26.1987125554115
3.95,26.21384991657686
3.975,26.229080310495203
4.0,26.24440370126359
4.025,26.259820052993025
4.05,26.275329329808425
4.075,26.29093149584856
4.1000000000000005,26.30662651526616
4.125,26.322414352227796
4.15,26.338294970913953
4.175,26.354268335518935
4.2,26.370334410250962
4.2250000000000005,26.386493159332133
4.25,26.40274454699842
4.275,26.4190885374996
4.3,26.435525095099354
4.325,26.452054184075187
4.3500000000000005,26.468675768718423
4.375,26.485389813334255
4.4,26.502196282241684
4.425,26.519095139773594
4.45,26.536086350276594
4.4750000000000005,26.553169878111166
4.5,26.570345687651606
4.525,26.587613743285992
4.55,26.604974009416193
4.575,26.622426450457912
4.6000000000000005,26.639971030840595
4.625,26.65760771500751
4.65,26.67533646741567
4.675,26.69315725253586
4.7,26.711070034852675
4.7250000000000005,26.729074778864437
4.75,26.747171449083222
4.775,26.76536001003487
4.800000000000001,26.783640426258945
4.825,26.802012662308783
4.8500000000000005,26.820476682751433
4.875,26.83903245216768
4.9,26.857679935152046
4.925000000000001,26.876419096312755
4.95,26.89524990027176
4.9750000000000005,26.9141723116647
5.0,26.93318629514093
5.025,26.95229181536352
5.050000000000001,26.971488837009193
5.075,26.99077732476841
5.1000000000000005,27.010157243345276
5.125,27.029628557457595
5.15,27.04919123183682
5.175000000000001,27.068845231228106
5.2,27.088590520390238
5.2250000000000005,27.10842706409568
5.25,27.128354827130504
5.275,27.148373774294473
5.300000000000001,27.16848387040099
5.325,27.188685080277065
5.3500000000000005,27.20897736876334
5.375,27.22936070071414
5.4,27.24983504099732
5.425000000000001,27.270400354494427
5.45,27.291056606100554
5.4750000000000005,27.31180376072442
5.5,27.332641783288373
5.525,27.353570638728332
5.550000000000001,27.374590291993805
5.575,27.395700708047865
5.6000000000000005,27.416901851867184
5.625,27.43819368844199
5.65,27.459576182776097
5.675000000000001,27.481049299886873
5.7,27.50261300480526
5.7250000000000005,27.52426726257573
5.75,27.546012038256315
5.775,27.567847296918554
5.800000000000001,27.589773003647544
5.825,27.611789123541943
5.8500000000000005,27.633895621713883
5.875,27.656092463289045
5.9,27.678379613406648
5.925000000000001,27.700757037219372
5.95,27.723224699893457
5.9750000000000005,27.74578256660859
6.0,27.76843060255794
6.025,27.791168772948236
6.050000000000001,27.81399704299964
6.075,27.836915377945793
6.1000000000000005,27.85992374303385
6.125,27.88302210352441
6.15,27.906210424691505
6.175000000000001,27.92948867182265
6.2,27.952856810218837
6.2250000000000005,27.976314805194477
6.25,27.99986262207744
6.275,28.023500226209016
6.300000000000001,28.047227582943957
6.325,28.071044657650415
6.3500000000000005,28.094951415709943
6.375,28.118947822517548
6.4,28.143033843481646
6.425000000000001,28.167209444024074
6.45,28.191474589580036
6.4750000000000005,28.215829245598137
6.5,28.240273377540376
6.525,28.264806950882157
6.550000000000001,28.28942993111225
6.575,28.31414228373276
6.6000000000000005,28.33894397425924
6.625,28.363834968220583
6.65,28.38881523115902
6.675000000000001,28.413884728630144
6.7,28.439043426202918
6.7250000000000005,28.464291289459656
6.75,28.489628283995955
6.775,28.515054375420778
6.800000000000001,28.540569529356446
6.825,28.566173711438573
6.8500000000000005,28.591866887316076
6.875,28.617649022651243
6.9,28.643520083119633
6.925000000000001,28.66948003441011
6.95,28.695528842224814
6.9750000000000005,28.72166647227924
7.0,28.74789289030214
7.025,28.774208062035484
7.050000000000001,28.800611953234664
7.075,28.827104529668226
7.1000000000000005,28.853685757118022
7.125,28.88035560137917
7.15,28.907114028260043
7.175000000000001,28.933961003582272
7.2,28.96089649318073
7.2250000000000005,28.987920462903535
7.25,29.015032878612
7.275,29.04223370618075
7.300000000000001,29.069522911497607
7.325,29.096900460463594
7.3500000000000005,29.12436631899297
7.375,29.15192045301319
7.4,29.179562828464924
7.425000000000001,29.207293411302054
7.45,29.23511216749165
7.4750000000000005,29.263019063013996
7.5,29.2910140638625
7.525,29.319097136043837
7.550000000000001,29.3472682455778
7.575,29.375527358497386
7.6000000000000005,29.403874440848693
7.625,29.43230945869106
7.65,29.460832378096956
7.675000000000001,29.489443165151993
7.7,29.518141785954924
7.7250000000000005,29.546928206617643
7.75,29.57580239326522
7.775,29.6047643120358
7.800000000000001,29.633813929080706
7.825,29.662951210564348
7.8500000000000005,29.692176122664268
7.875,29.721488631571077
7.9,29.750888703488567
7.925000000000001,29.780376304633588
7.95,29.80995140123605
7.9750000000000005,29.83961395953902
8.0,29.869363945798618
8.025,29.89920132628404
8.05,29.929126067277593
8.075000000000001,29.959138135074603
8.1,29.9892374959835
8.125,30.019424116325762
8.15,30.049697962435935
8.175,30.080059000661578
8.200000000000001,30.110507197363347
8.225,30.14104251891491
8.25,30.171664931702935
8.275,30.20237440212718
8.3,30.23317089660045
8.325000000000001,30.264054381548483
8.35,30.2950248234101
8.375,30.326082188637123
8.4,30.357226443694326
8.425,30.388457555059556
8.450000000000001,30.41977548922363
8.475,30.451180212690314
8.5,30.482671691976414
8.525,30.514249893611744
8.55,30.545914784139008
8.575000000000001,30.577666330113917
8.6,30.60950449810516
8.625,30.641429254694387
8.65,30.673440566476167
8.675,30.70553840005805
8.700000000000001,30.737722722060543
8.725,30.769993499117113
8.75,30.802350697874076
8.775,30.834794284990775
8.8,30.86732422713944
8.825000000000001,30.899940491005186
8.85,30.932643043286102
8.875,30.965431850693133
8.9,30.998306879950185
8.925,31.03126809779406
8.950000000000001,31.0643154709744
8.975,31.097448966253804
9.0,31.130668550407705
9.025,31.16397419022445
9.05,31.19736585250525
9.075000000000001,31.230843504064175
9.1,31.264407111728197
9.125,31.298056642337123
9.15,31.331792062743617
9.175,31.365613339813216
9.200000000000001,31.39952044042425
9.225,31.433513331467974
9.25,31.467591979848418
9.275,31.50175635248243
9.3,31.536006416299756
9.325000000000001,31.57034213824294
9.35,31.604763485267274
9.375,31.639270424340907
9.4,31.67386292244482
9.425,31.708540946572807
9.450000000000001,31.74330446373141
9.475,31.77815344093999
9.5,31.813087845230715
9.525,31.848107643648447
9.55,31.88321280325096
9.575000000000001,31.918403291108675
9.600000000000001,31.953679074304855
9.625,31.98904011993548
9.65,32.024486395109385
9.675,32.06001786694802
9.700000000000001,32.09563450258567
9.725000000000001,32.13133626916937
9.75,32.16712313385885
9.775,32.20299506382658
9.8,32.23895202625781
9.825000000000001,32.27499398835047
9.850000000000001,32.31112091731515
9.875,32.34733278037532
9.9,32.383629544766954
9.925,32.420011177738886
9.950000000000001,32.456477646552585
9.975000000000001,32.493028918482246
10.0,32.52966496081469
10.025,32.56638574084951
10.05,32.60319122589895
10.075000000000001,32.640081383287836
10.100000000000001,32.67705618035383
10.125,32.71411558444714
10.15,32.75125956293066
10.175,32.788488083179935
10.200000000000001,32.82580111258321
10.225000000000001,32.86319861854129
10.25,32.90068056846771
10.275,32.93824692978857
10.3,32.97589766994268
10.325000000000001,33.01363275638137
10.350000000000001,33.05145215656865
10.375,33.089355837981216
10.4,33.127343768108204
10.425,33.16541591445154
10.450000000000001,33.20357224452567
10.475000000000001,33.241812725857564
10.5,33.28013732598694
10.525,33.31854601246598
10.55,33.357038752859495
10.575000000000001,33.39561551474486
10.600000000000001,33.434276265712064
10.625,33.473020973363624
10.65,33.51184960531461
10.675,33.5507621291927
10.700000000000001,33.5897585126381
10.725000000000001,33.62883872330352
10.75,33.668002728854304
10.775,33.70725049696822
10.8,33.746581995335724
10.825000000000001,33.785997191659675
10.850000000000001,33.825496053655485
10.875,33.865078549051134
10.9,33.90474464558707
10.925,33.94449431101627
10.950000000000001,33.984327513104176
10.975000000000001,34.02424421962878
11.0,34.0642443983806
11.025,34.10432801716255
11.05,34.14449504379013
11.075000000000001,34.18474544609122
11.100000000000001,34.22507919190623
11.125,34.26549624908808
11.15,34.305996585502115
11.175,34.34658016902613
11.200000000000001,34.38724696755039
11.225000000000001,34.427996948977615
11.25,34.46883008122302
11.275,34.509746332214185
11.3,34.55074566989114
11.325000000000001,34.5918280622064
11.350000000000001,34.63299347712493
11.375,34.67424188262399
11.4,34.71557324669338
11.425,34.75698753733525
11.450000000000001,34.79848472256423
11.475000000000001,34.84006477040727
11.5,34.88172764890378
11.525,34.92347332610553
11.55,34.965301770076735
11.575000000000001,35.007212948893915
11.600000000000001,35.04920683064605
11.625,35.09128338343446
11.65,35.13344257537281
11.675,35.17568437458716
11.700000000000001,35.21800874921595
11.725000000000001,35.26041566740998
11.75,35.30290509733235
11.775,35.3454770071586
11.8,35.388131365076475
11.825000000000001,35.43086813928614
11.850000000000001,35.47368729800016
11.875,35.51658880944332
11.9,35.55957264185277
11.925,35.602638763478
11.950000000000001,35.64578714258084
11.975000000000001,35.6890177474353
12.0,35.73233054632781
12.025,35.77572550755707
12.05,35.819202599434085
12.075000000000001,35.86276179028216
12.100000000000001,35.906403048436886
12.125,35.950126342246094
12.15,35.99393164006991
12.175,36.03781891028078
12.200000000000001,36.08178812126333
12.225000000000001,36.125839241414496
12.25,36.16997223914353
12.275,36.21418708287188
12.3,36.25848374103325
12.325000000000001,36.30286218207353
12.350000000000001,36.34732237445091
12.375,36.39186428663587
12.4,36.43648788711103
12.425,36.481193144371254
12.450000000000001,36.52598002692363
12.475000000000001,36.57084850328749
12.5,36.61579854199439
12.525,36.66083011158798
12.55,36.70594318062425
12.575000000000001,36.75113771767129
12.600000000000001,36.796413691309446
12.625,36.84177107013121
12.65,36.8872098227413
12.675,36.93272991775656
12.700000000000001,36.97833132380609
12.725000000000001,37.02401400953106
12.75,37.069777943584825
12.775,37.11562309463296
12.8,37.161549431353144
12.825000000000001,37.207556922435245
12.850000000000001,37.25364553658127
12.875,37.299815242505304
12.9,37.34606600893363
12.925,37.392397804604656
12.950000000000001,37.43881059826889
12.975000000000001,37.48530435868897
13.0,37.531879054639674
13.025,37.5785346549079
13.05,37.62527112829264
13.075000000000001,37.67208844360498
13.100000000000001,37.718986569668125
13.125,37.765965475317344
13.15,37.813025129400046
13.175,37.86016550077566
13.200000000000001,37.9073865583157
13.225000000000001,37.95468827090386
13.25,38.0020706074358
13.275,38.04953353681927
13.3,38.09707702797405
13.325000000000001,38.14470104983206
13.350000000000001,38.19240557133724
13.375,38.24019056144554
13.4,38.288055989125034
13.425,38.33600182335574
13.450000000000001,38.38402803312975
13.475000000000001,38.43213458745121
13.5,38.480321455336274
13.525,38.52858860581308
13.55,38.57693600792182
13.575000000000001,38.62536363071473
13.600000000000001,38.673871443255955
13.625,38.72245941462179
13.65,38.77112751390037
13.675,38.81987571019191
13.700000000000001,38.86870397260861
13.725000000000001,38.9176122702746
13.75,38.966600572326094
13.775,39.01566884791113
13.8,39.06481706618988
13.825000000000001,39.114045196334345
13.850000000000001,39.16335320752857
13.875,39.21274106896856
13.9,39.26220874986216
13.925,39.311756219429306
13.950000000000001,39.361383446901776
13.975000000000001,39.41109040152334
14.0,39.46087705254972
14.025,39.51074336924851
14.05,39.56068932089923
14.075000000000001,39.6107148767933
14.100000000000001,39.66082000623418
14.125,39.711004678537115
14.15,39.76126886302927
14.175,39.811612529049754
14.200000000000001,39.86203564594952
14.225000000000001,39.912538183091506
14.25,39.96312010985046
14.275,40.013781395613
14.3,40.0645220097777
14.325000000000001,40.11534192175492
14.350000000000001,40.16624110096697
14.375,40.217219516847905
14.4,40.26827713884377
14.425,40.319413936412424
14.450000000000001,40.37062987902356
14.475000000000001,40.42192493615874
14.5,40.4732990773113
14.525,40.52475227198651
14.55,40.5762844897014
14.575000000000001,40.627895699984876
14.600000000000001,40.67958587237768
14.625,40.731354976432264
14.65,40.783202981713
14.675,40.835129857796076
14.700000000000001,40.88713557426946
14.725000000000001,40.93922010073287
14.75,40.99138340679782
14.775,41.043625462087746
14.8,41.09594623623774
14.825000000000001,41.14834569889474
14.850000000000001,41.200823819717414
14.875,41.253380568376265
14.9,41.30601591455354
14.925,41.35872982794323
14.950000000000001,41.41152227825106
14.975000000000001,41.46439323519456
15.0,41.51734266850303
15.025,41.570370547917484
15.05,41.623476843190716
15.075000000000001,41.676661524087194
15.100000000000001,41.72992456038311
15.125,41.78326592186647
15.15,41.83668557833698
15.175,41.890183499605975
15.200000000000001,41.94375965549663
15.225000000000001,41.99741401584372
15.25,42.05114655049382
15.275,42.10495722930516
15.3,42.15884602214766
15.325000000000001,42.21281289890297
15.350000000000001,42.26685782946438
15.375,42.32098078373684
15.4,42.37518173163713
15.425,42.42946064309356
15.450000000000001,42.48381748804615
15.475000000000001,42.538252236446596
15.5,42.592764858258235
15.525,42.64735532345606
15.55,42.702023602026806
15.575000000000001,42.75676966396869
15.600000000000001,42.81159347929166
15.625,42.866483320522605
15.65,42.921368706147206
15.675,42.97623524585803
15.700000000000001,43.03108089324143
15.725000000000001,43.08590539379835
15.75,43.14070872328027
15.775,43.195490885904356
15.8,43.25025188936301
15.825000000000001,43.30499174176902
15.850000000000001,43.359710451283505
15.875,43.41440802607068
15.9,43.46908447429247
15.925,43.52373980410763
15.950000000000001,43.578374023671785
15.975000000000001,43.632987141137455
16.0,43.687579164654046
16.025000000000002,43.74215010236775
16.05,43.79669996242157
16.075,43.85122875295548
16.1,43.90573648210629
16.125,43.96022315800758
16.150000000000002,44.01468878878983
16.175,44.069133382580446
16.2,44.123556947503644
16.225,44.17795949168045
16.25,44.232341023228834
16.275000000000002,44.28670155026361
16.3,44.341041080896474
16.325,44.39535962323597
16.35,44.44965718538749
16.375,44.50393377545335
16.400000000000002,44.55818940153268
16.425,44.61242407172151
16.45,44.66663779411272
16.475,44.72083057679616
16.5,44.77500242785841
16.525000000000002,44.829153355383035
16.55,44.883283367450446
16.575,44.93739247213789
16.6,44.99148067751961
16.625,45.045547991666616
16.650000000000002,45.099594422646824
16.675,45.1536199785251
16.7,45.2076246673631
16.725,45.26160849721952
16.75,45.31557147614977
16.775000000000002,45.369513612206255
16.8,45.42343491343812
16.825,45.4773353878917
16.85,45.53121504360995
16.875,45.585073888632834
16.900000000000002,45.63891193099719
16.925,45.69272917873672
16.95,45.74652563988209
16.975,45.80030132246083
17.0,45.85405623449737
17.025000000000002,45.90779038401306
17.05,45.96150377902613
17.075,46.01519642755169
17.1,46.068868337601806
17.125,46.12251951718547
17.150000000000002,46.176149974308494
17.175,46.22975971697364
17.2,46.28334875318062
17.225,46.336917090926036
17.25,46.39046473820336
17.275000000000002,46.44399170300299
17.3,46.497497993312315
17.325,46.550983617115556
17.35,46.604448582393914
17.375,46.657892897125414
17.400000000000002,46.711316569285046
17.425,46.76471960684481
17.45,46.818102017773484
17.475,46.8714638100369
17.5,46.92480499159765
17.525000000000002,46.97812557041538
17.55,47.03142555444667
17.575,47.08470495164499
17.6,47.137963769960734
17.625,47.19120201734121
17.650000000000002,47.24441970173071
17.675,47.29761683107041
17.7,47.35079341329847
17.725,47.40394945634993
17.75,47.457084968156806
17.775000000000002,47.51019995664798
17.8,47.563294429749355
17.825,47.61636839538375
17.85,47.669421861470944
17.875,47.72245483592763
17.900000000000002,47.77546732666738
17.925,47.82845934160087
17.95,47.881430888635535
17.975,47.93438197567598
18.0,47.98731261062354
18.025000000000002,48.040222801376615
18.05,48.09311255583053
18.075,48.14598188187749
18.1,48.1988307874068
18.125,48.251659280304615
18.150000000000002,48.304467368454105
18.175,48.357255059735316
18.2,48.41002236202534
18.225,48.46276928319815
18.25,48.515495831124746
18.275000000000002,48.568202013673066
18.3,48.62088783870795
18.325,48.67355331409128
18.35,48.726198447681874
18.375,48.7788232473355
18.400000000000002,48.83142772090492
18.425,48.88401187623984
18.45,48.93657572118698
18.475,48.989119263590034
18.5,49.04164251128956
18.525000000000002,49.094145472123195
18.55,49.14662815392553
18.575,49.19909056452807
18.6,49.25153271175931
18.625,49.30395460344483
18.650000000000002,49.35635624740709
18.675,49.408737651465536
18.7,49.4610988234366
18.725,49.51343977113373
18.75,49.565760502367304
18.775000000000002,49.61806102494479
18.8,49.670341346670504
18.825,49.7226014753458
18.85,49.77484141876906
18.875,49.827061184735605
18.900000000000002,49.87926078103782
18.925,49.93144021546493
18.95,49.983599495803325
18.975,50.03573862983624
19.0,50.08785762534409
19.025000000000002,50.13995649010408
19.05,50.19203523189051
19.075,50.24409385847469
19.1,50.29613237762497
19.125,50.34815079710651
19.150000000000002,50.40014912468169
19.175,50.45212736810983
19.200000000000003,50.50408553514717
19.225,50.556023633547014
19.25,50.607941671059706
19.275000000000002,50.65983965543263
19.3,50.711717594409954
19.325000000000003,50.76357549573313
19.35,50.81541336714048
19.375,50.86723121636742
19.400000000000002,50.91902905114622
19.425,50.97080687920636
19.450000000000003,51.022564708274196
19.475,51.07430254607314
19.5,51.12602040032366
19.525000000000002,51.17771827874317
19.55,51.22939618904617
19.575000000000003,51.28105413894422
19.6,51.3326921361458
19.625,51.384310188356395
19.650000000000002,51.43590830327865
19.675,51.4874864886121
19.700000000000003,51.53904475205344
19.725,51.59058310129629
19.75,51.642101544031284
19.775000000000002,51.69360008794618
19.8,51.74507874072572
19.825000000000003,51.796537510051664
19.85,51.847976403602786
19.875,51.899395429054984
19.900000000000002,51.9507945940811
19.925,52.002173906351075
19.950000000000003,52.05353337353184
19.975,52.10487300328741
20.0,52.15619280327881
20.025000000000002,52.20749278116414
20.05,52.258772944598505
20.075000000000003,52.31003330123405
20.1,52.36127385872004
20.125,52.41249462470264
20.150000000000002,52.463695606825276
20.175,52.51487681272817
20.200000000000003,52.566038250048834
20.225,52.61717992642168
20.25,52.66830184947817
20.275000000000002,52.7194040268469
20.3,52.77048646615351
20.325000000000003,52.82154917502063
20.35,52.87259216106801
20.375,52.923615431912395
20.400000000000002,52.97461899516766
20.425,53.02560285844468
20.450000000000003,53.07656702935147
20.475,53.12751151549301
20.5,53.17843632447139
20.525000000000002,53.229341463885774
20.55,53.28022694133238
20.575000000000003,53.33109276440452
20.6,53.38193894069251
20.625,53.432765477783825
20.650000000000002,53.48357238326288
20.675,53.53435966471131
20.700000000000003,53.58512732970771
20.725,53.63587538582784
20.75,53.686603840644445
20.775000000000002,53.73731270172739
20.8,53.7880019766436
20.825000000000003,53.83867167295721
20.85,53.88932179822917
20.875,53.93995236001771
20.900000000000002,53.990563365878096
20.925,54.041154823362724
20.950000000000003,54.09172674002091
20.975,54.142279123399284
21.0,54.19281198104131
21.025000000000002,54.243325320487806
21.05,54.29381914927645
21.075000000000003,54.34429347494213
21.1,54.39474830501678
21.125,54.445183647029474
21.150000000000002,54.495599508506366
21.175,54.545995896970666
21.200000000000003,54.59637281994272
21.225,54.646730284939956
21.25,54.69706829947682
21.275000000000002,54.747386871065
21.3,54.79768600721317
21.325000000000003,54.84796571542721
21.35,54.89822600320999
21.375,54.94846687806155
21.400000000000002,54.99868834747898
21.425,55.04889041895655
21.450000000000003,55.09907309998559
21.475,55.149236398054555
21.5,55.19938032064899
21.525000000000002,55.249504875251624
21.55,55.299610069342094
21.575000000000003,55.349695910397415
21.6,55.3997624058915
21.625,55.44980956329554
21.650000000000002,55.499837390077715
21.675,55.54984589370336
21.700000000000003,55.599835081635014
21.725,55.6498049613322
21.75,55.69975554025161
21.775000000000002,55.749686825847085
21.8,55.79959882556957
21.825000000000003,55.84949154686709
21.85,55.899364997184854
21.875,55.94921918396523
21.900000000000002,55.999054114647684
21.925,56.048869796668676
21.950000000000003,56.098666237461934
21.975,56.14844344445833
22.0,56.198201425085806
22.025000000000002,56.247940186769426
22.05,56.29765973693148
22.075000000000003,56.34736008299132
22.1,56.39704123236539
22.125,56.446703192467346
22.150000000000002,56.49634597070787
22.175,56.54596957449495
22.200000000000003,56.59557401123364
22.225,56.64515928832613
22.25,56.694725413171675
22.275000000000002,56.74427239316684
22.3,56.79380023570519
22.325000000000003,56.843308948177494
22.35,56.89279853797168
22.375,56.94226901247273
22.400000000000002,56.99172037906288
22.425,57.04115264512155
22.450000000000003,57.09056581802518
22.475,57.13995990514744
22.5,57.189334913859064
22.525000000000002,57.23869085152807
22.55,57.288027725519584
22.575000000000003,57.337345543195894
22.6,57.38664431191637
22.625,57.435924039037666
22.650000000000002,57.48518473191353
22.675,57.5344263978948
22.700000000000003,57.58364904432957
22.725,57.63285267856311
22.75,57.6820373079378
22.775000000000002,57.73120293979317
22.8,57.78034958146592
22.825000000000003,57.82947724028999
22.85,57.87858592359645
22.875,57.9276756387135
22.900000000000002,57.97674639296663
22.925,58.02579819367832
22.950000000000003,58.07483104816838
22.975,58.12384496375363
23.0,58.17283994774823
23.025000000000002,58.22181600746348
23.05,58.270773150207766
23.075000000000003,58.31971138328675
23.1,58.368630714003224
23.125,58.41753114965714
23.150000000000002,58.46641269754572
23.175,58.51527536496329
23.200000000000003,58.56411915920136
23.225,58.61294408754864
23.25,58.661750157291046
23.275000000000002,58.7105373757117
23.3,58.759305750090824
23.325000000000003,58.80805528770591
23.35,58.856785995831636
23.375,58.90549788173979
23.400000000000002,58.95419095269941
23.425,59.00286521597681
23.450000000000003,59.051520678835324
23.475,59.10015734853563
23.5,59.14877523233552
23.525000000000002,59.19737433749004
23.55,59.24595467125137
23.575000000000003,59.2945162408689
23.6,59.34305905358926
23.625,59.39158311665635
23.650000000000002,59.44008843731108
23.675,59.48857502279174
23.700000000000003,59.53704288033371
23.725,59.585492017169656
23.75,59.6339224405294
23.775000000000002,59.682334157639964
23.8,59.730727175725626
23.825000000000003,59.77910150200788
23.85,59.82745714370545
23.875,59.87579410803415
23.900000000000002,59.92411240220714
23.925,59.97241203343468
23.950000000000003,60.02069300892439
23.975,60.06895533588093
24.0,60.117199021506394
24.025000000000002,60.16542407299989
24.05,60.21363049755783
24.075000000000003,60.26181830237392
24.1,60.30998749463896
24.125,60.358138081541014
24.150000000000002,60.40627007026539
24.175,60.45438346799466
24.200000000000003,60.502478281908544
24.225,60.550554519184026
24.25,60.598612186995354
24.275000000000002,60.64665129251389
24.3,60.694671842908384
24.325000000000003,60.74267384534476
24.35,60.79065730698612
24.375,60.8386222349928
24.400000000000002,60.88656863652246
24.425,60.934496518729915
24.450000000000003,60.98240588876728
24.475,61.03029675378384
24.5,61.07816912092621
24.525000000000002,61.12602299733812
24.55,61.1738583901606
24.575000000000003,61.22167530653206
24.6,61.26947375358795
24.625,61.31725373846101
24.650000000000002,61.365015268281276
24.675,61.412758350176
24.700000000000003,61.46048299126971
24.725,61.50818919868421
24.75,61.555876979538496
24.775000000000002,61.603546340948824
24.8,61.651197290028705
24.825000000000003,61.69882983388894
24.85,61.74644397963748
24.875,61.794039734379595
24.900000000000002,61.841617105217956
24.925,61.88917609925221
24.950000000000003,61.93671672357949
24.975,61.98423898529405
25.0,62.03174289148756
25.025000000000002,62.0792284492487
25.05,62.12669566566372
25.075000000000003,62.17414454781593
25.1,62.2215751027859
25.125,62.26898733765162
25.150000000000002,62.31638125948821
25.175,62.363756875368026
25.200000000000003,62.41111419236081
25.225,62.458453217533545
25.25,62.505773957950446
25.275000000000002,62.553076420673065
25.3,62.60036061276023
25.325000000000003,62.647626541267826
25.35,62.69487421324932
25.375,62.74210363575528
25.400000000000002,62.789314815833585
25.425,62.836507760529436
25.450000000000003,62.88368247688529
25.475,62.93083897194079
25.5,62.97797725273299
25.525000000000002,63.02509732629623
25.55,63.07219919966195
25.575000000000003,63.11928287985919
25.6,63.166348373913934
25.625,63.213395688849694
25.650000000000002,63.26042483168717
25.675,63.30743580944443
25.700000000000003,63.3544286291367
25.725,63.401403297776575
25.75,63.44835982237393
25.775000000000002,63.49529820993603
25.8,63.54221846746725
25.825000000000003,63.58912060196931
25.85,63.63600462044146
25.875,63.68287052987996
25.900000000000002,63.72971833727846
25.925,63.7765480496279
25.950000000000003,63.823359673916556
25.975,63.870153217129996
26.0,63.916928686251076
26.025000000000002,63.96368608825996
26.05,64.01042543013408
26.075000000000003,64.05714671884817
26.1,64.10384996137452
26.125,64.15053516468235
26.150000000000002,64.19720233573847
26.175,64.24385148150675
26.200000000000003,64.29048260894864
26.225,64.3370957250227
26.25,64.3836908366849
26.275000000000002,64.43026795088853
26.3,64.4768270745841
26.325000000000003,64.5233682147196
26.35,64.56989137824014
26.375,64.61639657208832
26.400000000000002,64.66288380320394
26.425,64.70935307852416
26.450000000000003,64.75580440498352
26.475,64.8022377895138
26.5,64.84865323904408
26.525000000000002,64.89505076050096
26.55,64.94143036080813
26.575000000000003,64.98779204688672
26.6,65.03413582565511
26.625,65.08046170402915
26.650000000000002,65.12676968892183
26.675,65.17305978724372
26.700000000000003,65.21933200590247
26.725,65.26558635180325
26.75,65.3118228318484
26.775000000000002,65.3580414529378
26.8,65.40424222196842
26.825000000000003,65.45042514583477
26.85,65.49659023142866
26.875,65.54273748563917
26.900000000000002,65.58886691535271
26.925,65.63497852745303
26.950000000000003,65.68107232882133
26.975,65.7271483263361
27.0,65.77320652687308
27.025000000000002,65.81924693730546
27.05,65.86526956450386
27.075000000000003,65.91127441533601
27.1,65.95726149666717
27.125,66.00323081535984
27.150000000000002,66.04918237827404
27.175,66.09511619226696
27.200000000000003,66.14103226419317
27.225,66.18693060090465
27.25,66.2328112092508
27.275000000000002,66.27867409607822
27.3,66.32451926823086
27.325000000000003,66.37034673255029
27.35,66.41615649587514
27.375,66.46194856504147
27.400000000000002,66.5077229468829
27.425,66.5534796482301
27.450000000000003,66.59921867591132
27.475,66.6449400367521
27.5,66.6906437375753
27.525000000000002,66.73632978520129
27.55,66.78199818644768
27.575000000000003,66.82764894812958
27.6,66.87328207705934
27.625,66.9188975800466
27.650000000000002,66.9644954638985
27.675,67.01007573541966
27.700000000000003,67.05563840141181
27.725,67.10118346867422
27.75,67.14671094400349
27.775000000000002,67.19222083419368
27.8,67.23771314603614
27.825000000000003,67.28318788631962
27.85,67.32864506183022
27.875,67.37408467935143
27.900000000000002,67.41950674566414
27.925,67.46491126754668
27.950000000000003,67.51029825177467
27.975,67.5556677051211
28.0,67.60101963435645
28.025000000000002,67.64635404624849
28.05,67.6916709475624
28.075000000000003,67.73697034506073
28.1,67.78225224550351
28.125,67.8275166556481
28.150000000000002,67.87276358224914
28.175,67.91799303205885
28.200000000000003,67.96320501182674
28.225,68.00839952829985
28.25,68.05357658822228
28.275000000000002,68.09873619833594
28.3,68.14387836537989
28.325000000000003,68.18900309609064
28.35,68.23411039720213
28.375,68.27920027544552
28.400000000000002,68.32427273754969
28.425,68.36932779024067
28.450000000000003,68.41436544024202
28.475,68.45938569427456
28.5,68.50438855905672
28.525000000000002,68.54937404130423
28.55,68.59434214773017
28.575000000000003,68.63929288504505
28.6,68.68422625995687
28.625,68.72914227917109
28.650000000000002,68.77404094939035
28.675,68.8189222773149
28.700000000000003,68.86378626964233
28.725,68.90863293306761
28.75,68.95346227428318
28.775000000000002,68.99827429997892
28.8,69.0430690168421
28.825000000000003,69.08784643155735
28.85,69.13260655080681
28.875,69.17734938126999
28.900000000000002,69.2220749296238
28.925,69.26678320254263
28.950000000000003,69.31147420669822
28.975,69.3561479487598
29.0,69.40080443539398
29.025000000000002,69.44544367326483
29.05,69.49006566903387
29.075000000000003,69.53467042936
29.1,69.57925796089958
29.125,69.62382827030629
29.150000000000002,69.66838136423137
29.175,69.71291724932348
29.200000000000003,69.75743593222872
29.225,69.80193741959044
29.25,69.8464217180498
29.275000000000002,69.890888834245
29.3,69.93533877481187
29.325000000000003,69.97977154638366
29.35,70.02418715559105
29.375,70.06858560906221
29.400000000000002,70.11296691342268
29.425,70.15733107529547
29.450000000000003,70.20167810130101
29.475,70.2460079980572
29.5,70.29032077217933
29.525000000000002,70.33461643028024
29.55,70.37889497897015
29.575000000000003,70.4231564248567
29.6,70.46740077454506
29.625,70.51162803463778
29.650000000000002,70.55583821173494
29.675,70.60003131243394
29.700000000000003,70.64420734332968
29.725,70.68836631101462
29.75,70.73250822207862
29.775000000000002,70.77663308310888
29.8,70.82074090069024
29.825000000000003,70.8648316814048
29.85,70.90890543183222
29.875,70.95296215854982
29.900000000000002,70.997001868132
29.925,71.04102456715079
29.950000000000003,71.08503026217582
29.975,71.12901895977403
30.0,71.17299066650979
30.025000000000002,71.216945388945
30.05,71.2608831336391
30.075000000000003,71.30480390714891
30.1,71.34870771602871
30.125,71.39259456683025
30.150000000000002,71.43646446610279
30.175,71.48031742039302
30.200000000000003,71.52415343624513
30.225,71.56797252020081
30.25,71.61177467879915
30.275000000000002,71.65555991857687
30.3,71.69932824606798
30.325000000000003,71.74307966780404
30.35,71.78681419031405
30.375,71.83053182012459
30.400000000000002,71.87423256375956
30.425,71.9179164277405
30.450000000000003,71.96158341858639
30.475,72.00523354281364
30.5,72.04886680693623
30.525000000000002,72.09248321746546
30.55,72.13608278091026
30.575000000000003,72.17966550377704
30.6,72.22323139256973
30.625,72.2667804537896
30.650000000000002,72.31031269393551
30.675,72.35382811950387
30.700000000000003,72.39732673698846
30.725,72.44080855288064
30.75,72.48427357366921
30.775000000000002,72.52772180584044
30.8,72.57115325587817
30.825000000000003,72.61456793026373
30.85,72.65796583547588
30.875,72.70134697799092
30.900000000000002,72.74471136428264
30.925,72.78805900082236
30.950000000000003,72.83138989407885
30.975,72.87470405051857
31.0,72.9180014766051
31.025000000000002,72.9612821787998
31.05,73.00454616356166
31.075000000000003,73.04779343734677
31.1,73.09102400660905
31.125,73.13423787779995
31.150000000000002,73.17743505736811
31.175,73.22061555176003
31.200000000000003,73.26377936741959
31.225,73.30692651078805
31.25,73.35005698830437
31.275000000000002,73.39317080640488
31.3,73.43626797152362
31.325000000000003,73.479348490092
31.35,73.52241236853891
31.375,73.56545961329084
31.400000000000002,73.60849023077182
31.425,73.65150422740327
31.450000000000003,73.69450160960426
31.475,73.73748238379135
31.5,73.78044655637862
31.525000000000002,73.82339413377761
31.55,73.86632512239754
31.575000000000003,73.90923952864499
31.6,73.9521373589241
31.625,73.99501861963662
31.650000000000002,74.03788331718172
31.675,74.08073145795625
31.700000000000003,74.1235630483544
31.725,74.16637809476805
31.75,74.20917660358649
31.775000000000002,74.2519585811966
31.8,74.29472403398286
31.825000000000003,74.33747296832715
31.85,74.38020539060902
31.875,74.42292130720548
31.900000000000002,74.46562072449099
31.925,74.50830364883778
31.950000000000003,74.55097008661537
31.975,74.59362004419097
32.0,74.6362535279294
32.025,74.67887054419278
32.050000000000004,74.72147109934096
32.075,74.7640551997314
32.1,74.80662285171883
32.125,74.84917406165576
32.15,74.89170883589217
32.175000000000004,74.93422718077564
32.2,74.9767291026512
32.225,75.01921460786147
32.25,75.0616837027466
32.275,75.10413639364451
32.300000000000004,75.14657268689034
32.325,75.18899258881693
32.35,75.23139610575474
32.375,75.27378324403169
32.4,75.31615400997329
32.425000000000004,75.35850840990267
32.45,75.40084645014038
32.475,75.4431681370046
32.5,75.48547347681108
32.525,75.52776247587315
32.550000000000004,75.57003514050176
32.575,75.61229147700523
32.6,75.65453149168961
32.625,75.69675519085843
32.65,75.7389625808128
32.675000000000004,75.78115366785141
32.7,75.82332845827058
32.725,75.8654869583641
32.75,75.9076291744234
32.775,75.94975511273746
32.800000000000004,75.99186477959275
32.825,76.03395818127342
32.85,76.07603532406122
32.875,76.11809621423534
32.9,76.16014085807264
32.925000000000004,76.20216926184767
32.95,76.24418143183233
32.975,76.28617737429605
33.0,76.32815709550609
33.025,76.37012060172718
33.050000000000004,76.41206789922164
33.075,76.45399899424936
33.1,76.49591389306782
33.125,76.5378126019321
33.15,76.57969512709482
33.175000000000004,76.62156147480621
33.2,76.6634116513141
33.225,76.70524566286392
33.25,76.7470635156986
33.275,76.78886521605875
33.300000000000004,76.83065077018257
33.325,76.87242018430577
33.35,76.91417346466166
33.375,76.95591061748128
33.4,76.99763164899316
33.425000000000004,77.03933656542343
33.45,77.08102537299581
33.475,77.12269807793172
33.5,77.16435468644997
33.525,77.20599520476708
33.550000000000004,77.24761963909725
33.575,77.28922799565218
33.6,77.3308202806412
33.625,77.37239650027131
33.65,77.41395666074689
33.675000000000004,77.45550076827013
33.7,77.4970288290409
33.725,77.53854084925646
33.75,77.5800368351118
33.775,77.62151679279935
33.800000000000004,77.66298072850941
33.825,77.7044286484298
33.85,77.74586055874575
33.875,77.78727646564033
33.9,77.82867637529431
33.925000000000004,77.87006029388577
33.95,77.91142822759055
33.975,77.95278018258216
34.0,77.9941161650317
34.025,78.03543618110783
34.050000000000004,78.07674023697687
34.075,78.11802833880277
34.1,78.159300492747
34.125,78.20055670496882
34.15,78.24179698162503
34.175000000000004,78.28302132886998
34.2,78.32422975285569
34.225,78.365422259732
34.25,78.40659885564602
34.275,78.44775954674274
34.300000000000004,78.48890433916466
34.325,78.53003323905197
34.35,78.57114625254243
34.375,78.6122433857716
34.4,78.65332464487247
34.425000000000004,78.69439003597572
34.45,78.7354395652097
34.475,78.77647323870032
34.5,78.81749106257124
34.525,78.85849304294359
34.550000000000004,78.89947918593637
34.575,78.940449497666
34.6,78.98140398424663
34.625,79.02234265179
34.65,79.06326550640564
34.675000000000004,79.10417255420055
34.7,79.14506380127949
34.725,79.18593925374469
34.75,79.22679891769629
34.775,79.2676427992318
34.800000000000004,79.30847090444655
34.825,79.34928323943345
34.85,79.39007981028304
34.875,79.43086062308363
34.9,79.47162568392105
34.925000000000004,79.51237499887884
34.95,79.55310857403816
34.975,79.59382641547772
35.0,79.63452852927415
35.025,79.67521492150156
35.050000000000004,79.71588559823175
35.075,79.75654056553408
35.1,79.79717982947564
35.125,79.8378033961213
35.15,79.87841127153344
35.175000000000004,79.91900346177198
35.2,79.95957997289484
35.225,80.00014081095739
35.25,80.04068598201255
35.275,80.08121549211121
35.300000000000004,80.12172934730162
35.325,80.16222755362988
35.35,80.20271011713962
35.375,80.24317704387236
35.4,80.28362833986708
35.425000000000004,80.32406401116044
35.45,80.36448406378682
35.475,80.40488850377841
35.5,80.4452773371648
35.525,80.48565056997344
35.550000000000004,80.52600820822933
35.575,80.56635025795524
35.6,80.60667672517171
35.625,80.6469876158967
35.65,80.68728293614599
35.675000000000004,80.72756269193297
35.7,80.76782688926883
35.725,80.80807553416237
35.75,80.84830863262009
35.775,80.8885261906462
35.800000000000004,80.92872821424244
35.825,80.9689147094083
35.85,81.00908568214103
35.875,81.04924113843555
35.9,81.0893810842844
35.925000000000004,81.12950552567787
35.95,81.16961446860391
35.975,81.20970791904814
36.0,81.24978588299395
36.025,81.28984836642222
36.050000000000004,81.3298953753118
36.075,81.36992691563901
36.1,81.40994299337805
36.125,81.44994361450065
36.15,81.48992878497631
36.175000000000004,81.52989851077203
36.2,81.56985279785275
36.225,81.60979165218107
36.25,81.64971507971732
36.275,81.68962308641943
36.300000000000004,81.72951567824305
36.325,81.76939286114153
36.35,81.80925464106592
36.375,81.84910102396503
36.4,81.8889320157853
36.425000000000004,81.92874762247091
36.45,81.96854784996377
36.475,82.00833270420341
36.5,82.04810219112707
36.525,82.08785631666981
36.550000000000004,82.12759508676432
36.575,82.16731850734102
36.6,82.20702658432803
36.625,82.24671932365125
36.65,82.28639673123406
36.675000000000004,82.32605881299786
36.7,82.36570557486158
36.725,82.40533702274192
36.75,82.44495316255322
36.775,82.48455400020774
36.800000000000004,82.52413954161521
36.825,82.56370979268323
36.85,82.60326475931694
36.875,82.64280444741946
36.9,82.68232886289155
36.925000000000004,82.72183801163145
36.95,82.76133189953549
36.975,82.80081053249754
37.0,82.8402739164091
37.025,82.8797220571596
37.050000000000004,82.91915496063606
37.075,82.95857263272326
37.1,82.99797507930371
37.125,83.03736230625769
37.15,83.07673431946306
37.175000000000004,83.11609112479566
37.2,83.15543272812876
37.225,83.19475913533364
37.25,83.23407035227906
37.275,83.27336638483186
37.300000000000004,83.31264723885624
37.325,83.35191292021435
37.35,83.391163434766
37.375,83.43039878836882
37.4,83.46961898687803
37.425000000000004,83.5088240361468
37.45,83.54801394202583
37.475,83.58718871036368
37.5,83.62634834700661
37.525,83.66549285779865
37.550000000000004,83.70462224858153
37.575,83.74373652519473
37.6,83.78283569347558
37.625,83.82191975925899
37.65,83.86098872837773
37.675000000000004,83.90004260666231
37.7,83.93908139994087
37.725,83.97810511403952
37.75,84.01711375478199
37.775,84.05610732798966
37.800000000000004,84.0950858394819
37.825,84.13404929507561
37.85,84.1729977005856
37.875,84.21193106182429
37.9,84.25084938460198
37.925000000000004,84.28975267472673
37.95,84.32864093800428
37.975,84.36751418023806
38.0,84.40637240722947
38.025,84.4452156247775
38.050000000000004,84.48404383867897
38.075,84.52285705472853
38.1,84.56165527871846
38.125,84.60043851643884
38.15,84.63920677367751
38.175000000000004,84.67796005622013
38.2,84.71669836985002
38.225,84.75542172034845
38.25,84.79413011349429
38.275,84.83282355506418
38.300000000000004,84.87150205083267
38.325,84.91016560657195
38.35,84.94881422805203
38.375,84.98744792104075
38.400000000000006,85.02606669130355
38.425000000000004,85.06467054460381
38.45,85.10325948670267
38.475,85.14183352335894
38.5,85.1803926603293
38.525000000000006,85.21893690336806
38.550000000000004,85.25746625822758
38.575,85.29598073065779
38.6,85.33448032640642
38.625,85.37296505121914
38.650000000000006,85.41143491083919
38.675000000000004,85.44988991100756
38.7,85.48833005746329
38.725,85.52675535594305
38.75,85.56516581218128
38.775000000000006,85.60356143191012
38.800000000000004,85.64194222085972
38.825,85.68030818475795
38.85,85.7186593293302
38.875,85.75699566030008
38.900000000000006,85.79531718338872
38.925000000000004,85.83362390431503
38.95,85.87191582879589
38.975,85.9101929625458
39.0,85.94845531127707
39.025000000000006,85.98670288069997
39.050000000000004,86.02493567652226
39.075,86.06315370444985
39.1,86.10135697018616
39.125,86.13954547943266
39.150000000000006,86.17771923788837
39.175000000000004,86.21587825125026
39.2,86.25402252521305
39.225,86.29215206546928
39.25,86.33026687770928
39.275000000000006,86.36836696762118
39.300000000000004,86.406452340891
39.325,86.44452300320236
39.35,86.48257896023685
39.375,86.52062021767394
39.400000000000006,86.55864678119063
39.425000000000004,86.59665865646195
39.45,86.63465584916068
39.475,86.67263836495754
39.5,86.71060620952082
39.525000000000006,86.74855938851664
39.550000000000004,86.78649790760912
39.575,86.8244217724602
39.6,86.8623309887294
39.625,86.9002255620742
39.650000000000006,86.93810549814992
39.675000000000004,86.97597080260961
39.7,87.01382148110419
39.725,87.0516575392824
39.75,87.08947898279077
39.775000000000006,87.12728581727367
39.800000000000004,87.16507804837336
39.825,87.20285568172984
39.85,87.2406187229809
39.875,87.27836717776225
39.900000000000006,87.31610105170734
39.925000000000004,87.35382035044748
39.95,87.39152507961178
39.975,87.4292152448273
40.0,87.46689085171862
40.025000000000006,87.5045519059085
40.050000000000004,87.54219841301733
40.075,87.57983037866353
40.1,87.61744780846294
40.125,87.65505070802972
40.150000000000006,87.6926390829755
40.175000000000004,87.73021293891
40.2,87.7677722814405
40.225,87.80531711617242
40.25,87.84284744870884
40.275000000000006,87.8803632846506
40.300000000000004,87.91786462959654
40.325,87.9553514891432
40.35,87.99282386888518
40.375,88.03028177441465
40.400000000000006,88.06772521132184
40.425000000000004,88.10515418519468
40.45,88.14256870161898
40.475,88.17996876617839
40.5,88.21735438445454
40.525000000000006,88.25472556202662
40.550000000000004,88.29208230447178
40.575,88.32942461736529
40.6,88.36675250627985
40.625,88.40406597678623
40.650000000000006,88.44136503445301
40.675000000000004,88.47864968484674
40.7,88.51591993353163
40.725,88.55317578606983
40.75,88.59041724802124
40.775000000000006,88.62764432494373
40.800000000000004,88.66485702239316
40.825,88.70205534592297
40.85,88.7392393010846
40.875,88.77640889342726
40.900000000000006,88.81356412849807
40.925000000000004,88.85070501184204
40.95,88.88783154900203
40.975,88.9249437455187
41.0,88.96204160693063
41.025000000000006,88.99912513877425
41.050000000000004,89.0361943465837
41.075,89.07324923589123
41.1,89.11028981222688
41.125,89.14731608111853
41.150000000000006,89.18432804809193
41.175000000000004,89.22132571867063
41.2,89.25830909837607
41.225,89.29527819272768
41.25,89.33223300724258
41.275000000000006,89.36917354743593
41.300000000000004,89.40609981882073
41.325,89.44301182690758
41.35,89.47990957720538
41.375,89.51679307522058
41.400000000000006,89.5536623264577
41.425000000000004,89.59051733641897
41.45,89.62735811060467
41.475,89.66418465451278
41.5,89.70099697363933
41.525000000000006,89.73779507347803
41.550000000000004,89.77457895952064
41.575,89.8113486372568
41.6,89.84810411217384
41.625,89.8848453897572
41.650000000000006,89.92157247548998
41.675000000000004,89.95828537485343
41.7,89.9949840933265
41.725,90.03166863638596
41.75,90.06833900950669
41.775000000000006,90.10499521816122
41.800000000000004,90.14163726782014
41.825,90.17826516395185
41.85,90.21487891202267
41.875,90.25147851749676
41.900000000000006,90.2880639858363
41.925000000000004,90.32463532250121
41.95,90.36119253294936
41.975,90.39773562263653
42.0,90.43426459701631
42.025000000000006,90.47077946154022
42.050000000000004,90.50728022165784
42.075,90.54376688281644
42.1,90.58023945046122
42.125,90.61669793003529
42.150000000000006,90.65314232697975
42.175000000000004,90.68957264673354
42.2,90.72598889473342
42.225,90.7623910764142
42.25,90.79877919720838
42.275000000000006,90.83515326254663
42.300000000000004,90.87151327785728
42.325,90.90785924856678
42.35,90.94419118009925
42.375,90.98050907787687
42.400000000000006,91.01681294731982
42.425000000000004,91.05310279384594
42.45,91.08937862287105
42.475,91.12564043980903
42.5,91.1618882500716
42.525000000000006,91.19812205906833
42.550000000000004,91.23434187220671
42.575,91.2705476948921
42.6,91.3067395325279
42.625,91.34291739051538
42.650000000000006,91.37908127425368
42.675000000000004,91.41523118913986
42.7,91.4513671405689
42.725,91.48748913393383
42.75,91.52359717462534
42.775000000000006,91.55969126803231
42.800000000000004,91.59577141954122
42.825,91.63183763453674
42.85,91.66788991840144
42.875,91.70392827651561
42.900000000000006,91.73995271425778
42.925000000000004,91.77596323700413
42.95,91.81195985012883
42.975,91.84794255900412
43.0,91.88391136899988
43.025000000000006,91.9198662854842
43.050000000000004,91.955807313823
43.075,91.99173445938003
43.1,92.02764772751706
43.125,92.06354712359378
43.150000000000006,92.09943265296795
43.175000000000004,92.13530432099493
43.2,92.17116213302826
43.225,92.20700609441936
43.25,92.24283621051751
43.275000000000006,92.27865248667024
43.300000000000004,92.31445492822257
43.325,92.35024354051765
43.35,92.38601832889664
43.375,92.42177929869852
43.400000000000006,92.45752645526017
43.425000000000004,92.49325980391653
43.45,92.52897935000054
43.475,92.56468509884297
43.5,92.60037705577264
43.525000000000006,92.636055226116
43.550000000000004,92.67171961519777
43.575,92.70737022834055
43.6,92.74300707086473
43.625,92.77863014808895
43.650000000000006,92.81423946532938
43.675000000000004,92.84983502790051
43.7,92.8854168411145
43.725,92.92098491028179
43.75,92.95653924071038
43.775000000000006,92.99207983770657
43.800000000000004,93.02760670657432
43.825,93.06311985261567
43.85,93.09861928113062
43.875,93.13410499741714
43.900000000000006,93.16957700677123
43.925000000000004,93.20503531448664
43.95,93.24047992585523
43.975,93.27591084616667
44.0,93.31132808070878
44.025000000000006,93.34673163476712
44.050000000000004,93.3821215136254
44.075,93.41749772256526
44.1,93.45286026686632
44.125,93.488209151806
44.150000000000006,93.52354438265978
44.175000000000004,93.55886596470121
44.2,93.59417390320164
44.225,93.62946820343038
44.25,93.66474887065489
44.275000000000006,93.70001591014042
44.300000000000004,93.73526932715026
44.325,93.77050912694564
44.35,93.80573531478571
44.375,93.8409478959278
44.400000000000006,93.87614687562696
44.425000000000004,93.91133225913632
44.45,93.9465040517069
44.475,93.98166225858787
44.5,94.01680688502637
44.525000000000006,94.05193793626728
44.550000000000004,94.0870554175536
44.575,94.12215933412621
44.6,94.15724969122405
44.625,94.19232649408418
44.650000000000006,94.22738974794143
44.675000000000004,94.26243945802871
44.7,94.29747562957677
44.725,94.33249826781456
44.75,94.36750737796883
44.775000000000006,94.40250296526433
44.800000000000004,94.43748503492391
44.825,94.47245359216826
44.85,94.50740864221625
44.875,94.54235019028448
44.900000000000006,94.57727824158763
44.925000000000004,94.61219280133861
44.95,94.64709387474792
44.975,94.68198146702433
45.0,94.7168555833744
45.025000000000006,94.7517162290029
45.050000000000004,94.78656340911235
45.075,94.82139712890348
45.1,94.8562173935749
45.125,94.89102420832327
45.150000000000006,94.92581757834314
45.175000000000004,94.96059750882722
45.2,94.99536400496602
45.225,95.0301170719481
45.25,95.06485671496011
45.275000000000006,95.09958293918666
45.300000000000004,95.13429574981026
45.325,95.16899515201159
45.35,95.20368115096916
45.375,95.23835375185956
45.400000000000006,95.27301295985747
45.425000000000004,95.30765878013537
45.45,95.34229121786396
45.475,95.37691027821171
45.5,95.41151596634543
45.525000000000006,95.44610828742957
45.550000000000004,95.48068724662677
45.575,95.5152528490976
45.6,95.54980510000063
45.625,95.58434400449262
45.650000000000006,95.61886956772815
45.675000000000004,95.65338179485995
45.7,95.68788069103871
45.725,95.7223662614129
45.75,95.75683851112937
45.775000000000006,95.79129744533277
45.800000000000004,95.8257430691658
45.825,95.86017538776923
45.85,95.89459440628181
45.875,95.92900012984025
45.900000000000006,95.9633925635793
45.925000000000004,95.9977717126317
45.95,96.03213758212846
45.975,96.06649017719828
46.0,96.100829502968
46.025000000000006,96.13515556456252
46.050000000000004,96.1694683671047
46.075,96.20376791571542
46.1,96.23805421551356
46.125,96.27232727161619
46.150000000000006,96.30658708913832
46.175000000000004,96.34083367319278
46.2,96.3750670288908
46.225,96.40928716134134
46.25,96.44349407565149
46.275000000000006,96.47768777692622
46.300000000000004,96.51186827026896
46.325,96.54603556078068
46.35,96.58018965356061
46.375,96.61433055370607
46.400000000000006,96.64845826631225
46.425000000000004,96.68257279647243
46.45,96.7166741492779
46.475,96.75076232981813
46.5,96.78483734318043
46.525000000000006,96.81889919445018
46.550000000000004,96.85294788871096
46.575,96.88698343104424
46.6,96.92100582652947
46.625,96.9550150802444
46.650000000000006,96.98901119726465
46.675000000000004,97.02299418266375
46.7,97.05696404151337
46.725,97.09092077888346
46.75,97.12486439984166
46.775000000000006,97.15879490945375
46.800000000000004,97.19271231278366
46.825,97.22661661489333
46.85,97.26050782084269
46.875,97.29438593568979
46.900000000000006,97.32825096449064
46.925000000000004,97.36210291229943
46.95,97.39594178416824
46.975,97.42976758514737
47.0,97.46358032028488
47.025000000000006,97.49737999462722
47.050000000000004,97.53116661321866
47.075,97.5649401811017
47.1,97.5987007033167
47.125,97.63244818490226
47.150000000000006,97.66618263089488
47.175000000000004,97.69990404632917
47.2,97.73361243623785
47.225,97.76730780565161
47.25,97.80099015959924
47.275000000000006,97.8346595031076
47.300000000000004,97.86831584120165
47.325,97.90195917890433
47.35,97.93558952123672
47.375,97.96920687321777
47.400000000000006,98.0028112398647
47.425000000000004,98.03640262619265
47.45,98.06998103721503
47.475,98.10354647794313
47.5,98.13709895338643
47.525000000000006,98.17063846855227
47.550000000000004,98.2041650284462
47.575,98.23767863807181
47.6,98.27117930243087
47.625,98.30466702652302
47.650000000000006,98.33814181534618
47.675000000000004,98.3716036738962
47.7,98.40505260716705
47.725,98.4384886201506
47.75,98.47191171783707
47.775000000000006,98.50532190521467
47.800000000000004,98.53871918726958
47.825,98.57210356898615
47.85,98.60547505534673
47.875,98.63883365133172
47.900000000000006,98.67217936191973
47.925000000000004,98.70551219208748
47.95,98.73883214680964
47.975,98.7721392310589
48.0,98.80543344980619
48.025000000000006,98.83871480802036
48.050000000000004,98.87198331066841
48.075,98.9052389627156
48.1,98.93848176912515
48.125,98.97171173485806
48.150000000000006,99.0049288648739
48.175000000000004,99.03813316413004
48.2,99.07132463758194
48.225,99.10450329018339
48.25,99.137669126886
48.275000000000006,99.17082215263949
48.300000000000004,99.20396237239179
48.325,99.23708979108885
48.35,99.27020441367473
48.375,99.30330624509159
48.400000000000006,99.33639529027973
48.425000000000004,99.36947155417727
48.45,99.4025350417208
48.475,99.43558575784479
48.5,99.46862370748192
48.525000000000006,99.50164889556277
48.550000000000004,99.53466132701617
48.575,99.56766100676913
48.6,99.60064793974657
48.625,99.6336221308716
48.650000000000006,99.66658358506538
48.675000000000004,99.69953230724724
48.7,99.73246830233454
48.725,99.76539157524272
48.75,99.79830213088542
48.775000000000006,99.83119997417444
48.800000000000004,99.86408511001946
48.825,99.89695754332845
48.85,99.92981727900742
48.875,99.9626643219604
48.900000000000006,99.99549867708964
48.925000000000004,100.0283203492956
48.95,100.06112934347668
48.975,100.09392566452937
49.0,100.12670931734817
49.025000000000006,100.15948030682604
49.050000000000004,100.19223863785382
49.075,100.22498431532057
49.1,100.25771734411323
49.125,100.29043772911717
49.150000000000006,100.32314547521558
49.175000000000004,100.35584058728993
49.2,100.38852307021973
49.225,100.42119292888285
49.25,100.45385016815493
49.275000000000006,100.4864947929099
49.300000000000004,100.51912680801976
49.325,100.55174621835462
49.35,100.5843530287828
49.375,100.61694724417069
49.400000000000006,100.6495288693827
49.425000000000004,100.6820979092816
49.45,100.71465436872798
49.475,100.74719825258074
49.5,100.77972956569701
49.525000000000006,100.81224831293181
49.550000000000004,100.84475449913842
49.575,100.87724812916812
49.6,100.90972920787053
49.625,100.94219774009319
49.650000000000006,100.97465373068174
49.675000000000004,101.00709718448026
49.7,101.03952810633061
49.725,101.07194650107303
49.75,101.1043523735457
49.775000000000006,101.13674572858498
49.800000000000004,101.16912657102559
49.825,101.20149490570016
49.85,101.23385073743941
49.875,101.26619407107232
49.900000000000006,101.29852491142596
49.925000000000004,101.3308432633254
49.95,101.36314913159413
49.975,101.39544252105351
50.0,101.42772343652332
50.025000000000006,101.45999188282117
50.050000000000004,101.49224786476309
50.075,101.5244913871631
50.1,101.55672245483325
50.125,101.58894107258396
50.150000000000006,101.62114724522365
50.175000000000004,101.65334097755898
50.2,101.68552227439457
50.225,101.71769114053346
50.25,101.7498475807767
50.275000000000006,101.78199159992337
50.300000000000004,101.8141232027709
50.325,101.84624239411467
50.35,101.87834917874837
50.375,101.91044356146368
50.400000000000006,101.94252554705065
50.425000000000004,101.97459514029734
50.45,102.00665234598995
50.475,102.03869716891289
50.5,102.07072961384866
50.525000000000006,102.10274968557799
50.550000000000004,102.13475738887956
50.575,102.16675272853064
50.6,102.19873570930613
50.625,102.23070633597946
50.650000000000006,102.26266461332207
50.675000000000004,102.29461054610356
50.7,102.32654413909171
50.725,102.35846539705248
50.75,102.39037432474994
50.775000000000006,102.42227092694641
50.800000000000004,102.45415520840216
50.825,102.48602717387594
50.85,102.51788682812442
50.875,102.54973417590246
50.900000000000006,102.58156922196315
50.925000000000004,102.61339197105778
50.95,102.64520242793573
50.975,102.67700059734454
51.0,102.70878648403004
51.025000000000006,102.74056009273596
51.050000000000004,102.77232142820448
51.075,102.80407049517581
51.1,102.8358072983883
51.125,102.86753184257864
51.150000000000006,102.89924413248156
51.175000000000004,102.93094417282994
51.2,102.96263196835488
51.225,102.99430752378557
51.25,103.02597084384945
51.275000000000006,103.05762193327226
51.300000000000004,103.0892607967777
51.325,103.12088743908782
51.35,103.15250186492266
51.375,103.18410407900052
51.400000000000006,103.21569408603794
51.425000000000004,103.24727189074957
51.45,103.27883749784836
51.475,103.31039091204529
51.5,103.34193213804953
51.525000000000006,103.3734611805685
51.550000000000004,103.40497804430773
51.575,103.4364827339711
51.6,103.46797525426051
51.625,103.499455609876
51.650000000000006,103.53092380551597
51.675000000000004,103.5623798458769
51.7,103.59382373565354
51.725,103.62525547953871
51.75,103.65667508222339
51.775000000000006,103.68808254839698
51.800000000000004,103.71947788274673
51.825,103.75086108995842
51.85,103.7822321747159
51.875,103.81359114170115
51.900000000000006,103.84493799559432
51.925000000000004,103.87627274107379
51.95,103.9075953828161
51.975,103.93890592549614
52.0,103.97020437378697
52.025000000000006,104.00149073235957
52.050000000000004,104.03276500588332
52.075,104.06402719902586
52.1,104.095277316453
52.125,104.12651536282873
52.150000000000006,104.15774134281503
52.175000000000004,104.18895526107232
52.2,104.22015712225928
52.225,104.25134693103254
52.25,104.28252469204719
52.275000000000006,104.31369040995632
52.300000000000004,104.34484408941125
52.325,104.37598573506163
52.35,104.4071153515552
52.375,104.43823294353797
52.400000000000006,104.46933851565414
52.425000000000004,104.50043207254616
52.45,104.53151361885449
52.475,104.56258315921808
52.5,104.59364069827384
52.525000000000006,104.62468624065706
52.550000000000004,104.65571979100116
52.575,104.68674135393775
52.6,104.71775093409676
52.625,104.74874853610629
52.650000000000006,104.77973416459251
52.675000000000004,104.81070782418003
52.7,104.8416695194915
52.725,104.8726192551478
52.75,104.90355703576827
52.775000000000006,104.93448286597015
52.800000000000004,104.96539675036901
52.825,104.99629869357858
52.85,105.02718870021093
52.875,105.05806677487641
52.900000000000006,105.08893292218328
52.925000000000004,105.11978714673826
52.95,105.15062945314635
52.975,105.18145984601065
53.0,105.21227832993249
53.025000000000006,105.2430849095112
53.050000000000004,105.27387958934482
53.075,105.30466237402939
53.1,105.33543326815897
53.125,105.36619227632619
53.150000000000006,105.39693940312165
53.175000000000004,105.42767465313425
53.2,105.45839803095114
53.225,105.48910954115773
53.25,105.51980918833766
53.275000000000006,105.55049697707257
53.300000000000004,105.58117291194273
53.325,105.6118369975263
53.35,105.64248923839978
53.375,105.67312963913817
53.400000000000006,105.7037582043143
53.425000000000004,105.73437493849936
53.45,105.76497984626278
53.475,105.79557293217235
53.5,105.82615420079408
53.525000000000006,105.85672365669197
53.550000000000004,105.88728130442841
53.575,105.91782714856413
53.6,105.94836119365799
53.625,105.97888344426713
53.650000000000006,106.00939390494698
53.675000000000004,106.03989258025106
53.7,106.07037947473123
53.725,106.10085459293765
53.75,106.13131793941852
53.775000000000006,106.16176951872046
53.800000000000004,106.19220933538837
53.825,106.22263739396521
53.85,106.25305369899237
53.875,106.28345825500928
53.900000000000006,106.31385106655391
53.925000000000004,106.34423213816214
53.95,106.37460147436836
53.975,106.40495907970518
54.0,106.43530495870341
54.025000000000006,106.46563911589193
54.050000000000004,106.49596155579812
54.075,106.52627228294759
54.1,106.5565713018641
54.125,106.58685861706974
54.150000000000006,106.61713423308476
54.175000000000004,106.64739815442776
54.2,106.67765038561556
54.225,106.70789093116322
54.25,106.738119795584
54.275000000000006,106.76833698338959
54.300000000000004,106.7985424990898
54.325,106.82873634719269
54.35,106.85891853220478
54.375,106.88908905863063
54.400000000000006,106.91924793097311
54.425000000000004,106.94939515373324
54.45,106.97953073141058
54.475,107.00965466850272
54.5,107.03976696950569
54.525000000000006,107.0698676389136
54.550000000000004,107.09995668121896
54.575,107.13003410091252
54.6,107.16009990248324
54.625,107.19015409041835
54.650000000000006,107.22019666920337
54.675000000000004,107.25022764332213
54.7,107.28024701725661
54.725,107.31025479548737
54.75,107.34025098249283
54.775000000000006,107.37023558274986
54.800000000000004,107.40020860073358
54.825,107.43017004091755
54.85,107.46011990777333
54.875,107.49005820577092
54.900000000000006,107.51998493937856
54.925000000000004,107.54990011306275
54.95,107.57980373128825
54.975,107.6096957985183
55.0,107.63957631921409
55.025000000000006,107.66944529783524
55.050000000000004,107.69930273883955
55.075,107.72914864668329
55.1,107.75898302582101
55.125,107.78880588070528
55.150000000000006,107.81861721578723
55.175000000000004,107.84841703551609
55.2,107.8782053443394
55.225,107.907982146703
55.25,107.93774744705124
55.275000000000006,107.96750124982634
55.300000000000004,107.99724355946898
55.325,108.02697438041827
55.35,108.05669371711151
55.375,108.08640157398415
55.400000000000006,108.11609795547008
55.425000000000004,108.14578286600153
55.45,108.17545631000894
55.475,108.20511829192075
55.5,108.23476881616422
55.525000000000006,108.26440788716467
55.550000000000004,108.29403550934559
55.575,108.32365168712884
55.6,108.35325642493477
55.625,108.38284972718174
55.650000000000006,108.4124315982864
55.675000000000004,108.44200204266392
55.7,108.47156106472765
55.725,108.50110866888922
55.75,108.53064485955855
55.775000000000006,108.5601696411438
55.800000000000004,108.58968301805166
55.825,108.61918499468693
55.85,108.6486755754528
55.875,108.67815476475054
55.900000000000006,108.70762256697995
55.925000000000004,108.73707898653922
55.95,108.7665240278245
55.975,108.79595769523041
56.0,108.82537999315002
56.025000000000006,108.85479092597458
56.050000000000004,108.88419049809356
56.075,108.91357871389478
56.1,108.94295557776461
56.125,108.9723210940873
56.150000000000006,109.00167526724567
56.175000000000004,109.03101810162084
56.2,109.0603496015923
56.225,109.08966977153756
56.25,109.1189786158327
56.275000000000006,109.14827613885205
56.300000000000004,109.17756234496827
56.325,109.20683723855225
56.35,109.23610082397323
56.375,109.26535310559885
56.400000000000006,109.29459408779492
56.425000000000004,109.32382377492566
56.45,109.35304217135356
56.475,109.38224928143951
56.5,109.41144510954253
56.525000000000006,109.44062966002022
56.550000000000004,109.46980293722827
56.575,109.49896494552065
56.6,109.52811568924993
56.625,109.55725517276689
56.650000000000006,109.58638340042049
56.675000000000004,109.61550037655807
56.7,109.64460610552547
56.725,109.67370059166653
56.75,109.70278383932367
56.775000000000006,109.73185585283751
56.800000000000004,109.76091663654715
56.825,109.78996619478973
56.85,109.81900453190087
56.875,109.84803165221469
56.900000000000006,109.87704756006342
56.925000000000004,109.90605225977761
56.95,109.93504575568615
56.975,109.96402805211643
57.0,109.99299915339392
57.025000000000006,110.02195906384279
57.050000000000004,110.05090778778514
57.075,110.07984532954156
57.1,110.10877169343078
57.125,110.13768688377034
57.150000000000006,110.16659090487576
57.175000000000004,110.19548376106091
57.2,110.22436545663804
57.225,110.2532359959177
57.25,110.28209538320887
57.275000000000006,110.31094362281875
57.300000000000004,110.33978071905305
57.325,110.36860667621556
57.35,110.3974214986086
57.375,110.4262251905328
57.400000000000006,110.45501775628712
57.425000000000004,110.48379920016878
57.45,110.51256952647348
57.475,110.5413287394952
57.5,110.5700768435262
57.525000000000006,110.59881384285707
57.550000000000004,110.62753974177697
57.575,110.65625454457303
57.6,110.68495825553114
57.625,110.71365087893521
57.650000000000006,110.74233241906765
57.675000000000004,110.77100288020922
57.7,110.79966226663893
57.725,110.82831058263423
57.75,110.85694783247085
57.775000000000006,110.88557402042298
57.800000000000004,110.91418915076301
57.825,110.94279322776177
57.85,110.9713862556883
57.875,110.99996823881033
57.900000000000006,111.02853918139358
57.925000000000004,111.05709908770233
57.95,111.08564796199906
57.975,111.11418580854485
58.0,111.14271263159893
58.025000000000006,111.17122843541884
58.050000000000004,111.19973322426074
58.075,111.22822700237901
58.1,111.25670977402615
58.125,111.28518154345338
58.150000000000006,111.31364231490997
58.175000000000004,111.34209209264382
58.2,111.37053088090106
58.225,111.39895868392615
58.25,111.42737550596202
58.275000000000006,111.45578135124966
58.300000000000004,111.48417622402901
58.325,111.51256012853776
58.35,111.54093306901225
58.375,111.5692950496872
58.400000000000006,111.5976460747957
58.425000000000004,111.6259861485692
58.45,111.65431527523735
58.475,111.68263345902841
58.5,111.71094070416886
58.525000000000006,111.73923701488351
58.550000000000004,111.76752239539555
58.575,111.79579684992666
58.6,111.82406038269677
58.625,111.8523129979243
58.650000000000006,111.88055469982594
58.675000000000004,111.90878549261681
58.7,111.93700538051043
58.725,111.96521436771853
58.75,111.99341245845129
58.775000000000006,112.02159965691752
58.800000000000004,112.04977596732397
58.825,112.07794139387606
58.85,112.10609594077752
58.875,112.13423961223043
58.900000000000006,112.16237241243525
58.925000000000004,112.19049434559074
58.95,112.21860541589426
58.975,112.24670562754126
59.0,112.2747949847259
59.025000000000006,112.30287349164048
59.050000000000004,112.33094115247572
59.075,112.35899797142072
59.1,112.38704395266309
59.125,112.41507910038865
59.150000000000006,112.44310341878163
59.175000000000004,112.4711169120247
59.2,112.49911958429894
59.225,112.52711143978378
59.25,112.55509248265705
59.275000000000006,112.58306271709498
59.300000000000004,112.61102214727207
59.325,112.63897077736138
59.35,112.66690861153427
59.375,112.69483565396044
59.400000000000006,112.72275190880814
59.425000000000004,112.75065738024382
59.45,112.7785520724324
59.475,112.80643598953708
59.5,112.83430913571978
59.525000000000006,112.86217151514042
59.550000000000004,112.89002313195772
59.575,112.91786399032844
59.6,112.94569409440781
59.625,112.97351344834962
59.650000000000006,113.00132205630597
59.675000000000004,113.02911992242718
59.7,113.05690705086229
59.725,113.08468344575853
59.75,113.11244911126143
59.775000000000006,113.14020405151518
59.800000000000004,113.16794827066222
59.825,113.19568177284337
59.85,113.22340456219803
59.875,113.2511166428638
59.900000000000006,113.2788180189767
59.925000000000004,113.30650869467115
59.95,113.3341886740801
59.975,113.36185796133488
60.0,113.38951656056517
60.025000000000006,113.41716447589896
60.050000000000004,113.44480171146296
60.075,113.47242827138192
60.1,113.5000441597792
60.125,113.52764938077638
60.150000000000006,113.55524393849372
60.175000000000004,113.5828278370497
60.2,113.6104010805613
60.225,113.63796367314387
60.25,113.6655156189111
60.275000000000006,113.6930569219753
60.300000000000004,113.72058758644695
60.325,113.74810761643506
60.35,113.77561701604716
60.375,113.803115789389
60.400000000000006,113.83060394056477
60.425000000000004,113.85808147367716
60.45,113.88554839282727
60.475,113.9130047021146
60.5,113.94045040563708
60.525000000000006,113.96788550749102
60.550000000000004,113.99531001177111
60.575,114.02272392257049
60.6,114.05012724398088
60.625,114.07751998009225
60.650000000000006,114.10490213499291
60.675000000000004,114.13227371276975
60.7,114.15963471750807
60.725,114.18698515329156
60.75,114.21432502420241
60.775000000000006,114.24165433432097
60.800000000000004,114.26897308772628
60.825,114.29628128849573
60.85,114.32357894070515
60.875,114.3508660484287
60.900000000000006,114.37814261573902
60.925000000000004,114.40540864670722
60.95,114.43266414540294
60.975,114.45990911589406
61.0,114.48714356224694
61.025000000000006,114.51436748852647
61.050000000000004,114.54158089879586
61.075,114.56878379711654
61.1,114.59597618754881
61.125,114.6231580741511
61.150000000000006,114.65032946098043
61.175000000000004,114.67749035209222
61.2,114.70464075154035
61.225,114.73178066337708
61.25,114.758910091653
61.275000000000006,114.78602904041729
61.300000000000004,114.81313751371748
61.325,114.84023551559974
61.35,114.86732305010827
61.375,114.89440012128611
61.400000000000006,114.92146673317451
61.425000000000004,114.94852288981328
61.45,114.97556859524066
61.475,115.0026038534932
61.5,115.02962866860601
61.525000000000006,115.05664304461266
61.550000000000004,115.0836469855451
61.575,115.1106404954337
61.6,115.13762357830723
61.625,115.16459623819313
61.650000000000006,115.19155847911712
61.675000000000004,115.21851030510342
61.7,115.2454517201746
61.725,115.27238272835173
61.75,115.2993033336544
61.775000000000006,115.32621354010053
61.800000000000004,115.3531133517065
61.825,115.38000277248734
61.85,115.40688180645631
61.875,115.43375045762525
61.900000000000006,115.46060873000414
61.925000000000004,115.48745662760172
61.95,115.51429415442534
61.975,115.54112131448049
62.0,115.56793811177106
62.025000000000006,115.59474455029967
62.050000000000004,115.62154063406713
62.075,115.64832636707297
62.1,115.67510175331502
62.125,115.70186679678952
62.150000000000006,115.72862150149125
62.175000000000004,115.75536587141353
62.2,115.78209991054798
62.225,115.80882362288462
62.25,115.83553701241225
62.275000000000006,115.86224008311773
62.300000000000004,115.88893283898673
62.325,115.91561528400322
62.35,115.94228742214955
62.375,115.96894925740658
62.400000000000006,115.99560079375388
62.425000000000004,116.02224203516903
62.45,116.04887298562849
62.475,116.07549364910687
62.5,116.10210402957752
62.525000000000006,116.1287041310121
62.550000000000004,116.1552939573808
62.575,116.18187351265223
62.6,116.20844280079346
62.625,116.2350018257701
62.650000000000006,116.26155059154598
62.675000000000004,116.28808910208376
62.7,116.31461736134436
62.725,116.34113537328719
62.75,116.3676431418702
62.775000000000006,116.39414067104987
62.800000000000004,116.42062796478086
62.825,116.44710502701653
62.85,116.4735718617087
62.875,116.5000284728077
62.900000000000006,116.52647486426216
62.925000000000004,116.55291104001934
62.95,116.57933700402492
62.975,116.60575276022321
63.0,116.63215831255664
63.025000000000006,116.65855366496636
63.050000000000004,116.68493882139198
63.075,116.71131378577178
63.1,116.73767856204219
63.125,116.76403315413829
63.150000000000006,116.79037756599347
63.175000000000004,116.81671180153995
63.2,116.84303586470799
63.225,116.86934975942657
63.25,116.89565348962317
63.275000000000006,116.92194705922375
63.300000000000004,116.94823047215284
63.325,116.97450373233318
63.35,117.00076684368621
63.375,117.02701981013173
63.400000000000006,117.05326263558831
63.425000000000004,117.07949532397257
63.45,117.1057178791999
63.475,117.13193030518414
63.5,117.1581326058377
63.525000000000006,117.1843247850712
63.550000000000004,117.21050684679392
63.575,117.23667879491381
63.6,117.26284063333708
63.625,117.28899236596835
63.650000000000006,117.31513399671101
63.675000000000004,117.34126552946675
63.7,117.36738696813586
63.725,117.39349831661694
63.75,117.4195995788073
63.775000000000006,117.44569075860272
63.800000000000004,117.47177185989736
63.825,117.49784288658392
63.85,117.52390384255374
63.875,117.54995473169625
63.900000000000006,117.57599555789992
63.925000000000004,117.60202632505137
63.95,117.62804703703578
63.975,117.65405769773685
64.0,117.68005831103666
64.025,117.70604888081616
64.05,117.73202941095441
64.075,117.75799990532911
64.10000000000001,117.78396036781656
64.125,117.80991080229133
64.15,117.83585121262668
64.175,117.8617816026944
64.2,117.88770197636465
64.22500000000001,117.91361233750615
64.25,117.93951268998619
64.275,117.96540303767043
64.3,117.99128338442321
64.325,118.01715373410727
64.35000000000001,118.04301409058375
64.375,118.06886445771262
64.4,118.0947048393521
64.425,118.12053523935894
64.45,118.14635566158846
64.47500000000001,118.17216610989443
64.5,118.1979665881293
64.525,118.22375710014377
64.55,118.24953764978733
64.575,118.27530824090778
64.60000000000001,118.30106887735141
64.625,118.32681956296322
64.65,118.3525603015867
64.675,118.37829109706352
64.7,118.40401195323432
64.72500000000001,118.42972287393796
64.75,118.45542386301202
64.775,118.48111492429248
64.8,118.50679606161377
64.825,118.53246727880904
64.85000000000001,118.55812857970979
64.875,118.58377996814596
64.9,118.60942144794635
64.925,118.63505302293801
64.95,118.66067469694651
64.97500000000001,118.68628647379596
65.0,118.71188835730928
65.025,118.73748035130748
65.05,118.76306245961034
65.075,118.78863468603606
65.10000000000001,118.81419703440152
65.125,118.83974950852203
65.15,118.86529211221129
65.175,118.89082484928171
65.2,118.91634772354425
65.22500000000001,118.94186073880827
65.25,118.96736389888186
65.275,118.99285720757123
65.3,119.01834066868163
65.325,119.04381428601643
65.35000000000001,119.0692780633778
65.375,119.09473200456621
65.4,119.12017611338106
65.425,119.14561039361972
65.45,119.17103484907855
65.47500000000001,119.19644948355223
65.5,119.221854300834
65.525,119.24724930471574
65.55,119.27263449898771
65.575,119.29800988743892
65.60000000000001,119.32337547385673
65.625,119.34873126202696
65.65,119.37407725573412
65.675,119.39941345876139
65.7,119.42473987489026
65.72500000000001,119.45005650790074
65.75,119.47536336157143
65.775,119.50066043967958
65.8,119.52594774600104
65.825,119.5512252843101
65.85000000000001,119.5764930583794
65.875,119.60175107198037
65.9,119.62699932888287
65.925,119.65223783285535
65.95,119.67746658766487
65.97500000000001,119.70268559707694
66.0,119.72789486485547
66.025,119.75309439476324
66.05,119.77828419056131
66.075,119.80346425600953
66.10000000000001,119.82863459486622
66.125,119.8537952108881
66.15,119.87894610783054
66.175,119.90408728944735
66.2,119.92921875949096
66.22500000000001,119.9543405217125
66.25,119.9794525798616
66.275,120.00455493768641
66.3,120.0296475989335
66.325,120.05473056734809
66.35000000000001,120.07980384667385
66.375,120.10486744065328
66.4,120.12992135302724
66.425,120.15496558753507
66.45,120.18000014791488
66.47500000000001,120.20502503790318
66.5,120.23004026123508
66.525,120.25504582164436
66.55,120.28004172286305
66.575,120.30502796862197
66.60000000000001,120.33000456265063
66.625,120.35497150867674
66.65,120.37992881042697
66.675,120.40487647162608
66.7,120.42981449599785
66.72500000000001,120.45474288726439
66.75,120.47966164914625
66.775,120.50457078536301
66.8,120.5294702996324
66.825,120.55436019567077
66.85000000000001,120.57924047719311
66.875,120.60411114791289
66.9,120.62897221154235
66.925,120.65382367179205
66.95,120.6786655323711
66.97500000000001,120.70349779698755
67.0,120.72832046934765
67.025,120.7531335531564
67.05,120.77793705211714
67.075,120.80273096993214
67.10000000000001,120.82751531030199
67.125,120.85229007692574
67.15,120.87705527350144
67.175,120.90181090372529
67.2,120.92655697129233
67.22500000000001,120.95129347989591
67.25,120.97602043322816
67.275,121.00073783497979
67.3,121.02544568884001
67.325,121.05014399849665
67.35000000000001,121.074832767636
67.375,121.09951199994312
67.4,121.12418169910167
67.425,121.14884186879355
67.45,121.17349251269951
67.47500000000001,121.19813363449876
67.5,121.22276523786905
67.525,121.24738732648703
67.55,121.27199990402764
67.575,121.29660297416443
67.60000000000001,121.32119654056957
67.625,121.34578060691388
67.65,121.3703551768667
67.675,121.39492025409591
67.7,121.419475842268
67.72500000000001,121.44402194504804
67.75,121.46855856609957
67.775,121.49308570908502
67.8,121.51760337766521
67.825,121.54211157549955
67.85000000000001,121.56661030624596
67.875,121.5910995735612
67.9,121.61557938110047
67.925,121.64004973251751
67.95,121.6645106314646
67.97500000000001,121.68896208159266
68.0,121.71340408655131
68.025,121.73783664998862
68.05,121.76225977555143
68.075,121.78667346688498
68.10000000000001,121.8110777276332
68.125,121.83547256143865
68.15,121.85985797194242
68.175,121.884233962784
68.2,121.9086005376019
68.22500000000001,121.932957700033
68.25,121.9573054537127
68.275,121.98164380227517
68.3,122.00597274935278
68.325,122.03029229857702
68.35000000000001,122.0546024535778
68.375,122.07890321798354
68.4,122.1031945954212
68.425,122.12747658951662
68.45,122.15174920389394
68.47500000000001,122.17601244217595
68.5,122.20026630798421
68.525,122.22451080493882
68.55,122.24874593665831
68.575,122.27297170676002
68.60000000000001,122.29718811885988
68.625,122.32139517657234
68.65,122.34559288351046
68.675,122.36978124328591
68.7,122.3939602595089
68.72500000000001,122.41812993578849
68.75,122.44229027573202
68.775,122.46644128294574
68.8,122.49058296103418
68.825,122.51471531360082
68.85000000000001,122.53883834424754
68.875,122.56295205657484
68.9,122.58705645418198
68.925,122.61115154066663
68.95,122.63523731962509
68.97500000000001,122.65931379465246
69.0,122.68338096934237
69.025,122.70743884728698
69.05,122.7314874320771
69.075,122.75552672730207
69.10000000000001,122.77955673655003
69.125,122.80357746340765
69.15,122.82758891146014
69.175,122.85159108429136
69.2,122.87558398548383
69.22500000000001,122.89956761861873
69.25,122.92354198727591
69.275,122.94750709503346
69.3,122.97146294546862
69.325,122.9954095421567
69.35000000000001,123.0193468886722
69.375,123.04327498858784
69.4,123.06719384547505
69.425,123.09110346290375
69.45,123.1150038444429
69.47500000000001,123.13889499365968
69.5,123.16277691412
69.525,123.18664960938857
69.55,123.21051308302857
69.575,123.23436733860156
69.60000000000001,123.25821237966817
69.625,123.28204820978748
69.65,123.30587483251706
69.675,123.32969225141325
69.7,123.35350047003105
69.72500000000001,123.37729949192395
69.75,123.40108932064416
69.775,123.42486995974257
69.8,123.44864141276851
69.825,123.47240368327013
69.85000000000001,123.49615677479419
69.875,123.51990069088588
69.9,123.54363543508923
69.925,123.567361010947
69.95,123.5910774220002
69.97500000000001,123.61478467178878
70.0,123.63848276385131
70.025,123.66217170172472
70.05,123.68585148894496
70.075,123.70952212904635
70.10000000000001,123.73318362556199
70.125,123.75683598202356
70.15,123.78047920196128
70.175,123.80411328890415
70.2,123.82773824637971
70.22500000000001,123.85135407791421
70.25,123.87496078703249
70.275,123.89855837725807
70.3,123.92214685211295
70.325,123.94572621511813
70.35000000000001,123.96929646979287
70.375,123.9928576196553
70.4,124.01640966822202
70.425,124.03995261900847
70.45,124.06348647552853
70.47500000000001,124.08701124129502
70.5,124.1105269198189
70.525,124.13403351461027
70.55,124.15753102917759
70.575,124.18101946702818
70.60000000000001,124.2044988316679
70.625,124.22796912660115
70.65,124.25143035533104
70.675,124.27488252135959
70.7,124.298325628187
70.72500000000001,124.32175967931244
70.75,124.34518467823352
70.775,124.36860062844671
70.8,124.3920075334471
70.825,124.41540539672833
70.85000000000001,124.43879422178271
70.875,124.46217401210133
70.9,124.48554477117361
70.925,124.50890650248793
70.95,124.53225920953125
70.97500000000001,124.55560289578925
71.0,124.5789375647461
71.025,124.6022632198846
71.05,124.6255798646864
71.075,124.64888750263184
71.10000000000001,124.67218613719966
71.125,124.69547577186728
71.15,124.71875641011101
71.175,124.74202805540578
71.2,124.76529071122485
71.22500000000001,124.78854438104052
71.25,124.81178906832349
71.275,124.83502477654346
71.3,124.85825150916845
71.325,124.8814692696651
71.35000000000001,124.90467806149901
71.375,124.92787788813428
71.4,124.95106875303375
71.425,124.97425065965884
71.45,124.99742361146966
71.47500000000001,125.02058761192487
71.5,125.04374266448198
71.525,125.06688877259715
71.55,125.09002593972501
71.575,125.11315416931912
71.60000000000001,125.13627346483148
71.625,125.15938382971292
71.65,125.1824852674128
71.675,125.20557778137932
71.7,125.22866137505919
71.72500000000001,125.2517360518979
71.75,125.27480181533939
71.775,125.29785866882652
71.8,125.32090661580074
71.825,125.34394565970237
71.85000000000001,125.36697580396999
71.875,125.38999705204098
71.9,125.41300940735161
71.925,125.43601287333676
71.95,125.45900745342965
71.97500000000001,125.48199315106265
72.0,125.50496996966652
72.025,125.52793791267077
72.05,125.55089698350348
72.075,125.57384718559172
72.10000000000001,125.59678852236092
72.125,125.61972099723532
72.15,125.64264461363759
72.175,125.6655593749896
72.2,125.68846528471141
72.22500000000001,125.71136234622188
72.25,125.73425056293891
72.275,125.75712993827857
72.3,125.7800004756557
72.325,125.80286217848406
72.35000000000001,125.82571505017606
72.375,125.84855909414274
72.4,125.87139431379362
72.425,125.89422071253715
72.45,125.91703829378038
72.47500000000001,125.93984706092914
72.5,125.96264701738774
72.525,125.98543816655938
72.55,126.00822051184566
72.575,126.0309940566473
72.60000000000001,126.05375880436341
72.625,126.07651475839178
72.65,126.09926192212897
72.675,126.12200029897024
72.7,126.14472989230954
72.72500000000001,126.16745070553944
72.75,126.1901627420513
72.775,126.21286600523503
72.8,126.23556049847939
72.825,126.25824622517162
72.85000000000001,126.28092318869778
72.875,126.30359139244291
72.9,126.32625083979026
72.925,126.34890153412194
72.95,126.37154347881894
72.97500000000001,126.39417667726053
73.0,126.41680113282526
73.025,126.43941684888975
73.05,126.46202382882989
73.075,126.48462207601982
73.10000000000001,126.50721159383251
73.125,126.52979238563984
73.15,126.55236445481223
73.175,126.57492780471857
73.2,126.59748243872676
73.22500000000001,126.6200283602033
73.25,126.64256557251353
73.275,126.66509407902113
73.3,126.68761388308891
73.325,126.71012498807804
73.35000000000001,126.73262739734861
73.375,126.75512111425938
73.4,126.77760614216767
73.425,126.80008248442961
73.45,126.82255014439995
73.47500000000001,126.8450091254324
73.5,126.86745943087901
73.525,126.88990106409095
73.55,126.91233402841749
73.575,126.93475832720726
73.60000000000001,126.95717396380725
73.625,126.97958094156321
73.65,127.0019792638196
73.675,127.02436893391967
73.7,127.04674995520524
73.72500000000001,127.06912233101686
73.75,127.09148606469395
73.775,127.11384115957443
73.8,127.13618761899507
73.825,127.1585254462914
73.85000000000001,127.18085464479745
73.875,127.20317521784618
73.9,127.22548716876906
73.925,127.24779050089643
73.95,127.27008521755735
73.97500000000001,127.29237132207943
74.0,127.31464881778922
74.025,127.33691770801164
74.05,127.35917799607085
74.075,127.38142968528929
74.10000000000001,127.40367277898828
74.125,127.4259072804878
74.15,127.44813319310667
74.175,127.47035052016217
74.2,127.49255926497078
74.22500000000001,127.51475943084714
74.25,127.53695102110494
74.275,127.55913403905636
74.3,127.58130848801255
74.325,127.60347437128331
74.35000000000001,127.62563169217704
74.375,127.64778045400112
74.4,127.66992066006156
74.425,127.6920523136628
74.45,127.71417541810841
74.47500000000001,127.73628997670032
74.5,127.75839599273935
74.525,127.78049346952531
74.55,127.80258241035628
74.575,127.8246628185294
74.60000000000001,127.84673469734022
74.625,127.86879805008333
74.65,127.89085288005198
74.675,127.91289919053807
74.7,127.93493698483216
74.72500000000001,127.95696626622366
74.75,127.97898703800071
74.775,128.00099930345007
74.8,128.0230030658574
74.825,128.04499832850695
74.85000000000001,128.06698509468185
74.875,128.08896336766384
74.9,128.11093315073327
74.925,128.13289444716946
74.95,128.15484726025042
74.97500000000001,128.17679159325291
75.0,128.19872744945212
75.025,128.22065483212245
75.05,128.24257374453674
75.075,128.2644841899667
75.10000000000001,128.28638617168258
75.125,128.3082796929535
75.15,128.33016475704744
75.175,128.35204136723095
75.2,128.37390952676907
75.22500000000001,128.39576923892625
75.25,128.41762050696528
75.275,128.4394633341474
75.3,128.46129772373308
75.325,128.48312367898137
75.35000000000001,128.50494120314997
75.375,128.52675029949566
75.4,128.5485509712732
75.425,128.57034322173698
75.45,128.5921270541396
75.47500000000001,128.61390247173253
75.5,128.6356694777661
75.525,128.65742807548918
75.55,128.67917826814937
75.575,128.70092005899355
75.60000000000001,128.72265345126664
75.625,128.7443784482124
75.65,128.7660950530739
75.675,128.78780326909242
75.7,128.80950309950816
75.72500000000001,128.83119454756005
75.75,128.8528776164859
75.775,128.87455230952204
75.8,128.89621862990379
75.825,128.91787658086497
75.85000000000001,128.93952616563826
75.875,128.9611673874553
75.9,128.98280024954616
75.925,129.0044247551396
75.95,129.02604090746377
75.97500000000001,129.0476487097448
76.0,129.0692481652079
76.025,129.09083927707724
76.05,129.1124220485754
76.075,129.13399648292406
76.10000000000001,129.15556258334323
76.125,129.17712035305186
76.15,129.19866979526788
76.175,129.22021091320778
76.2,129.2417437100867
76.22500000000001,129.26326818911883
76.25,129.28478435351684
76.275,129.30629220649226
76.3,129.3277917512554
76.325,129.34928299101543
76.35000000000001,129.37076592897995
76.375,129.39224056835562
76.4,129.41370691234798
76.425,129.43516496416086
76.45,129.45661472699734
76.47500000000001,129.47805620405907
76.5,129.49948939854642
76.525,129.52091431365838
76.55,129.54233095259292
76.575,129.56373931854682
76.60000000000001,129.5851394147155
76.625,129.60653124429314
76.65,129.6279148104729
76.675,129.64929011644648
76.7,129.67065716540418
76.72500000000001,129.69201596053534
76.75,129.71336650502823
76.775,129.7347088020695
76.80000000000001,129.7560428548449
76.825,129.77736866653868
76.85000000000001,129.79868624033412
76.875,129.81999557941285
76.9,129.8412966869556
76.92500000000001,129.86258956614208
76.95,129.88387422015026
76.97500000000001,129.9051506521573
77.0,129.9264188653388
77.025,129.94767886286942
77.05000000000001,129.96893064792255
77.075,129.99017422367012
77.10000000000001,130.01140959328316
77.125,130.03263675993117
77.15,130.05385572678256
77.17500000000001,130.0750664970046
77.2,130.09626907376318
77.22500000000001,130.11746346022292
77.25,130.13864965954755
77.275,130.15982767489945
77.30000000000001,130.1809975094396
77.325,130.20215916632782
77.35000000000001,130.22331264872273
77.375,130.2444579597818
77.4,130.26559510266122
77.42500000000001,130.28672408051588
77.45,130.30784489649977
77.47500000000001,130.32895755376524
77.5,130.3500620554637
77.525,130.3711584047453
77.55000000000001,130.3922466047589
77.575,130.4133266586521
77.60000000000001,130.43439856957139
77.625,130.45546234066202
77.65,130.47651797506794
77.67500000000001,130.49756547593225
77.7,130.51860484639639
77.72500000000001,130.5396360896005
77.75,130.56065920868429
77.775,130.5816742067852
77.80000000000001,130.60268108704025
77.825,130.6236798525851
77.85000000000001,130.64467050655384
77.875,130.66565305207965
77.9,130.6866274922947
77.92500000000001,130.70759383032936
77.95,130.7285520693131
77.97500000000001,130.74950221237432
78.0,130.77044426264018
78.025,130.7913782232366
78.05000000000001,130.81230409728795
78.075,130.83322188791794
78.10000000000001,130.85413159824873
78.125,130.87503323140135
78.15,130.89592679049562
78.17500000000001,130.9168122786502
78.2,130.9376896989826
78.22500000000001,130.95855905460903
78.25,130.9794203486444
78.275,131.00027358420266
78.30000000000001,131.02111876439622
78.325,131.04195589233657
78.35000000000001,131.06278497113405
78.375,131.08360600389756
78.4,131.10441899373492
78.42500000000001,131.12522394375287
78.45,131.14602085705656
78.47500000000001,131.16680973675054
78.5,131.18759058593753
78.525,131.20836340771953
78.55000000000001,131.2291282051969
78.575,131.24988498146942
78.60000000000001,131.2706337396351
78.625,131.29137448279099
78.65,131.31210721403292
78.67500000000001,131.33283193645545
78.7,131.353548653152
78.72500000000001,131.37425736721494
78.75,131.39495808173533
78.775,131.4156507998029
78.80000000000001,131.43633552450646
78.825,131.4570122589335
78.85000000000001,131.4776810061701
78.875,131.4983417693015
78.9,131.5189945514114
78.92500000000001,131.53963935558275
78.95,131.56027618489688
78.97500000000001,131.5809050424341
79.0,131.60152593127373
79.025,131.62213885449364
79.05000000000001,131.64274381517066
79.075,131.6633408163802
79.10000000000001,131.68392986119653
79.125,131.70451095269306
79.15,131.72508409394175
79.17500000000001,131.74564928801334
79.2,131.76620653797755
79.22500000000001,131.78675584690293
79.25,131.80729721785647
79.275,131.8278306539045
79.30000000000001,131.8483561581118
79.325,131.86887373354207
79.35000000000001,131.88938338325778
79.375,131.9098851103205
79.4,131.93037891779008
79.42500000000001,131.9508648087257
79.45,131.97134278618503
79.47500000000001,131.99181285322481
79.5,132.01227501290035
79.525,132.03272926826614
79.55000000000001,132.05317562237505
79.575,132.073614078279
79.60000000000001,132.09404463902877
79.625,132.1144673076739
79.65,132.13488208726255
79.67500000000001,132.15528898084227
79.7,132.17568799145874
79.72500000000001,132.19607912215696
79.75,132.2164623759806
79.775,132.23683775597226
79.80000000000001,132.25720526517284
79.825,132.27756490662284
79.85000000000001,132.29791668336117
79.875,132.3182605984254
79.9,132.33859665485232
79.92500000000001,132.35892485567743
79.95,132.37924520393491
79.97500000000001,132.39955770265766
80.0,132.41986235487786
80.025,132.4401591636262
80.05000000000001,132.46044813193228
80.075,132.48072926282438
80.10000000000001,132.50100255933003
80.125,132.52126802447495
80.15,132.54152566128428
80.17500000000001,132.56177547278162
80.2,132.5820174619897
80.22500000000001,132.60225163192968
80.25,132.62247798562194
80.275,132.6426965260857
80.30000000000001,132.6629072563387
80.325,132.68311017939766
80.35000000000001,132.7033052982782
80.375,132.72349261599453
80.4,132.7436721355601
80.42500000000001,132.76384385998705
80.45,132.7840077922862
80.47500000000001,132.80416393546724
80.5,132.82431229253888
80.525,132.84445286650848
80.55000000000001,132.86458566038223
80.575,132.8847106771655
80.60000000000001,132.90482791986193
80.625,132.92493739147443
80.65,132.94503909500474
80.67500000000001,132.96513303345316
80.7,132.98521920981892
80.72500000000001,133.0052976271005
80.75,133.02536828829463
80.775,133.0454311963972
80.80000000000001,133.06548635440288
80.825,133.0855337653053
80.85000000000001,133.10557343209666
80.875,133.1256053577683
80.9,133.14562954531021
80.92500000000001,133.1656459977113
80.95,133.1856547179593
80.97500000000001,133.20565570904077
81.0,133.22564897394108
81.025,133.24563451564475
81.05000000000001,133.26561233713474
81.075,133.28558244139313
81.10000000000001,133.3055448314006
81.125,133.325499510137
81.15,133.34544648058068
81.17500000000001,133.36538574570915
81.2,133.3853173084986
81.22500000000001,133.40524117192408
81.25,133.42515733895948
81.275,133.4450658125776
81.30000000000001,133.4649665957501
81.325,133.48485969144747
81.35000000000001,133.50474510263916
81.375,133.5246228322932
81.4,133.54449288337673
81.42500000000001,133.56435525885547
81.45,133.58420996169434
81.47500000000001,133.604056994857
81.5,133.6238963613057
81.525,133.64372806400203
81.55000000000001,133.66355210590584
81.575,133.6833684899764
81.60000000000001,133.70317721917147
81.625,133.72297829644793
81.65,133.74277172476113
81.67500000000001,133.76255750706576
81.7,133.78233564631523
81.72500000000001,133.80210614546147
81.75,133.82186900745572
81.775,133.84162423524774
81.80000000000001,133.86137183178633
81.825,133.8811118000193
81.85000000000001,133.9008441428929
81.875,133.92056886335254
81.9,133.94028596434237
81.92500000000001,133.9599954488056
81.95,133.97969731968408
81.97500000000001,133.99939157991864
82.0,134.01907823244886
82.025,134.03875728021342
82.05000000000001,134.05842872614957
82.075,134.07809257319363
82.10000000000001,134.09774882428064
82.125,134.11739748234493
82.15,134.13703855031892
82.17500000000001,134.15667203113438
82.2,134.17629792772226
82.22500000000001,134.19591624301168
82.25,134.215526979931
82.275,134.2351301414076
82.30000000000001,134.25472573036762
82.325,134.27431374973577
82.35000000000001,134.29389420243587
82.375,134.31346709139083
82.4,134.33303241952206
82.42500000000001,134.3525901897498
82.45,134.37214040499353
82.47500000000001,134.39168306817152
82.5,134.4112181822006
82.525,134.43074574999673
82.55000000000001,134.45026577447467
82.575,134.46977825854827
82.60000000000001,134.48928320513005
82.625,134.50878061713115
82.65,134.52827049746207
82.67500000000001,134.54775284903212
82.7,134.56722767474895
82.72500000000001,134.58669497751976
82.75,134.6061547602503
82.775,134.62560702584526
82.80000000000001,134.6450517772081
82.825,134.66448901724118
82.85000000000001,134.68391874884605
82.875,134.70334097492272
82.9,134.72275569837038
82.92500000000001,134.74216292208686
82.95,134.76156264896903
82.97500000000001,134.7809548819127
83.0,134.80033962381242
83.025,134.81971687756152
83.05000000000001,134.8390866460525
83.075,134.85844893217637
83.10000000000001,134.87780373882362
83.125,134.897151068883
83.15,134.91649092524258
83.17500000000001,134.93582331078915
83.2,134.95514822840806
83.22500000000001,134.97446568098405
83.25,134.99377567140056
83.275,135.0130782025399
83.30000000000001,135.0323732772834
83.325,135.05166089851096
83.35000000000001,135.07094106910162
83.375,135.09021379193337
83.4,135.1094790698828
83.42500000000001,135.12873690582558
83.45,135.1479873026364
83.47500000000001,135.1672302631884
83.5,135.18646579035408
83.525,135.2056938870047
83.55000000000001,135.2249145560103
83.575,135.24412780023997
83.60000000000001,135.2633336225615
83.625,135.2825320258416
83.65,135.30172301294584
83.67500000000001,135.32090658673917
83.7,135.3400827500846
83.72500000000001,135.35925150584487
83.75,135.37841285688108
83.775,135.39756680605313
83.80000000000001,135.4167133562205
83.825,135.4358525102407
83.85000000000001,135.45498427097067
83.875,135.47410864126627
83.9,135.49322562398189
83.92500000000001,135.5123352219712
83.95,135.53143743808667
83.97500000000001,135.55053227517968
84.0,135.56961973610018
84.025,135.5886998236974
84.05000000000001,135.6077725408195
84.075,135.6268378903131
84.10000000000001,135.64589587502425
84.125,135.66494649779762
84.15,135.6839897614768
84.17500000000001,135.70302566890416
84.2,135.72205422292137
84.22500000000001,135.7410754263685
84.25,135.76008928208486
84.275,135.77909579290875
84.30000000000001,135.79809496167707
84.325,135.81708679122565
84.35000000000001,135.8360712843895
84.375,135.85504844400242
84.4,135.87401827289673
84.42500000000001,135.89298077390438
84.45,135.91193594985555
84.47500000000001,135.93088380357972
84.5,135.9498243379051
84.525,135.96875755565893
84.55000000000001,135.98768345966735
84.575,136.00660205275537
84.60000000000001,136.0255133377468
84.625,136.04441731746442
84.65,136.06331399473018
84.67500000000001,136.08220337236452
84.7,136.10108545318715
84.72500000000001,136.1199602400163
84.75,136.13882773566957
84.775,136.1576879429632
84.80000000000001,136.1765408647122
84.825,136.195386503731
84.85000000000001,136.21422486283242
84.875,136.23305594482838
84.9,136.2518797525297
84.92500000000001,136.27069628874645
84.95,136.28950555628697
84.97500000000001,136.3083075579589
85.0,136.3271022965689
85.025,136.34588977492226
85.05000000000001,136.36466999582348
85.075,136.3834429620757
85.10000000000001,136.40220867648105
85.125,136.42096714184063
85.15,136.4397183609547
85.17500000000001,136.45846233662212
85.2,136.47719907164054
85.22500000000001,136.49592856880673
85.25,136.51465083091665
85.275,136.5333658607647
85.30000000000001,136.55207366114445
85.325,136.57077423484841
85.35000000000001,136.58946758466794
85.375,136.6081537133933
85.4,136.62683262381367
85.42500000000001,136.6455043187172
85.45,136.66416880089102
85.47500000000001,136.68282607312113
85.5,136.70147613819233
85.525,136.7201189988885
85.55000000000001,136.73875465799256
85.575,136.75738311828596
85.60000000000001,136.7760043825495
85.625,136.79461845356278
85.65,136.81322533410395
85.67500000000001,136.83182502695075
85.7,136.8504175348793
85.72500000000001,136.8690028606648
85.75,136.8875810070815
85.775,136.90615197690258
85.80000000000001,136.92471577289993
85.825,136.94327239784465
85.85000000000001,136.96182185450658
85.875,136.9803641456546
85.9,136.99889927405633
85.92500000000001,137.01742724247856
85.95,137.035948053687
85.97500000000001,137.05446171044588
86.0,137.07296821551896
86.025,137.0914675716687
86.05000000000001,137.10995978165636
86.075,137.12844484824203
86.10000000000001,137.14692277418504
86.125,137.16539356224368
86.15,137.18385721517498
86.17500000000001,137.20231373573483
86.2,137.22076312667824
86.22500000000001,137.2392053907591
86.25,137.25764053073038
86.275,137.2760685493437
86.30000000000001,137.29448944934973
86.325,137.31290323349813
86.35000000000001,137.33130990453745
86.375,137.34970946521537
86.4,137.36810191827814
86.42500000000001,137.38648726647133
86.45,137.4048655125393
86.47500000000001,137.42323665922524
86.5,137.44160070927128
86.525,137.45995766541867
86.55000000000001,137.47830753040762
86.575,137.49665030697687
86.60000000000001,137.51498599786456
86.625,137.5333146058076
86.65,137.55163613354185
86.67500000000001,137.56995058380218
86.7,137.58825795932233
86.72500000000001,137.60655826283497
86.75,137.62485149707172
86.775,137.64313766476306
86.80000000000001,137.66141676863867
86.825,137.679688811427
86.85000000000001,137.6979537958556
86.875,137.7162117246507
86.9,137.7344626005377
86.92500000000001,137.75270642624082
86.95,137.77094320448313
86.97500000000001,137.78917293798693
87.0,137.80739562947323
87.025,137.8256112816623
87.05000000000001,137.84381989727297
87.075,137.86202147902327
87.10000000000001,137.88021602963008
87.125,137.89840355180922
87.15,137.91658404827558
87.17500000000001,137.934757521743
87.2,137.952923974924
87.22500000000001,137.97108341053035
87.25,137.98923583127268
87.275,138.0073812398606
87.30000000000001,138.02551963900245
87.325,138.04365103140597
87.35000000000001,138.0617754197774
87.375,138.07989280682227
87.4,138.09800319524484
87.42500000000001,138.1161065877484
87.45,138.13420298703514
87.47500000000001,138.15229239580637
87.5,138.17037481676232
87.525,138.18845025260205
87.55000000000001,138.20651870602347
87.575,138.22458017972386
87.60000000000001,138.24263467639906
87.625,138.2606821987442
87.65,138.27872274945312
87.67500000000001,138.29675633121872
87.7,138.31478294673283
87.72500000000001,138.3328025986862
87.75,138.35081528976866
87.775,138.36882102266884
87.80000000000001,138.38681980007442
87.825,138.40481162467202
87.85000000000001,138.42279649914738
87.875,138.440774426185
87.9,138.45874540846847
87.92500000000001,138.47670944868017
87.95,138.49466654950163
87.97500000000001,138.51261671361328
88.0,138.53055994369447
88.025,138.54849624242374
88.05000000000001,138.56642561247816
88.075,138.58434805653403
88.10000000000001,138.60226357726685
88.125,138.62017217735053
88.15,138.63807385945842
88.17500000000001,138.6559686262627
88.2,138.6738564804343
88.22500000000001,138.69173742464358
88.25,138.70961146155955
88.275,138.72747859385018
88.30000000000001,138.74533882418226
88.325,138.76319215522187
88.35000000000001,138.78103858963414
88.375,138.79887813008295
88.4,138.81671077923104
88.42500000000001,138.83453653974024
88.45,138.8523554142715
88.47500000000001,138.8701674054846
88.5,138.8879725160383
88.525,138.9057707485903
88.55000000000001,138.92356210579717
88.575,138.9413465903148
88.60000000000001,138.95912420479792
88.625,138.9768949519001
88.65,138.9946588342739
88.67500000000001,139.01241585457083
88.7,139.0301660154414
88.72500000000001,139.0479093195355
88.75,139.06564576950137
88.775,139.0833753679865
88.80000000000001,139.10109811763755
88.825,139.1188140210999
88.85000000000001,139.13652308101788
88.875,139.154225300035
88.9,139.17192068079362
88.92500000000001,139.189609225935
88.95,139.2072909380996
88.97500000000001,139.22496581992675
89.0,139.24263387405477
89.025,139.26029510312082
89.05000000000001,139.27794950976144
89.075,139.29559709661171
89.10000000000001,139.31323786630583
89.125,139.33087182147693
89.15,139.34849896475737
89.17500000000001,139.36611929877844
89.2,139.38373282616993
89.22500000000001,139.4013395495613
89.25,139.41893947158056
89.275,139.43653259485495
89.30000000000001,139.45411892201045
89.325,139.47169845567225
89.35000000000001,139.48927119846428
89.375,139.50683715300988
89.4,139.52439632193082
89.42500000000001,139.54194870784823
89.45,139.55949431338215
89.47500000000001,139.5770331411516
89.5,139.59456519377466
89.525,139.61209047386814
89.55000000000001,139.62960898404796
89.575,139.64712072692942
89.60000000000001,139.66462570512635
89.625,139.68212392125164
89.65,139.69961537791727
89.67500000000001,139.71710007773424
89.7,139.73457802331222
89.72500000000001,139.75204921726038
89.75,139.76951366218654
89.775,139.78697136069766
89.80000000000001,139.80442231539968
89.825,139.82186652889737
89.85000000000001,139.83930400379464
89.875,139.8567347426943
89.9,139.87415874819825
89.92500000000001,139.8915760229075
89.95,139.9089865694217
89.97500000000001,139.9263903903397
90.0,139.94378748825955
90.025,139.9611778657781
90.05000000000001,139.978561525491
90.075,139.9959384699932
90.10000000000001,140.01330870187874
90.125,140.03067222374034
90.15,140.04802903816972
90.17500000000001,140.06537914775768
90.2,140.0827225550942
90.22500000000001,140.10005926276816
90.25,140.11738927336725
90.275,140.13471258947843
90.30000000000001,140.1520292136876
90.325,140.1693391485793
90.35000000000001,140.18664239673777
90.375,140.2039389607456
90.4,140.2212288431847
90.42500000000001,140.23851204663586
90.45,140.25578857367904
90.47500000000001,140.2730584268931
90.5,140.29032160885572
90.525,140.30757812214406
90.55000000000001,140.32482796933374
90.575,140.34207115299967
90.60000000000001,140.35930767571583
90.625,140.37653754005507
90.65,140.39376074858933
90.67500000000001,140.41097730388952
90.7,140.4281872085254
90.72500000000001,140.4453904650661
90.75,140.46258707607936
90.775,140.47977704413216
90.80000000000001,140.4969603717905
90.825,140.51413706161924
90.85000000000001,140.5313071161824
90.875,140.54847053804286
90.9,140.5656273297627
90.92500000000001,140.5827774939029
90.95,140.5999210330236
90.97500000000001,140.61705794968353
91.0,140.63418824644066
91.025,140.6513119258523
91.05000000000001,140.66842899047447
91.075,140.685539442862
91.10000000000001,140.70264328556905
91.125,140.71974052114896
91.15,140.73683115215374
91.17500000000001,140.75391518113437
91.2,140.77099261064097
91.22500000000001,140.7880634432227
91.25,140.8051276814278
91.275,140.82218532780345
91.30000000000001,140.83923638489577
91.325,140.85628085525005
91.35000000000001,140.87331874141051
91.375,140.89035004592017
91.4,140.90737477132157
91.42500000000001,140.9243929201558
91.45,140.9414044949634
91.47500000000001,140.95840949828357
91.5,140.97540793265455
91.525,140.9923998006138
91.55000000000001,141.0093851046976
91.575,141.0263638474414
91.60000000000001,141.0433360313796
91.625,141.06030165904582
91.65,141.07726073297223
91.67500000000001,141.09421325569045
91.7,141.11115922973096
91.72500000000001,141.1280986576233
91.75,141.14503154189603
91.775,141.16195788507682
91.80000000000001,141.17887768969211
91.825,141.19579095826768
91.85000000000001,141.21269769332798
91.875,141.22959789739684
91.9,141.2464915729969
91.92500000000001,141.26337872264992
91.95,141.2802593488765
91.97500000000001,141.2971334541966
92.0,141.31400104112888
92.025,141.33086211219128
92.05000000000001,141.34771666990045
92.075,141.36456471677255
92.10000000000001,141.38140625532233
92.125,141.39824128806373
92.15,141.41506981750982
92.17500000000001,141.4318918461725
92.2,141.448707376563
92.22500000000001,141.4655164111912
92.25,141.48231895256626
92.275,141.49911500319618
92.30000000000001,141.5159045655882
92.325,141.53268764224833
92.35000000000001,141.5494642356822
92.375,141.56623434839383
92.4,141.58299798288638
92.42500000000001,141.59975514166229
92.45,141.61650582722288
92.47500000000001,141.63325004206854
92.5,141.64998778869867
92.525,141.66671906961182
92.55000000000001,141.68344388730532
92.575,141.7001622442759
92.60000000000001,141.71687414301883
92.625,141.73357958602898
92.65,141.7502785757998
92.67500000000001,141.76697111482406
92.7,141.78365720559336
92.72500000000001,141.80033685059863
92.75,141.8170100523295
92.775,141.83367681327474
92.80000000000001,141.85033713592242
92.825,141.86699102275944
92.85000000000001,141.8836384762714
92.875,141.9002794989434
92.9,141.91691409325966
92.92500000000001,141.9335422617031
92.95,141.9501640067558
92.97500000000001,141.966779330899
93.0,141.9833882366127
93.025,141.99999072637638
93.05000000000001,142.01658680266817
93.075,142.03317646796526
93.10000000000001,142.04975972474406
93.125,142.06633657548008
93.15,142.08290702264765
93.17500000000001,142.09947106872033
93.2,142.11602871617066
93.22500000000001,142.13257996747026
93.25,142.1491248250897
93.275,142.16566329149842
93.30000000000001,142.1821953691655
93.325,142.1987210605585
93.35000000000001,142.2152403681442
93.375,142.23175329438848
93.4,142.2482598417564
93.42500000000001,142.2647600127117
93.45,142.2812538097173
93.47500000000001,142.29774123523546
93.5,142.31422229172725
93.525,142.33069698165278
93.55000000000001,142.34716530747122
93.575,142.3636272716408
93.60000000000001,142.38008287661887
93.625,142.39653212486166
93.65,142.41297501882474
93.67500000000001,142.4294115609625
93.7,142.44584175372827
93.72500000000001,142.46226559957483
93.75,142.47868310095362
93.775,142.4950942603154
93.80000000000001,142.51149908010984
93.825,142.52789756278577
93.85000000000001,142.54428971079096
93.875,142.56067552657237
93.9,142.5770550125759
93.92500000000001,142.59342817124633
93.95,142.60979500502793
93.97500000000001,142.6261555163636
94.0,142.64250970769564
94.025,142.65885758146538
94.05000000000001,142.67519914011282
94.075,142.69153438607756
94.10000000000001,142.70786332179776
94.125,142.7241859497109
94.15,142.74050227225354
94.17500000000001,142.7568122918611
94.2,142.77311601096835
94.22500000000001,142.789413432009
94.25,142.80570455741568
94.275,142.82198938962026
94.30000000000001,142.83826793105357
94.325,142.85454018414546
94.35000000000001,142.8708061513251
94.375,142.88706583502028
94.4,142.90331923765834
94.42500000000001,142.91956636166526
94.45,142.93580720946642
94.47500000000001,142.95204178348598
94.5,142.96827008614733
94.525,142.98449211987287
94.55000000000001,143.00070788708422
94.575,143.01691739020202
94.60000000000001,143.03312063164563
94.625,143.04931761383372
94.65,143.0655083391842
94.67500000000001,143.08169281011388
94.7,143.09787102903863
94.72500000000001,143.11404299837335
94.75,143.13020872053212
94.775,143.14636819792787
94.80000000000001,143.16252143297288
94.825,143.17866842807837
94.85000000000001,143.19480918565452
94.875,143.21094370811073
94.9,143.22707199785552
94.92500000000001,143.2431940572964
94.95,143.25930988883974
94.97500000000001,143.27541949489145
95.0,143.29152287785607
95.025,143.30762004013744
95.05000000000001,143.3237109841384
95.075,143.33979571226064
95.10000000000001,143.35587422690546
95.125,143.37194653047288
95.15,143.38801262536194
95.17500000000001,143.4040725139709
95.2,143.42012619869706
95.22500000000001,143.43617368193674
95.25,143.45221496608556
95.275,143.46825005353787
95.30000000000001,143.48427894668728
95.325,143.50030164792636
95.35000000000001,143.516318159647
95.375,143.53232848423997
95.4,143.54833262409508
95.42500000000001,143.56433058160144
95.45,143.58032235914698
95.47500000000001,143.59630795911886
95.5,143.61228738390324
95.525,143.6282606358854
95.55000000000001,143.64422771744975
95.575,143.66018863097966
95.60000000000001,143.67614337885772
95.625,143.69209196346554
95.65,143.70803438718383
95.67500000000001,143.72397065239232
95.7,143.73990076146987
95.72500000000001,143.7558247167943
95.75,143.77174252074255
95.775,143.7876541756909
95.80000000000001,143.80355968401443
95.825,143.8194590480873
95.85000000000001,143.83535227028307
95.875,143.851239352974
95.9,143.86712029853163
95.92500000000001,143.8829951093264
95.95,143.89886378772803
95.97500000000001,143.91472633610547
96.0,143.9305827568263
96.025,143.94643305225773
96.05000000000001,143.96227722476556
96.075,143.97811527671493
96.10000000000001,143.99394721046994
96.125,144.00977302839397
96.15,144.02559273284936
96.17500000000001,144.04140632619743
96.2,144.05721381079894
96.22500000000001,144.07301518901335
96.25,144.0888104631994
96.275,144.10459963571486
96.30000000000001,144.1203827089166
96.325,144.13615968516066
96.35000000000001,144.15193056680206
96.375,144.16769535619508
96.4,144.18345405569292
96.42500000000001,144.19920666764784
96.45,144.21495319441124
96.47500000000001,144.23069363833372
96.5,144.24642800176488
96.525,144.2621562870534
96.55000000000001,144.27787849654715
96.575,144.2935946325931
96.60000000000001,144.30930469753704
96.625,144.3250086937241
96.65,144.34070662349848
96.67500000000001,144.35639848920337
96.7,144.37208429318136
96.72500000000001,144.3877640377736
96.75,144.4034377253209
96.775,144.41910535816274
96.80000000000001,144.43476693863795
96.825,144.45042246908437
96.85000000000001,144.466071951839
96.875,144.48171538923788
96.9,144.49735278361595
96.92500000000001,144.51298413730763
96.95,144.52860945264615
96.97500000000001,144.544228731964
97.0,144.55984197759273
97.025,144.57544919186296
97.05000000000001,144.59105037710432
97.075,144.60664553564584
97.10000000000001,144.62223466981524
97.125,144.63781778193967
97.15,144.65339487434525
97.17500000000001,144.6689659493573
97.2,144.6845310093
97.22500000000001,144.7000900564968
97.25,144.71564309327053
97.275,144.73119012194238
97.30000000000001,144.7467311448335
97.325,144.7622661642635
97.35000000000001,144.77779518255136
97.375,144.79331820201526
97.4,144.8088352249723
97.42500000000001,144.82434625373878
97.45,144.83985129062992
97.47500000000001,144.85535033796037
97.5,144.87084339804355
97.525,144.88633047319246
97.55000000000001,144.90181156571853
97.575,144.91728667793294
97.60000000000001,144.93275581214561
97.625,144.9482189706656
97.65,144.96367615580118
97.67500000000001,144.97912736985975
97.7,144.9945726151478
97.72500000000001,145.0100118939706
97.75,145.02544520863313
97.775,145.0408725614391
97.80000000000001,145.05629395469145
97.825,145.07170939069198
97.85000000000001,145.08711887174206
97.875,145.10252240014177
97.9,145.11791997819034
97.92500000000001,145.13331160818626
97.95,145.14869729242727
97.97500000000001,145.16407703320968
98.0,145.17945083282967
98.025,145.19481869358196
98.05000000000001,145.2101806177605
98.075,145.22553660765854
98.10000000000001,145.24088666556824
98.125,145.25623079378082
98.15,145.27156899458697
98.17500000000001,145.28690127027622
98.2,145.30222762313716
98.22500000000001,145.31754805545773
98.25,145.3328625695247
98.275,145.34817116762434
98.30000000000001,145.36347385204164
98.325,145.378770625061
98.35000000000001,145.39406148896572
98.375,145.40934644603826
98.4,145.4246254985605
98.42500000000001,145.43989864881297
98.45,145.45516589907578
98.47500000000001,145.47042725162768
98.5,145.48568270874682
98.525,145.5009322727107
98.55000000000001,145.51617594579523
98.575,145.53141373027609
98.60000000000001,145.54664562842805
98.625,145.56187164252458
98.65,145.57709177483872
98.67500000000001,145.5923060276423
98.7,145.60751440320644
98.72500000000001,145.62271690380118
98.75,145.6379135316961
98.775,145.6531042891595
98.80000000000001,145.668289178459
98.825,145.68346820186142
98.85000000000001,145.69864136163253
98.875,145.71380866003733
98.9,145.72897009933973
98.92500000000001,145.74412568180293
98.95,145.75927540968928
98.97500000000001,145.77441928526042
99.0,145.7895573107767
99.025,145.80468948849807
99.05000000000001,145.8198158206831
99.075,145.8349363095899
99.10000000000001,145.85005095747547
99.125,145.86515976659615
99.15,145.88026273920707
99.17500000000001,145.89535987756298
99.2,145.91045118391727
99.22500000000001,145.92553666052294
99.25,145.94061630963157
99.275,145.95569013349427
99.30000000000001,145.9707581343612
99.325,145.98582031448163
99.35000000000001,146.0008766761039
99.375,146.01592722147544
99.4,146.0309719528431
99.42500000000001,146.04601087245268
99.45,146.06104398254885
99.47500000000001,146.0760712853758
99.5,146.0910927831767
99.525,146.10610847819382
99.55000000000001,146.12111837266875
99.575,146.1361224688418
99.60000000000001,146.1511207689529
99.625,146.1661132752411
99.65,146.18109998994402
99.67500000000001,146.19608091529892
99.7,146.21105605354225
99.72500000000001,146.2260254069091
99.75,146.24098897763403
99.775,146.2559467679509
99.80000000000001,146.27089878009224
99.825,146.28584501629038
99.85000000000001,146.3007854787763
99.875,146.3157201697799
99.9,146.33064909153083
99.92500000000001,146.3455722462575
99.95,146.3604896361876
99.97500000000001,146.37540126354787
100.0,146.3903071305644
100.025,146.40520723946193
100.05000000000001,146.4201015924649
100.075,146.43499019179663
100.10000000000001,146.4498730396795
100.125,146.46475013833518
100.15,146.47962148998448
100.17500000000001,146.49448709684722
100.2,146.50934696114243
100.22500000000001,146.5242010850884
100.25,146.53904947090248
100.275,146.553892120801
100.30000000000001,146.56872903699985
100.325,146.58356022171355
100.35000000000001,146.59838567715605
100.375,146.61320540554044
100.4,146.62801940907912
100.42500000000001,146.64282768998316
100.45,146.65763025046317
100.47500000000001,146.67242709272878
100.5,146.6872182189888
100.525,146.70200363145122
100.55000000000001,146.7167833323229
100.575,146.73155732381016
100.60000000000001,146.74632560811847
100.625,146.7610881874524
100.65,146.77584506401544
100.67500000000001,146.7905962400105
100.7,146.80534171763958
100.72500000000001,146.82008149910382
100.75,146.83481558660355
100.775,146.84954398233793
100.80000000000001,146.86426668850575
100.825,146.87898370730468
100.85000000000001,146.8936950409317
100.875,146.90840069158267
100.9,146.9231006614529
100.92500000000001,146.93779495273654
100.95,146.95248356762727
100.97500000000001,146.96716650831763
101.0,146.9818437769994
101.025,146.9965153758635
101.05000000000001,147.01118130710014
101.075,147.02584157289846
101.10000000000001,147.04049617544683
101.125,147.05514511693306
101.15,147.0697883995437
101.17500000000001,147.08442602546464
101.2,147.0990579968807
101.22500000000001,147.1136843159764
101.25,147.12830498493466
101.275,147.1429200059382
101.30000000000001,147.15752938116893
101.325,147.17213311280736
101.35000000000001,147.18673120303356
101.375,147.20132365402654
101.4,147.2159104679646
101.42500000000001,147.23049164702527
101.45,147.24506719338513
101.47500000000001,147.25963710921997
101.5,147.2742013967047
101.525,147.2887600580134
101.55000000000001,147.30331309531917
101.575,147.31786051079462
101.60000000000001,147.33240230661104
101.625,147.34693848493936
101.65,147.36146904794944
101.67500000000001,147.3759939978104
101.7,147.39051333669033
101.72500000000001,147.40502706675665
101.75,147.41953519017594
101.775,147.4340377091137
101.80000000000001,147.44853462573494
101.825,147.46302594220376
101.85000000000001,147.47751166068326
101.875,147.49199178333586
101.9,147.50646631232306
101.92500000000001,147.52093524980526
101.95,147.53539859794265
101.97500000000001,147.54985635889423
102.0,147.5643085348182
102.025,147.5787551278716
102.05000000000001,147.59319614021115
102.075,147.6076315739926
102.10000000000001,147.62206143137072
102.125,147.63648571449966
102.15,147.65090442553233
102.17500000000001,147.66531756662113
102.2,147.6797251399178
102.22500000000001,147.69412714757297
102.25,147.70852359173645
102.275,147.72291447455726
102.30000000000001,147.73729979818344
102.325,147.75167956476258
102.35000000000001,147.76605377644128
102.375,147.78042243536518
102.4,147.79478554367904
102.42500000000001,147.8091431035269
102.45,147.82349511705226
102.47500000000001,147.83784158639727
102.5,147.8521825137036
102.525,147.866517901112
102.55000000000001,147.8808477507623
102.575,147.89517206479368
102.60000000000001,147.90949084534424
102.625,147.92380409455157
102.65,147.9381118145524
102.67500000000001,147.9524140074823
102.7,147.96671067547626
102.72500000000001,147.98100182066847
102.75,147.9952874451923
102.775,148.00956755118023
102.80000000000001,148.02384214076375
102.825,148.03811121607393
102.85000000000001,148.05237477924078
102.875,148.06663283239325
102.9,148.08088537765988
102.92500000000001,148.09513241716843
102.95,148.10937395304526
102.97500000000001,148.12360998741656
103.0,148.1378405224073
103.025,148.15206556014186
103.05000000000001,148.16628510274347
103.075,148.18049915233487
103.10000000000001,148.19470771103792
103.125,148.20891078097335
103.15,148.22310836426158
103.17500000000001,148.23730046302205
103.2,148.2514870793732
103.22500000000001,148.26566821543258
103.25,148.2798438733173
103.275,148.2940140551434
103.30000000000001,148.308178763026
103.325,148.32233799907962
103.35000000000001,148.33649176541797
103.375,148.35064006415368
103.4,148.3647828973989
103.42500000000001,148.3789202672648
103.45,148.39305217586167
103.47500000000001,148.40717862529905
103.5,148.4212996176859
103.525,148.43541515512987
103.55000000000001,148.44952523973808
103.575,148.46362987361684
103.60000000000001,148.4777290588719
103.625,148.4918227976076
103.65,148.50591109192794
103.67500000000001,148.51999394393582
103.7,148.53407135573363
103.72500000000001,148.54814332942286
103.75,148.5622098671039
103.775,148.57627097087652
103.80000000000001,148.59032664283987
103.825,148.6043768850921
103.85000000000001,148.6184216997305
103.875,148.63246108885167
103.9,148.64649505455117
103.92500000000001,148.6605235989242
103.95,148.67454672406478
103.97500000000001,148.6885644320663
104.0,148.7025767250212
104.025,148.71658360502113
104.05000000000001,148.73058507415686
104.075,148.74458113451868
104.10000000000001,148.7585717881958
104.125,148.77255703727675
104.15,148.7865368838491
104.17500000000001,148.80051132999975
104.2,148.81448037781448
104.22500000000001,148.8284440293789
104.25,148.84240228677731
104.275,148.85635515209339
104.30000000000001,148.87030262740996
104.325,148.88424471480891
104.35000000000001,148.8981814163717
104.375,148.91211273417846
104.4,148.92603867030894
104.42500000000001,148.939959226842
104.45,148.95387440585552
104.47500000000001,148.96778420942698
104.5,148.98168863963244
104.525,148.9955876985477
104.55000000000001,149.0094813882476
104.575,149.02336971080595
104.60000000000001,149.03725266829613
104.625,149.0511302627903
104.65,149.0650024963603
104.67500000000001,149.07886937107676
104.7,149.0927308890097
104.72500000000001,149.1065870522283
104.75,149.12043786280094
104.775,149.13428332279537
104.80000000000001,149.14812343427826
104.825,149.16195819931565
104.85000000000001,149.1757876199725
104.875,149.1896116983135
104.9,149.20343043640233
104.92500000000001,149.2172438363016
104.95,149.2310519000733
104.97500000000001,149.2448546297788
105.0,149.2586520274785
105.025,149.27244409523195
105.05000000000001,149.28623083509805
105.075,149.30001224913468
105.10000000000001,149.31378833939905
105.125,149.32755910794788
105.15,149.3413245568367
105.17500000000001,149.3550846881203
105.2,149.36883950385285
105.22500000000001,149.38258900608753
105.25,149.39633319687675
105.275,149.41007207827238
105.30000000000001,149.42380565232497
105.325,149.43753392108493
105.35000000000001,149.45125688660153
105.375,149.46497455092305
105.4,149.47868691609764
105.42500000000001,149.4923939841719
105.45,149.50609575719216
105.47500000000001,149.5197922372037
105.5,149.53348342625105
105.525,149.54716932637817
105.55000000000001,149.5608499396277
105.575,149.57452526804192
105.60000000000001,149.58819531366242
105.625,149.60186007852957
105.65,149.61551956468332
105.67500000000001,149.62917377416275
105.7,149.64282270900608
105.72500000000001,149.65646637125099
105.75,149.67010476293385
105.775,149.68373788609065
105.80000000000001,149.69736574275666
105.825,149.7109883349658
105.85000000000001,149.72460566475192
105.875,149.7382177341478
105.9,149.75182454518526
105.92500000000001,149.76542609989542
105.95,149.77902240030892
105.97500000000001,149.79261344845514
106.0,149.80619924636304
106.025,149.8197797960607
106.05000000000001,149.8333550995751
106.075,149.84692515893315
106.10000000000001,149.8604899761602
106.125,149.87404955328128
106.15,149.88760389232064
106.17500000000001,149.9011529953014
106.2,149.91469686424628
106.22500000000001,149.92823550117686
106.25,149.94176890811428
106.275,149.95529708707886
106.30000000000001,149.9688200400898
106.325,149.98233776916598
106.35000000000001,149.99585027632523
106.375,150.0093575635846
106.4,150.02285963296063
106.42500000000001,150.03635648646858
106.45,150.0498481261234
106.47500000000001,150.06333455393892
106.5,150.07681577192852
106.525,150.09029178210454
106.55000000000001,150.10376258647867
106.575,150.11722818706167
106.60000000000001,150.13068858586396
106.625,150.14414378489445
106.65,150.157593786162
106.67500000000001,150.1710385916743
106.7,150.18447820343837
106.72500000000001,150.19791262346044
106.75,150.21134185374584
106.775,150.22476589629926
106.80000000000001,150.2381847531248
106.825,150.2515984262253
106.85000000000001,150.26500691760336
106.875,150.2784102292604
106.9,150.2918083631973
106.92500000000001,150.30520132141413
106.95,150.31858910591
106.97500000000001,150.33197171868366
107.0,150.34534916173249
107.025,150.3587214370537
107.05000000000001,150.37208854664343
107.075,150.38545049249706
107.10000000000001,150.39880727660915
107.125,150.41215890097357
107.15,150.42550536758333
107.17500000000001,150.43884667843105
107.2,150.45218283550793
107.22500000000001,150.46551384080502
107.25,150.47883969631235
107.275,150.49216040401896
107.30000000000001,150.50547596591335
107.325,150.51878638398335
107.35000000000001,150.53209166021588
107.375,150.54539179659713
107.4,150.55868679511244
107.42500000000001,150.57197665774655
107.45,150.58526138648332
107.47500000000001,150.59854098330572
107.5,150.61181545019627
107.525,150.62508478913637
107.55000000000001,150.63834900210688
107.575,150.65160809108798
107.60000000000001,150.66486205805884
107.625,150.67811090499805
107.65,150.69135463388318
107.67500000000001,150.7045932466912
107.7,150.71782674539864
107.72500000000001,150.73105513198078
107.75,150.74427840841227
107.775,150.75749657666717
107.80000000000001,150.77070963871867
107.825,150.783917596539
107.85000000000001,150.79712045209993
107.875,150.81031820737232
107.9,150.82351086432627
107.92500000000001,150.8366984249313
107.95,150.8498808911559
107.97500000000001,150.863058264968
108.0,150.87623054833458
108.025,150.88939774322202
108.05000000000001,150.9025598515958
108.075,150.91571687542086
108.10000000000001,150.92886881666118
108.125,150.94201567727993
108.15,150.95515745923964
108.17500000000001,150.96829416450242
108.2,150.9814257950289
108.22500000000001,150.99455235277952
108.25,151.0076738397138
108.275,151.02079025779057
108.30000000000001,151.03390160896754
108.325,151.04700789520209
108.35000000000001,151.06010911845075
108.375,151.07320528066924
108.4,151.0862963838124
108.42500000000001,151.09938242983455
108.45,151.1124634206892
108.47500000000001,151.12553935832878
108.5,151.13861024470543
108.525,151.15167608177046
108.55000000000001,151.16473687147422
108.575,151.1777926157662
108.60000000000001,151.19084331659553
108.625,151.2038889759103
108.65,151.21692959565812
108.67500000000001,151.2299651777853
108.7,151.24299572423809
108.72500000000001,151.25602123696163
108.75,151.26904171790017
108.775,151.2820571689974
108.80000000000001,151.29506759219643
108.825,151.30807298943932
108.85000000000001,151.32107336266756
108.875,151.33406871382164
108.9,151.34705904484164
108.92500000000001,151.36004435766662
108.95,151.37302465423505
108.97500000000001,151.3859999364847
109.0,151.39897020635223
109.025,151.411935465774
109.05000000000001,151.4248957166855
109.075,151.43785096102124
109.10000000000001,151.4508012007153
109.125,151.4637464377007
109.15,151.4766866739099
109.17500000000001,151.48962191127472
109.2,151.50255215172604
109.22500000000001,151.51547739719413
109.25,151.52839764960848
109.275,151.54131291089766
109.30000000000001,151.55422318298966
109.325,151.56712846781176
109.35000000000001,151.58002876729032
109.375,151.59292408335116
109.4,151.60581441791936
109.42500000000001,151.61869977291897
109.45,151.6315801502737
109.47500000000001,151.64445555190605
109.5,151.65732597973815
109.525,151.67019143569144
109.55000000000001,151.68305192168623
109.575,151.69590743964244
109.60000000000001,151.70875799147908
109.625,151.72160357911446
109.65,151.734444204466
109.67500000000001,151.74727986945078
109.7,151.76011057598478
109.72500000000001,151.77293632598332
109.75,151.78575712136086
109.775,151.79857296403145
109.80000000000001,151.8113838559083
109.825,151.82418979890355
109.85000000000001,151.83699079492908
109.875,151.84978684589575
109.9,151.86257795371358
109.92500000000001,151.8753641202921
109.95,151.88814534753996
109.97500000000001,151.90092163736514
110.0,151.91369299167505
110.025,151.92645941237606
110.05000000000001,151.9392209013738
110.075,151.95197746057337
110.10000000000001,151.96472909187904
110.125,151.97747579719447
110.15,151.9902175784223
110.17500000000001,152.00295443746458
110.2,152.0156863762226
110.22500000000001,152.02841339659716
110.25,152.04113550048805
110.275,152.0538526897945
110.30000000000001,152.06656496641486
110.325,152.0792723322467
110.35000000000001,152.09197478918708
110.375,152.10467233913204
110.4,152.11736498397724
110.42500000000001,152.13005272561716
110.45,152.14273556594608
110.47500000000001,152.15541350685717
110.5,152.16808655024306
110.525,152.1807546979954
110.55000000000001,152.19341795200523
110.575,152.20607631416328
110.60000000000001,152.21872978635886
110.625,152.23137837048074
110.65,152.24402206841745
110.67500000000001,152.25666088205614
110.7,152.26929481328355
110.72500000000001,152.28192386398578
110.75,152.29454803604813
110.775,152.3071673313548
110.80000000000001,152.31978175178978
110.825,152.33239129923626
110.85000000000001,152.34499597557647
110.875,152.357595782692
110.9,152.37019072246363
110.92500000000001,152.38278079677178
110.95,152.39536600749557
110.97500000000001,152.4079463565139
111.0,152.42052184570468
111.025,152.4330924769452
111.05000000000001,152.445658252112
111.075,152.45821917308086
111.10000000000001,152.47077524172678
111.125,152.48332645992426
111.15,152.49587282954693
111.17500000000001,152.50841435246738
111.2,152.52095103055808
111.22500000000001,152.53348286569062
111.25,152.54600985973536
111.275,152.55853201456267
111.30000000000001,152.57104933204155
111.325,152.58356181404076
111.35000000000001,152.59606946242826
111.375,152.60857227907073
111.4,152.62107026583496
111.42500000000001,152.6335634245865
111.45,152.6460517571904
111.47500000000001,152.65853526551086
111.5,152.67101395141145
111.525,152.68348781675496
111.55000000000001,152.69595686340332
111.575,152.70842109321816
111.60000000000001,152.72088050806002
111.625,152.73333510978873
111.65,152.74578490026354
111.67500000000001,152.758229881343
111.7,152.77067005488485
111.72500000000001,152.78310542274616
111.75,152.79553598678322
111.775,152.8079617488515
111.80000000000001,152.8203827108064
111.825,152.83279887450172
111.85000000000001,152.84521024179102
111.875,152.857616814527
111.9,152.87001859456174
111.92500000000001,152.8824155837466
111.95,152.89480778393212
111.97500000000001,152.9071951969683
112.0,152.91957782470422
112.025,152.93195566898845
112.05000000000001,152.94432873166875
112.075,152.95669701459207
112.10000000000001,152.96906051960468
112.125,152.98141924855224
112.15,152.99377320327972
112.17500000000001,153.00612238563127
112.2,153.0184667974505
112.22500000000001,153.03080644058005
112.25,153.04314131686198
112.275,153.05547142813754
112.30000000000001,153.06779677624752
112.325,153.08011736303166
112.35000000000001,153.09243319032944
112.375,153.10474425997904
112.4,153.1170505738184
112.42500000000001,153.12935213368448
112.45,153.14164894141382
112.47500000000001,153.15394099884205
112.5,153.16622830780406
112.525,153.17851087013415
112.55000000000001,153.19078868766587
112.575,153.203061762232
112.60000000000001,153.2153300956646
112.625,153.2275936897951
112.65,153.23985254645416
112.67500000000001,153.25210666747208
112.7,153.26435605467768
112.72500000000001,153.2766007098998
112.75,153.2888406349664
112.775,153.30107583170448
112.80000000000001,153.31330630194057
112.825,153.32553204750047
112.85000000000001,153.33775307020915
112.875,153.34996937189095
112.9,153.36218095436956
112.92500000000001,153.37438781946798
112.95,153.38658996900836
112.97500000000001,153.3987874048123
113.0,153.41098012870052
113.025,153.4231681424932
113.05000000000001,153.43535144800975
113.075,153.44753004706885
113.10000000000001,153.45970394148856
113.125,153.4718731330862
113.15,153.4840376236784
113.17500000000001,153.49619741508093
113.2,153.50835250910922
113.22500000000001,153.5205029075776
113.25,153.53264861230002
113.275,153.54478962508935
113.30000000000001,153.55692594775823
113.325,153.5690575821184
113.35000000000001,153.58118452998073
113.375,153.59330679315542
113.4,153.60542437345222
113.42500000000001,153.61753727268012
113.45,153.62964549264717
113.47500000000001,153.6417490351611
113.5,153.65384790202847
113.525,153.6659420950554
113.55000000000001,153.67803161604752
113.575,153.69011646680949
113.60000000000001,153.70219664914526
113.625,153.71427216485816
113.65,153.72634301575076
113.67500000000001,153.7384092036252
113.7,153.75047073028253
113.72500000000001,153.76252759752336
113.75,153.77457980714755
113.775,153.7866273609542
113.80000000000001,153.79867026074172
113.825,153.81070850830798
113.85000000000001,153.82274210545012
113.875,153.83477105396435
113.9,153.84679535564626
113.92500000000001,153.85881501229113
113.95,153.87083002569312
113.97500000000001,153.88284039764582
114.0,153.89484612994207
114.025,153.90684722437422
114.05000000000001,153.91884368273372
114.075,153.93083550681146
114.10000000000001,153.9428226983973
114.125,153.95480525928102
114.15,153.96678319125112
114.17500000000001,153.9787564960958
114.2,153.9907251756024
114.22500000000001,154.00268923155778
114.25,154.01464866574764
114.275,154.02660347995746
114.30000000000001,154.0385536759719
114.325,154.05049925557486
114.35000000000001,154.06244022054955
114.375,154.0743765726784
114.4,154.0863083137435
114.42500000000001,154.09823544552566
114.45,154.11015796980573
114.47500000000001,154.12207588836347
114.5,154.13398920297772
114.525,154.1458979154271
114.55000000000001,154.15780202748937
114.575,154.1697015409416
114.60000000000001,154.18159645756003
114.625,154.19348677912026
114.65,154.20537250739736
114.67500000000001,154.2172536441657
114.7,154.22913019119892
114.72500000000001,154.2410021502698
114.75,154.25286952315065
114.775,154.26473231161313
114.80000000000001,154.276590517428
114.825,154.28844414236573
114.85000000000001,154.30029318819555
114.875,154.3121376566864
114.9,154.32397754960633
114.92500000000001,154.33581286872268
114.95,154.34764361580255
114.97500000000001,154.3594697926119
115.0,154.3712914009161
115.025,154.38310844247994
115.05000000000001,154.39492091906743
115.075,154.40672883244184
115.10000000000001,154.41853218436603
115.125,154.43033097660194
115.15,154.44212521091097
115.17500000000001,154.45391488905358
115.2,154.46570001279
115.22500000000001,154.4774805838792
115.25,154.4892566040801
115.275,154.50102807515046
115.30000000000001,154.5127949988476
115.325,154.524557376928
115.35000000000001,154.53631521114764
115.375,154.54806850326162
115.4,154.5598172550246
115.42500000000001,154.57156146819045
115.45,154.58330114451238
115.47500000000001,154.5950362857428
115.5,154.6067668936334
115.525,154.61849296993546
115.55000000000001,154.6302145163995
115.575,154.64193153477535
115.60000000000001,154.65364402681203
115.625,154.66535199425812
115.65,154.67705543886132
115.67500000000001,154.68875436236863
115.7,154.7004487665266
115.72500000000001,154.71213865308087
115.75,154.72382402377664
115.775,154.73550488035815
115.80000000000001,154.74718122456923
115.825,154.75885305815288
115.85000000000001,154.7705203828515
115.875,154.7821832004068
115.9,154.7938415125599
115.92500000000001,154.80549532105107
115.95,154.81714462761997
115.97500000000001,154.8287894340057
116.0,154.84042974194648
116.025,154.8520655531801
116.05000000000001,154.8636968694435
116.075,154.875323692473
116.10000000000001,154.8869460240042
116.125,154.8985638657723
116.15,154.9101772195115
116.17500000000001,154.92178608695542
116.2,154.93339046983706
116.22500000000001,154.94499036988873
116.25,154.95658578884203
116.275,154.96817672842812
116.30000000000001,154.97976319037713
116.325,154.99134517641878
116.35000000000001,155.00292268828196
116.375,155.0144957276949
116.4,155.02606429638536
116.42500000000001,155.03762839608024
116.45,155.04918802850597
116.47500000000001,155.06074319538808
116.5,155.07229389845156
116.525,155.08384013942066
116.55000000000001,155.0953819200191
116.575,155.10691924196968
116.60000000000001,155.1184521069949
116.625,155.12998051681623
116.65,155.14150447315478
116.67500000000001,155.1530239777307
116.7,155.16453903226386
116.72500000000001,155.176049638473
116.75,155.18755579807654
116.775,155.19905751279202
116.80000000000001,155.2105547843366
116.825,155.22204761442669
116.85000000000001,155.23353600477773
116.875,155.2450199571048
116.9,155.25649947312212
116.92500000000001,155.26797455454357
116.95,155.27944520308188
116.97500000000001,155.29091142044973
117.0,155.30237320835866
117.025,155.3138305685196
117.05000000000001,155.32528350264306
117.075,155.33673201243857
117.10000000000001,155.34817609961533
117.125,155.35961576588176
117.15,155.37105101294554
117.17500000000001,155.38248184251378
117.2,155.39390825629292
117.22500000000001,155.4053302559884
117.25,155.41674784330556
117.275,155.4281610199487
117.30000000000001,155.43956978762185
117.325,155.45097414802788
117.35000000000001,155.46237410286923
117.375,155.4737696538479
117.4,155.48516080266484
117.42500000000001,155.49654755102057
117.45,155.5079299006151
117.47500000000001,155.51930785314732
117.5,155.53068141031596
117.525,155.5420505738189
117.55000000000001,155.55341534535322
117.575,155.5647757266154
117.60000000000001,155.5761317193014
117.625,155.58748332510658
117.65,155.59883054572538
117.67500000000001,155.61017338285166
117.7,155.621511838179
117.72500000000001,155.6328459133997
117.75,155.6441756102059
117.775,155.65550093028875
117.80000000000001,155.66682187533914
117.825,155.67813844704685
117.85000000000001,155.6894506471013
117.875,155.70075847719127
117.9,155.7120619390048
117.92500000000001,155.72336103422916
117.95,155.73465576455118
117.97500000000001,155.74594613165695
118.0,155.75723213723205
118.025,155.76851378296098
118.05000000000001,155.77979107052818
118.075,155.79106400161686
118.10000000000001,155.8023325779102
118.125,155.81359680109
118.15,155.82485667283822
118.17500000000001,155.8361121948354
118.2,155.84736336876173
118.22500000000001,155.85861019629718
118.25,155.86985267912036
118.275,155.8810908189098
118.30000000000001,155.89232461734298
118.325,155.9035540760969
118.35000000000001,155.91477919684803
118.375,155.92599998127199
118.4,155.93721643104377
118.42500000000001,155.9484285478378
118.45,155.95963633332804
118.47500000000001,155.97083978918738
118.5,155.98203891708837
118.525,155.99323371870278
118.55000000000001,156.00442419570206
118.575,156.01561034975646
118.60000000000001,156.02679218253584
118.625,156.03796969570945
118.65,156.049142890946
118.67500000000001,156.06031176991334
118.7,156.07147633427886
118.72500000000001,156.08263658570945
118.75,156.09379252587087
118.775,156.1049441564285
118.80000000000001,156.1160914790471
118.825,156.1272344953908
118.85000000000001,156.1383732071229
118.875,156.14950761590637
118.9,156.16063772340337
118.92500000000001,156.17176353127527
118.95,156.18288504118294
118.97500000000001,156.1940022547868
119.0,156.20511517374626
119.025,156.2162237997205
119.05000000000001,156.2273281343678
119.075,156.2384281793457
119.10000000000001,156.24952393631125
119.125,156.2606154069209
119.15,156.27170259283034
119.17500000000001,156.2827854956948
119.2,156.29386411716865
119.22500000000001,156.30493845890578
119.25,156.31600852255946
119.275,156.32707430978212
119.30000000000001,156.33813582222572
119.325,156.34919306154146
119.35000000000001,156.36024602938014
119.375,156.37129472739164
119.4,156.38233915722537
119.42500000000001,156.39337932053007
119.45,156.404415218954
119.47500000000001,156.41544685414442
119.5,156.42647422774826
119.525,156.43749734141159
119.55000000000001,156.44851619678
119.575,156.45953079549847
119.60000000000001,156.47054113921132
119.625,156.481547229562
119.65,156.4925490681937
119.67500000000001,156.5035466567486
119.7,156.5145399968687
119.72500000000001,156.52552909019508
119.75,156.53651393836802
119.775,156.54749454302748
119.80000000000001,156.55847090581267
119.825,156.56944302836214
119.85000000000001,156.58041091231385
119.875,156.591374559305
119.9,156.60233397097247
119.92500000000001,156.6132891489519
119.95,156.62424009487916
119.97500000000001,156.63518681038877
120.0,156.64612929711507
120.025,156.65706755669157
120.05000000000001,156.66800159075086
120.075,156.67893140092545
120.10000000000001,156.68985698884697
120.125,156.70077835614634
120.15,156.71169550445393
120.17500000000001,156.72260843539945
120.2,156.73351715061216
120.22500000000001,156.74442165172027
120.25,156.7553219403517
120.275,156.76621801813388
120.30000000000001,156.77710988669324
120.325,156.7879975476557
120.35000000000001,156.79888100264674
120.375,156.809760253291
120.4,156.82063530121252
120.42500000000001,156.83150614803478
120.45,156.8423727953806
120.47500000000001,156.85323524487205
120.5,156.86409349813084
120.525,156.87494755677795
120.55000000000001,156.88579742243365
120.575,156.8966430967176
120.60000000000001,156.90748458124907
120.625,156.9183218776463
120.65,156.92915498752723
120.67500000000001,156.93998391250878
120.7,156.9508086542078
120.72500000000001,156.9616292142402
120.75,156.9724455942211
120.775,156.98325779576547
120.80000000000001,156.9940658204871
120.825,157.00486966999966
120.85000000000001,157.01566934591585
120.875,157.0264648498479
120.9,157.03725618340744
120.92500000000001,157.04804334820528
120.95,157.05882634585205
120.97500000000001,157.06960517795724
121.0,157.08037984612992
121.025,157.0911503519786
121.05000000000001,157.1019166971111
121.075,157.11267888313475
121.10000000000001,157.12343691165614
121.125,157.13419078428112
121.15,157.14494050261519
121.17500000000001,157.15568606826307
121.2,157.16642748282894
121.22500000000001,157.1771647479161
121.25,157.18789786512767
121.275,157.19862683606584
121.30000000000001,157.20935166233207
121.325,157.2200723455277
121.35000000000001,157.23078888725288
121.375,157.24150128910762
121.4,157.25220955269094
121.42500000000001,157.2629136796013
121.45,157.27361367143695
121.47500000000001,157.284309529795
121.5,157.29500125627212
121.525,157.30568885246456
121.55000000000001,157.3163723199677
121.575,157.32705166037633
121.60000000000001,157.33772687528474
121.625,157.3483979662867
121.65,157.3590649349751
121.67500000000001,157.36972778294245
121.7,157.3803865117804
121.72500000000001,157.39104112307996
121.75,157.40169161843195
121.775,157.41233799942628
121.80000000000001,157.42298026765215
121.825,157.43361842469835
121.85000000000001,157.44425247215287
121.875,157.45488241160322
121.9,157.4655082446364
121.92500000000001,157.47612997283852
121.95,157.48674759779527
121.97500000000001,157.49736112109164
122.0,157.50797054431203
122.025,157.51857586904052
122.05000000000001,157.52917709685994
122.075,157.539774229353
122.10000000000001,157.55036726810155
122.125,157.56095621468728
122.15,157.57154107069076
122.17500000000001,157.582121837692
122.2,157.59269851727063
122.22500000000001,157.60327111100568
122.25,157.61383962047526
122.275,157.62440404725714
122.30000000000001,157.6349643929285
122.325,157.64552065906565
122.35000000000001,157.6560728472446
122.375,157.6666209590406
122.4,157.67716499602832
122.42500000000001,157.6877049597818
122.45,157.69824085187437
122.47500000000001,157.70877267387897
122.5,157.71930042736753
122.525,157.729824113912
122.55000000000001,157.74034373508326
122.575,157.75085929245185
122.60000000000001,157.7613707875874
122.625,157.77187822205917
122.65,157.78238159743563
122.67500000000001,157.79288091528502
122.7,157.80337617717444
122.72500000000001,157.81386738467063
122.75,157.8243545393401
122.775,157.83483764274814
122.80000000000001,157.8453166964598
122.825,157.85579170203928
122.85000000000001,157.86626266105046
122.875,157.8767295750565
122.9,157.8871924456195
122.92500000000001,157.8976512743019
122.95,157.90810606266498
122.97500000000001,157.91855681226932
123.0,157.92900352467504
123.025,157.93944620144163
123.05000000000001,157.94988484412818
123.075,157.96031945429283
123.10000000000001,157.97075003349346
123.125,157.98117658328684
123.15,157.9915991052297
123.17500000000001,158.00201760087802
123.2,158.012432071787
123.22500000000001,158.02284251951139
123.25,158.0332489456054
123.275,158.0436513516225
123.30000000000001,158.05404973911558
123.325,158.06444410963678
123.35000000000001,158.07483446473802
123.375,158.0852208059702
123.4,158.09560313488385
123.42500000000001,158.10598175741043
123.45,158.1163568953819
123.47500000000001,158.1267285916615
123.5,158.13709685338205
123.525,158.14746168260794
123.55000000000001,158.15782308075595
123.575,158.1681810491623
123.60000000000001,158.17853558915348
123.625,158.18888670205394
123.65,158.19923438918724
123.67500000000001,158.209578651877
123.7,158.2199194914459
123.72500000000001,158.2302569092164
123.75,158.2405909065103
123.775,158.2509214846487
123.80000000000001,158.26124864495245
123.825,158.27157238874176
123.85000000000001,158.28189271733638
123.875,158.29220963205546
123.9,158.30252313421784
123.92500000000001,158.3128332251417
123.95,158.32313990614495
123.97500000000001,158.3334431785446
124.0,158.34374304365733
124.025,158.35403950279928
124.05000000000001,158.3643325572864
124.075,158.37462220843358
124.10000000000001,158.38490845755553
124.125,158.3951913059665
124.15,158.40547075498017
124.17500000000001,158.41574680590935
124.2,158.42601946006698
124.22500000000001,158.43628871876504
124.25,158.44655458331528
124.275,158.4568170550288
124.30000000000001,158.4670761352162
124.325,158.4773318251875
124.35000000000001,158.48758412625207
124.375,158.49783303971932
124.4,158.50807856689775
124.42500000000001,158.5183207090954
124.45,158.52855946761986
124.47500000000001,158.5387948437783
124.5,158.54902683887715
124.525,158.5592554542225
124.55000000000001,158.5694806911199
124.575,158.5797025508742
124.60000000000001,158.58992103479025
124.625,158.60013614417198
124.65,158.61034788032282
124.67500000000001,158.6205562445458
124.7,158.63076123814352
124.72500000000001,158.6409628624179
124.75,158.65116111867073
124.775,158.6613560082029
124.80000000000001,158.6715475323147
124.825,158.68173569230643
124.85000000000001,158.6919204894775
124.875,158.70210192512695
124.9,158.71228000055314
124.92500000000001,158.72245471705423
124.95,158.73262607592775
124.97500000000001,158.74279407847072
125.0,158.75295872597937
125.025,158.7631200197499
125.05000000000001,158.7732779610778
125.075,158.78343255125822
125.10000000000001,158.79358379158543
125.125,158.80373168335342
125.15,158.81387622785581
125.17500000000001,158.82401742638567
125.2,158.83415528023522
125.22500000000001,158.84428979069673
125.25,158.85442095906154
125.275,158.86454878662082
125.30000000000001,158.87467327466499
125.325,158.88479442448414
125.35000000000001,158.8949122373676
125.375,158.90502671460442
125.4,158.91513785748316
125.42500000000001,158.92524566729202
125.45,158.93535014531818
125.47500000000001,158.94545129284887
125.5,158.95554911117048
125.525,158.96564360156918
125.55000000000001,158.9757347653304
125.575,158.9858226037392
125.60000000000001,158.99590711808014
125.625,159.0059883096374
125.65,159.01606617969412
125.67500000000001,159.02614072953372
125.7,159.03621196043846
125.72500000000001,159.04627987369057
125.75,159.05634447057164
125.775,159.0664057523628
125.80000000000001,159.07646372034444
125.825,159.0865183757967
125.85000000000001,159.09656971999928
125.875,159.10661775423125
125.9,159.11666247977107
125.92500000000001,159.1267038978969
125.95,159.13674200988638
125.97500000000001,159.1467768170165
126.0,159.156808320564
126.025,159.16683652180504
126.05000000000001,159.17686142201507
126.075,159.18688302246943
126.10000000000001,159.19690132444273
126.125,159.20691632920904
126.15,159.21692803804217
126.17500000000001,159.22693645221509
126.2,159.23694157300045
126.22500000000001,159.24694340167073
126.25,159.2569419394975
126.275,159.26693718775186
126.30000000000001,159.27692914770486
126.325,159.28691782062623
126.35000000000001,159.296903207786
126.375,159.30688531045334
126.4,159.3168641298972
126.42500000000001,159.3268396673855
126.45,159.33681192418626
126.47500000000001,159.34678090156666
126.5,159.35674660079357
126.525,159.3667090231332
126.55000000000001,159.37858889322465
126.575,159.39085987789335
126.60000000000001,159.40318175247663
126.625,159.41550499078053
126.65,159.42782322623475
126.67500000000001,159.44013567396692
126.7,159.45244224055114
126.72500000000001,159.46474291709032
126.75,159.47703770498
126.775,159.48932660686563
126.80000000000001,159.50160962554423
126.825,159.51388676382956
126.85000000000001,159.5261580245363
126.875,159.5384234104783
126.9,159.55068292446776
126.92500000000001,159.56293656931604
126.95,159.57518434783242
126.97500000000001,159.58742626282552
127.0,159.59966231710217
127.025,159.61189251346823
127.05000000000001,159.62411685472776
127.075,159.63633534368392
127.10000000000001,159.64854798313837
127.125,159.66075477589123
127.15,159.67295572474166
127.17500000000001,159.68515083248704
127.2,159.69734010192374
127.22500000000001,159.7095235358467
127.25,159.72170113704948
127.275,159.73387290832443
127.30000000000001,159.74603885246262
127.325,159.75819897225327
127.35000000000001,159.77035327048486
127.375,159.78250174994426
127.4,159.79464441341707
127.42500000000001,159.80678126368753
127.45,159.81891230353847
127.47500000000001,159.83103753575153
127.5,159.84315696310708
127.525,159.85527058838375
127.55000000000001,159.86737841435925
127.575,159.8794804438099
127.60000000000001,159.89157667951073
127.625,159.90366712423508
127.65,159.91575178075541
127.67500000000001,159.92783065184253
127.7,159.93990374026632
127.72500000000001,159.9519710487949
127.75,159.96403258019527
127.775,159.9760883372332
127.80000000000001,159.98813832267277
127.825,160.00018253927715
127.85000000000001,160.0122209898078
127.875,160.02425367702523
127.9,160.03628060368862
127.92500000000001,160.0483017725555
127.95,160.06031718638226
127.97500000000001,160.07232684792407
128.0,160.08433075993455
128.025,160.0963289251662
128.05,160.10832134637027
128.07500000000002,160.12030802629633
128.1,160.13228896769292
128.125,160.1442641733074
128.15,160.15623364588532
128.175,160.16819738817145
128.20000000000002,160.18015540290904
128.225,160.19210769284004
128.25,160.20405426070485
128.275,160.21599510924278
128.3,160.22793024119187
128.32500000000002,160.23985965928884
128.35,160.25178336626888
128.375,160.26370136486617
128.4,160.27561365781344
128.425,160.28752024784205
128.45000000000002,160.29942113768215
128.475,160.31131633006265
128.5,160.3232058277111
128.525,160.33508963335342
128.55,160.34696774971465
128.57500000000002,160.35884017951852
128.6,160.37070692548733
128.625,160.3825679903421
128.65,160.3944233768022
128.675,160.40627308758621
128.70000000000002,160.4181171254112
128.725,160.42995549299286
128.75,160.4417881930458
128.775,160.45361522828324
128.8,160.46543660141685
128.82500000000002,160.47725231515741
128.85,160.48906237221416
128.875,160.50086677529504
128.9,160.51266552710675
128.925,160.5244586303548
128.95000000000002,160.53624608774325
128.975,160.5480279019748
129.0,160.5598040757511
129.025,160.5715746117723
129.05,160.58333951273715
129.07500000000002,160.59509878134355
129.1,160.60685242028774
129.125,160.61860043226488
129.15,160.63034281996872
129.175,160.6420795860916
129.20000000000002,160.6538107333247
129.225,160.66553626435805
129.25,160.67725618188018
129.275,160.6889704885786
129.3,160.7006791871393
129.32500000000002,160.71238228024703
129.35,160.72407977058486
129.375,160.73577166083547
129.4,160.74745795367957
129.425,160.7591386517967
129.45000000000002,160.77081375786528
129.475,160.78248327456225
129.5,160.79414720456353
129.525,160.80580555054354
129.55,160.81745831517546
129.57500000000002,160.82910550113118
129.6,160.84074711108167
129.625,160.852383147696
129.65,160.8640136136423
129.675,160.87563851158737
129.70000000000002,160.88725784419688
129.725,160.89887161413495
129.75,160.9104798240645
129.775,160.92208247664755
129.8,160.93367957454433
129.82500000000002,160.9452711204139
129.85,160.95685711691422
129.875,160.96843756670194
129.9,160.9800124724325
129.925,160.99158183675988
129.95000000000002,161.00314566233686
129.975,161.01470395181522
130.0,161.02625670784508
130.025,161.03780393307522
130.05,161.04934563015357
130.07500000000002,161.06088180172682
130.1,161.0724124504397
130.125,161.08393757893643
130.15,161.09545718985962
130.175,161.10697128585073
130.20000000000002,161.11847986954973
130.225,161.12998294359556
130.25,161.141480510626
130.275,161.15297257327717
130.3,161.1644591341842
130.32500000000002,161.175940195981
130.35,161.18741576130012
130.375,161.19888583277273
130.4,161.21035041302912
130.425,161.22180950469792
130.45000000000002,161.23326311040665
130.475,161.24471123278153
130.5,161.25615387444762
130.525,161.2675910380286
130.55,161.27902272614713
130.57500000000002,161.29044894142436
130.6,161.3018696864802
130.625,161.31328496393348
130.65,161.32469477640169
130.675,161.33609912650098
130.70000000000002,161.3474980168465
130.725,161.35889145005194
130.75,161.37027942872956
130.775,161.38166195549067
130.8,161.39303903294527
130.82500000000002,161.4044106637022
130.85,161.41577685036876
130.875,161.4271375955512
130.9,161.43849290185443
130.925,161.44984277188235
130.95000000000002,161.46118720823745
130.975,161.47252621352075
131.0,161.48385979033245
131.025,161.4951879412712
131.05,161.50651066893465
131.07500000000002,161.51782797591872
131.1,161.52913986481863
131.125,161.5404463382284
131.15,161.55174739874022
131.175,161.56304304894547
131.20000000000002,161.57433329143421
131.225,161.5856181287955
131.25,161.59689756361652
131.275,161.6081715984837
131.3,161.6194402359822
131.32500000000002,161.630703478696
131.35,161.6419613292077
131.375,161.65321379009853
131.4,161.6644608639487
131.425,161.67570255333706
131.45000000000002,161.68693886084134
131.475,161.69816978903802
131.5,161.70939534050243
131.525,161.72061551780826
131.55,161.7318303235284
131.57500000000002,161.7430397602345
131.6,161.7542438304967
131.625,161.76544253688422
131.65,161.7766358819648
131.675,161.78782386830494
131.70000000000002,161.79900649846988
131.725,161.81018377502406
131.75,161.82135570053026
131.775,161.83252227755005
131.8,161.84368350864418
131.82500000000002,161.85483939637166
131.85,161.86598994329069
131.875,161.8771351519578
131.9,161.88827502492876
131.925,161.89940956475783
131.95000000000002,161.91053877399813
131.975,161.92166265520152
132.0,161.93278121091865
132.025,161.94389444369904
132.05,161.9550023560909
132.07500000000002,161.9661049506412
132.1,161.97720222989574
132.125,161.98829419639915
132.15,161.9993808526947
132.175,162.0104622013245
132.20000000000002,162.02153824482954
132.225,162.0326089857496
132.25,162.04367442662303
132.275,162.05473456998703
132.3,162.06578941837782
132.32500000000002,162.0768389743302
132.35,162.08788324037778
132.375,162.09892221905318
132.4,162.10995591288724
132.425,162.1209843244102
132.45000000000002,162.1320074561509
132.475,162.14302531063677
132.5,162.1540378903943
132.525,162.16504519794853
132.55,162.1760472358233
132.57500000000002,162.1870440065414
132.6,162.19803551262444
132.625,162.20902175659268
132.65,162.2200027409654
132.675,162.23097846826013
132.70000000000002,162.2419489409939
132.725,162.2529141616822
132.75,162.26387413283925
132.775,162.27482885697802
132.8,162.28577833661055
132.82500000000002,162.29672257424755
132.85,162.30766157239847
132.875,162.3185953335714
132.9,162.32952386027378
132.925,162.34044715501133
132.95000000000002,162.3513652202887
132.975,162.36227805860926
133.0,162.37318567247553
133.025,162.3840880643883
133.05,162.3949852368476
133.07500000000002,162.40587719235234
133.1,162.41676393339966
133.125,162.4276454624861
133.15,162.43852178210676
133.175,162.44939289475545
133.20000000000002,162.46025880292476
133.225,162.47111950910653
133.25,162.48197501579094
133.275,162.49282532546712
133.3,162.5036704406229
133.32500000000002,162.51451036374533
133.35,162.5253450973198
133.375,162.53617464383075
133.4,162.54699900576125
133.425,162.55781818559336
133.45000000000002,162.56863218580781
133.475,162.57944100888434
133.5,162.5902446573012
133.525,162.60104313353597
133.55,162.61183644006462
133.57500000000002,162.62262457936183
133.6,162.63340755390135
133.625,162.64418536615597
133.65,162.65495801859655
133.675,162.66572551369347
133.70000000000002,162.67648785391583
133.725,162.68724504173113
133.75,162.6979970796063
133.775,162.70874397000642
133.8,162.71948571539585
133.82500000000002,162.73022231823774
133.85,162.74095378099398
133.875,162.75168010612512
133.9,162.76240129609084
133.925,162.77311735334928
133.95000000000002,162.7838282803577
133.975,162.7945340795723
134.0,162.80523475344754
134.025,162.81593030443725
134.05,162.82662073499384
134.07500000000002,162.8373060475687
134.1,162.84798624461192
134.125,162.85866132857248
134.15,162.86933130189806
134.175,162.8799961670354
134.20000000000002,162.89065592642956
134.225,162.90131058252516
134.25,162.91196013776505
134.275,162.92260459459132
134.3,162.9332439554448
134.32500000000002,162.94387822276497
134.35,162.95450739899016
134.375,162.96513148655765
134.4,162.97575048790347
134.425,162.98636440546278
134.45000000000002,162.99697324166914
134.475,163.00757699895513
134.5,163.0181756797523
134.525,163.0287692864908
134.55,163.03935782159974
134.57500000000002,163.04994128750698
134.6,163.0605196866393
134.625,163.07109302142237
134.65,163.08166129428056
134.675,163.09222450763738
134.70000000000002,163.10278266391475
134.725,163.11333576553363
134.75,163.12388381491405
134.775,163.13442681447435
134.8,163.14496476663209
134.82500000000002,163.15549767380375
134.85,163.1660255384044
134.875,163.17654836284822
134.9,163.18706614954783
134.925,163.197578900915
134.95000000000002,163.20808661936033
134.975,163.21858930729314
135.0,163.22908696712173
135.025,163.23957960125324
135.05,163.2500672120936
135.07500000000002,163.2605498020475
135.1,163.2710273735188
135.125,163.28149992890985
135.15,163.29196747062198
135.175,163.30243000105537
135.20000000000002,163.31288752260915
135.225,163.32334003768102
135.25,163.33378754866777
135.275,163.3442300579652
135.3,163.35466756796757
135.32500000000002,163.36510008106833
135.35,163.37552759965956
135.375,163.38595012613214
135.4,163.39636766287606
135.425,163.40678021228018
135.45000000000002,163.41718777673188
135.475,163.42759035861772
135.5,163.43798796032277
135.525,163.44838058423142
135.55,163.4587682327267
135.57500000000002,163.46915090819044
135.6,163.47952861300314
135.625,163.4899013495447
135.65,163.50026912019328
135.675,163.51063192732647
135.70000000000002,163.52098977332028
135.725,163.53134266055002
135.75,163.5416905913892
135.775,163.5520335682108
135.8,163.5623715933864
135.82500000000002,163.57270466928645
135.85,163.5830327982805
135.875,163.59335598273654
135.9,163.60367422502185
135.925,163.6139875275023
135.95000000000002,163.62429589254276
135.975,163.63459932250677
136.0,163.64489781975712
136.025,163.65519138665502
136.05,163.66548002556087
136.07500000000002,163.67576373883392
136.1,163.68604252883205
136.125,163.69631639791223
136.15,163.7065853484304
136.175,163.71684938274106
136.20000000000002,163.7271085031977
136.225,163.7373627121528
136.25,163.74761201195773
136.275,163.7578564049625
136.3,163.76809589351623
136.32500000000002,163.7783304799667
136.35,163.78856016666077
136.375,163.79878495594406
136.4,163.80900485016107
136.425,163.8192198516554
136.45000000000002,163.8294299627691
136.475,163.8396351858434
136.5,163.84983552321842
136.525,163.8600309772331
136.55,163.87022155022518
136.57500000000002,163.88040724453137
136.6,163.8905880624872
136.625,163.9007640064272
136.65,163.91093507868464
136.675,163.9211012815917
136.70000000000002,163.9312626174796
136.725,163.9414190886781
136.75,163.95157069751622
136.775,163.96171744632187
136.8,163.97185933742128
136.82500000000002,163.98199637314048
136.85,163.9921285558036
136.875,164.0022558877339
136.9,164.0123783712537
136.925,164.02249600868387
136.95000000000002,164.03260880234444
136.975,164.04271675455442
137.0,164.05281986763143
137.025,164.06291814389223
137.05,164.07301158565224
137.07500000000002,164.08310019522594
137.1,164.0931839749264
137.125,164.10326292706605
137.15,164.11333705395597
137.175,164.12340635790628
137.20000000000002,164.13347084122555
137.225,164.1435305062218
137.25,164.1535853552015
137.275,164.16363539047043
137.3,164.17368061433282
137.32500000000002,164.18372102909217
137.35,164.19375663705094
137.375,164.20378744050993
137.4,164.21381344176947
137.425,164.22383464312844
137.45000000000002,164.23385104688467
137.475,164.24386265533485
137.5,164.25386947077465
137.525,164.26387149549862
137.55,164.27386873180026
137.57500000000002,164.28386118197184
137.6,164.2938488483047
137.625,164.303831733089
137.65,164.3138098386138
137.675,164.32378316716725
137.70000000000002,164.333751721036
137.725,164.34371550250572
137.75,164.35367451386136
137.775,164.3636287573865
137.8,164.3735782353636
137.82500000000002,164.38352295007388
137.85,164.39346290379788
137.875,164.40339809881485
137.9,164.4133285374028
137.925,164.42325422183882
137.95000000000002,164.43317515439878
137.975,164.44309133735777
138.0,164.45300277298932
138.025,164.46290946356623
138.05,164.47281141136014
138.07500000000002,164.48270861864148
138.1,164.49260108767973
138.125,164.50248882074322
138.15,164.51237182009896
138.175,164.52225008801358
138.20000000000002,164.5321236267518
138.225,164.54199243857767
138.25,164.55185652575435
138.275,164.5617158905432
138.3,164.5715705352054
138.32500000000002,164.5814204620005
138.35,164.59126567318702
138.375,164.60110617102254
138.4,164.61094195776334
138.425,164.62077303566508
138.45000000000002,164.63059940698164
138.475,164.64042107396634
138.5,164.6502380388715
138.525,164.66005030394766
138.55,164.66985787144532
138.57500000000002,164.67966074361308
138.6,164.6894589226987
138.625,164.69925241094882
138.65,164.7090412106093
138.675,164.71882532392476
138.70000000000002,164.72860475313854
138.725,164.73837950049315
138.75,164.74814956822988
138.775,164.75791495858897
138.8,164.76767567380952
138.82500000000002,164.77743171612985
138.85,164.7871830877869
138.875,164.79692979101685
138.9,164.80667182805433
138.925,164.81640920113355
138.95000000000002,164.826141912487
138.975,164.83586996434633
139.0,164.84559335894238
139.025,164.8553120985045
139.05,164.86502618526146
139.07500000000002,164.8747356214406
139.1,164.88444040926822
139.125,164.89414055096972
139.15,164.90383604876936
139.175,164.91352690489018
139.20000000000002,164.9232131215545
139.225,164.93289470098327
139.25,164.94257164539644
139.275,164.95224395701297
139.3,164.9619116380507
139.32500000000002,164.9715746907265
139.35,164.98123311725615
139.375,164.99088691985412
139.4,165.00053610073408
139.425,165.0101806621086
139.45000000000002,165.01982060618937
139.475,165.02945593518658
139.5,165.03908665130973
139.525,165.04871275676703
139.55,165.05833425376582
139.57500000000002,165.0679511445123
139.6,165.07756343121173
139.625,165.08717111606808
139.65,165.0967742012846
139.675,165.10637268906294
139.70000000000002,165.1159665816042
139.725,165.12555588110828
139.75,165.13514058977415
139.775,165.14472070979937
139.8,165.15429624338086
139.82500000000002,165.16386719271412
139.85,165.17343355999387
139.875,165.18299534741348
139.9,165.19255255716564
139.925,165.2021051914417
139.95000000000002,165.2116532524323
139.975,165.22119674232667
140.0,165.2307356633133
140.025,165.24027001757906
140.05,165.24979980731038
140.07500000000002,165.2593250346926
140.1,165.2688457019099
140.125,165.27836181114526
140.15,165.28787336458066
140.175,165.29738036439716
140.20000000000002,165.30688281277463
140.225,165.31638071189212
140.25,165.32587406392724
140.275,165.33536287105713
140.3,165.34484713545743
140.32500000000002,165.3543268593029
140.35,165.36380204476734
140.375,165.3732726940234
140.4,165.38273880924268
140.425,165.39220039259556
140.45000000000002,165.40165744625193
140.475,165.41110997238
140.5,165.4205579731474
140.525,165.43000145072054
140.55,165.4394404072648
140.57500000000002,165.44887484494464
140.6,165.45830476592326
140.625,165.4677301723629
140.65,165.47715106642477
140.675,165.48656745026923
140.70000000000002,165.49597932605548
140.725,165.5053866959415
140.75,165.51478956208447
140.775,165.52418792664068
140.8,165.5335817917649
140.82500000000002,165.54297115961134
140.85,165.55235603233274
140.875,165.56173641208136
140.9,165.5711123010079
140.925,165.58048370126247
140.95000000000002,165.5898506149938
140.975,165.59921304434977
141.0,165.60857099147725
141.025,165.61792445852183
141.05,165.62727344762848
141.07500000000002,165.63661796094073
141.1,165.64595800060144
141.125,165.6552935687522
141.15,165.66462466753367
141.175,165.67395129908556
141.20000000000002,165.6832734655464
141.225,165.69259116905377
141.25,165.70190441174435
141.275,165.71121319575354
141.3,165.72051752321582
141.32500000000002,165.7298173962647
141.35,165.73911281703275
141.375,165.7484037876513
141.4,165.757690310251
141.425,165.76697238696093
141.45000000000002,165.77625001990953
141.475,165.78552321122433
141.5,165.79479196303168
141.525,165.80405627745682
141.55,165.81331615662432
141.57500000000002,165.8225716026573
141.6,165.8318226176778
141.625,165.8410692038074
141.65,165.8503113631662
141.675,165.8595490978736
141.70000000000002,165.86878241004757
141.725,165.87801130180546
141.75,165.88723577526352
141.775,165.8964558325368
141.8,165.9056714757394
141.82500000000002,165.9148827069847
141.85,165.92408952838466
141.875,165.93329194205057
141.9,165.94248995009252
141.925,165.9516835546196
141.95000000000002,165.96087275773993
141.975,165.9700575615605
142.0,165.9792379681877
142.025,165.9884139797262
142.05,165.9975855982803
142.07500000000002,166.00675282595296
142.1,166.0159156648463
142.125,166.02507411706137
142.15,166.03422818469832
142.175,166.04337786985587
142.20000000000002,166.05252317463226
142.225,166.0616641011245
142.25,166.07080065142867
142.275,166.0799328276399
142.3,166.08906063185208
142.32500000000002,166.09818406615813
142.35,166.1073031326501
142.375,166.1164178334191
142.4,166.1255281705551
142.425,166.1346341461469
142.45000000000002,166.1437357622828
142.475,166.15283302104982
142.5,166.16192592453382
142.525,166.17101447481988
142.55,166.180098673992
142.57500000000002,166.189178524133
142.6,166.19825402732522
142.625,166.20732518564955
142.65,166.2163920011861
142.675,166.22545447601377
142.70000000000002,166.23451261221064
142.725,166.24356641185375
142.75,166.25261587701928
142.775,166.2616610097823
142.8,166.2707018122166
142.82500000000002,166.27973828639534
142.85,166.2887704343907
142.875,166.29779825827376
142.9,166.30682176011476
142.925,166.3158409419824
142.95000000000002,166.32485580594502
142.975,166.33386635406993
143.0,166.34287258842295
143.025,166.3518745110692
143.05,166.3608721240732
143.07500000000002,166.36986542949757
143.1,166.378854429405
143.125,166.38783912585635
143.15,166.39681952091198
143.175,166.40579561663117
143.20000000000002,166.41476741507205
143.225,166.42373491829179
143.25,166.43269812834677
143.275,166.44165704729244
143.3,166.4506116771828
143.32500000000002,166.45956202007127
143.35,166.46850807801007
143.375,166.4774498530509
143.4,166.48638734724375
143.425,166.49532056263814
143.45000000000002,166.50424950128243
143.475,166.51317416522406
143.5,166.52209455650944
143.525,166.53101067718418
143.55,166.5399225292925
143.57500000000002,166.54883011487814
143.6,166.5577334359835
143.625,166.56663249465012
143.65,166.5755272929186
143.675,166.58441783282856
143.70000000000002,166.59330411641866
143.725,166.60218614572648
143.75,166.61106392278847
143.775,166.6199374496406
143.8,166.62880672831744
143.82500000000002,166.63767176085278
143.85,166.64653254927956
143.875,166.65538909562926
143.9,166.66424140193314
143.925,166.6730894702208
143.95000000000002,166.68193330252097
143.975,166.69077290086162
144.0,166.69960826726975
144.025,166.7084394037715
144.05,166.71726631239167
144.07500000000002,166.7260889951542
144.1,166.7349074540822
144.125,166.74372169119798
144.15,166.7525317085223
144.175,166.76133750807583
144.20000000000002,166.77013909187733
144.225,166.77893646194505
144.25,166.7877296202964
144.275,166.79651856894756
144.3,166.80530330991377
144.32500000000002,166.8140838452096
144.35,166.82286017684825
144.375,166.8316323068424
144.4,166.8404002372033
144.425,166.84916396994151
144.45000000000002,166.85792350706652
144.475,166.86667885058708
144.5,166.8754300025105
144.525,166.88417696484376
144.55,166.89291973959237
144.57500000000002,166.90165832876127
144.6,166.91039273435408
144.625,166.9191229583734
144.65,166.92784900282143
144.675,166.936570869699
144.70000000000002,166.94528856100598
144.725,166.95400207874138
144.75,166.96271142490332
144.775,166.97141660148887
144.8,166.980117610494
144.82500000000002,166.98881445391396
144.85,166.99750713374291
144.875,167.0061956519741
144.9,167.01488001059982
144.925,167.0235602116114
144.95000000000002,167.03223625699937
144.975,167.04090814875298
145.0,167.04957588886077
145.025,167.05823947931023
145.05,167.06689892208806
145.07500000000002,167.07555421917985
145.1,167.0842053725701
145.125,167.0928523842428
145.15,167.10149525618073
145.175,167.11013399036568
145.20000000000002,167.11876858877835
145.225,167.12739905339882
145.25,167.136025386206
145.275,167.14464758917794
145.3,167.15326566429195
145.32500000000002,167.16187961352398
145.35,167.17048943884922
145.375,167.17909514224183
145.4,167.1876967256751
145.425,167.1962941911218
145.45000000000002,167.20488754055307
145.475,167.21347677593937
145.5,167.22206189925015
145.525,167.2306429124543
145.55,167.2392198175192
145.57500000000002,167.24779261641163
145.6,167.2564065413162
145.625,167.26514884752788
145.65,167.27403689880904
145.675,167.2830730980671
145.70000000000002,167.2922576900551
145.725,167.30159064275674
145.75,167.3110718899849
145.775,167.32070136140842
145.8,167.33047898622115
145.82500000000002,167.3404046935893
145.85,167.35047841270548
145.875,167.36070007279542
145.9,167.37106960311863
145.925,167.38158693296907
145.95000000000002,167.39225199167413
145.975,167.40306470859534
146.0,167.4140250131282
146.025,167.425132834702
146.05,167.43638810278028
146.07500000000002,167.44779074685994
146.1,167.45934069647203
146.125,167.47103788118162
146.15,167.48288223058734
146.175,167.49487367432172
146.20000000000002,167.50701214205108
146.225,167.51929756347553
146.25,167.53172986832905
146.275,167.54430898637935
146.3,167.55703484742776
146.32500000000002,167.5699073813094
146.35,167.58292651789324
146.375,167.5960921870818
146.4,167.6094043188111
146.425,167.62286284305105
146.45000000000002,167.63646768980527
146.475,167.6502187891108
146.5,167.6641160710383
146.525,167.67815946569232
146.55,167.69234890321079
146.57500000000002,167.70668431376484
146.6,167.7211656275597
146.625,167.7357927748342
146.65,167.75056568585993
146.675,167.7654842909427
146.70000000000002,167.78054852042152
146.725,167.7957583046689
146.75,167.8111135740909
146.775,167.82661425912679
146.8,167.84226029024936
146.82500000000002,167.85805159796507
146.85,167.87398811281338
146.875,167.89006976536717
146.9,167.90629648623292
146.925,167.92266820605033
146.95000000000002,167.93918485549244
146.975,167.9558463652653
147.0,167.97265266610881
147.025,167.98960368879574
147.05,168.0066993641321
147.07500000000002,168.02393962295716
147.1,168.04132439614384
147.125,168.05885361459775
147.15,168.07652720925796
147.175,168.09434511109671
147.20000000000002,168.11230725111918
147.225,168.13041356036422
147.25,168.14866396990308
147.275,168.16705841084087
147.3,168.18559681431518
147.32500000000002,168.20427911149702
147.35,168.22310523359027
147.375,168.24207511183232
147.4,168.26118867749307
147.425,168.28044586187556
147.45000000000002,168.29984659631603
147.475,168.31939081218357
147.5,168.33907844088012
147.525,168.35890941384102
147.55,168.37888366253407
147.57500000000002,168.39900111846012
147.6,168.41926171315313
147.625,168.43966537817977
147.65,168.46021204513977
147.675,168.48090164566554
147.70000000000002,168.50173411142242
147.725,168.52270937410853
147.75,168.5438273654548
147.775,168.56508801722492
147.8,168.5864912612156
147.82500000000002,168.6080370292562
147.85,168.62972525320865
147.875,168.65155586496792
147.9,168.6735287964615
147.925,168.6956439796496
147.95000000000002,168.71790134652528
147.975,168.7403008291142
148.0,168.7628423594745
148.025,168.78552586969704
148.05,168.80835129190552
148.07500000000002,168.83131855825607
148.1,168.85442760093758
148.125,168.8776783521713
148.15,168.90107074421115
148.175,168.9246047093436
148.20000000000002,168.94828017988766
148.225,168.9720970881949
148.25,168.9960553666493
148.275,169.02015494766752
148.3,169.04439576369833
148.32500000000002,169.06877774722344
148.35,169.09330083075662
148.375,169.11796494684427
148.4,169.14277002806503
148.425,169.1677160070301
148.45000000000002,169.19280281638316
148.475,169.2180303887998
148.5,169.2433986569884
148.525,169.2689075536897
148.55,169.2945570116764
148.57500000000002,169.32034696375362
148.6,169.34627734275904
148.625,169.3723480815624
148.65,169.3985591130657
148.675,169.42491037020318
148.70000000000002,169.4514017859411
148.725,169.48568363260821
148.75,169.52155294238577
148.775,169.5576291284434
148.8,169.593711294058
148.82500000000002,169.62977362070689
148.85,169.6658129290353
148.875,169.70182884397278
148.9,169.73782133325076
148.925,169.77379040633383
148.95000000000002,169.80973607775348
148.975,169.84565836264875
149.0,169.8815572762235
149.025,169.91743283368106
149.05,169.953285050216
149.07500000000002,169.98911394101327
149.1,170.02491952124763
149.125,170.060701806084
149.15,170.09646081067768
149.175,170.13219655017386
149.20000000000002,170.16790903970823
149.225,170.20359829440633
149.25,170.23926432938404
149.275,170.27490715974716
149.3,170.3105268005917
149.32500000000002,170.34612326700423
149.35,170.38169657406112
149.375,170.4172467368289
149.4,170.4527737703646
149.425,170.48827768971523
149.45000000000002,170.52375850991834
149.475,170.55921624600117
149.5,170.59465091298162
149.525,170.6300625258678
149.55,170.6654510996576
149.57500000000002,170.70081664933963
149.6,170.73615918989248
149.625,170.77147873628527
149.65,170.8067753034771
149.675,170.8420489064177
149.70000000000002,170.87729956004662
149.725,170.9125272792939
149.75,170.94773207908005
149.775,170.98291397431558
149.8,171.01807297990132
149.82500000000002,171.0532091107288
149.85,171.0883223816792
149.875,171.12341280762462
149.9,171.15848040342732
149.925,171.19352518393984
149.95000000000002,171.2285471640048
149.975,171.26354635845567
150.0,171.29852278211592
150.025,171.33347644979946
150.05,171.3684073763107
150.07500000000002,171.40331557644404
150.1,171.43820106498467
150.125,171.47306385670817
150.15,171.50790396638007
150.175,171.5427214087566
150.20000000000002,171.57751619858462
150.225,171.6122883506009
150.25,171.6470378795328
150.275,171.68176480009853
150.3,171.71646912700606
150.32500000000002,171.75115087495405
150.35,171.7858100586318
150.375,171.8204466927189
150.4,171.8550607918854
150.425,171.8896523707917
150.45000000000002,171.92422144408872
150.475,171.9587680264179
150.5,171.99329213241126
150.525,172.027793776691
150.55,172.06227297387008
150.57500000000002,172.09672973855186
150.6,172.1311640853304
150.625,172.16557602878981
150.65,172.19996558350508
150.675,172.23433276404162
150.70000000000002,172.26867758495527
150.725,172.3030000607927
150.75,172.33730020609062
150.775,172.3715780353767
150.8,172.40583356316915
150.82500000000002,172.44006680397644
150.85,172.47427777229797
150.875,172.5084664826233
150.9,172.54263294943308
150.925,172.5767771871979
150.95000000000002,172.61089921037956
150.975,172.64499903342988
151.0,172.67907667079203
151.025,172.71313213689916
151.05,172.74716544617488
151.07500000000002,172.78117661303418
151.1,172.81516565188187
151.125,172.84913257711383
151.15,172.88307740311663
151.175,172.9170001442672
151.20000000000002,172.95090081493345
151.225,172.98477942947363
151.25,173.01863600223678
151.275,173.0524705475627
151.3,173.08628307978154
151.32500000000002,173.12007361321477
151.35,173.15384216217367
151.375,173.18758874096085
151.4,173.2213133638695
151.425,173.25501604518325
151.45000000000002,173.28869679917705
151.475,173.3223556401159
151.5,173.35599258225577
151.525,173.3896076398433
151.55,173.42320082711592
151.57500000000002,173.45677215830176
151.6,173.4903216476198
151.625,173.52384930927983
151.65,173.55735515748214
151.675,173.59083920641797
151.70000000000002,173.6243014702693
151.725,173.6577419632087
151.75,173.6911606993998
151.775,173.72455769299683
151.8,173.75793295814498
151.82500000000002,173.79128650898014
151.85,173.82461835962894
151.875,173.8579285242089
151.9,173.89121701682834
151.925,173.92448385158642
151.95000000000002,173.95772904257302
151.975,173.99095260386895
152.0,174.02415454954584
152.025,174.05733489366617
152.05,174.09049365028346
152.07500000000002,174.1236308334417
152.1,174.15674645717607
152.125,174.18984053551247
152.15,174.2229130824679
152.175,174.2559641120497
152.20000000000002,174.28899363825667
152.225,174.32200167507838
152.25,174.35498823649513
152.275,174.38795333647803
152.3,174.42089698898937
152.32500000000002,174.45381920798224
152.35,174.4867200074007
152.375,174.51959940117973
152.4,174.55245740324517
152.425,174.58529402751407
152.45000000000002,174.61810928789396
152.475,174.6509031982837
152.5,174.6836757725729
152.525,174.71642702464231
152.55,174.7491569683635
152.57500000000002,174.78186561759907
152.6,174.81455298620287
152.625,174.84721908801905
152.65,174.87986393688348
152.675,174.91248754662266
152.70000000000002,174.94508993105424
152.725,174.9776711039867
152.75,175.0102310792196
152.775,175.04276987054368
152.8,175.07528749174068
152.82500000000002,175.10778395658323
152.85,175.14025927883512
152.875,175.172713472251
152.9,175.20514655057667
152.925,175.23755852754934
152.95000000000002,175.26994941689657
152.975,175.30231923233754
153.0,175.33466798758238
153.025,175.3669956963323
153.05,175.39930237227958
153.07500000000002,175.43158802910753
153.1,175.46385268049082
153.125,175.49609634009497
153.15,175.5283190215763
153.175,175.56052073858302
153.20000000000002,175.5927015047538
153.225,175.6248613337187
153.25,175.6570002390991
153.275,175.68911823450708
153.3,175.7212153335463
153.32500000000002,175.7532915498114
153.35,175.78534689688792
153.375,175.81738138835303
153.4,175.84939503777468
153.425,175.88138785871212
153.45000000000002,175.91335986471586
153.475,175.94531106932772
153.5,175.97724148608035
153.525,176.0091511284979
153.55,176.04104001009537
153.57500000000002,176.07290814437928
153.60000000000002,176.1047555448474
153.625,176.13658222498873
153.65,176.1683881982831
153.675,176.20017347820212
153.70000000000002,176.23193807820817
153.72500000000002,176.2636820117551
153.75,176.29540529228794
153.775,176.327107933243
153.8,176.35878994804773
153.82500000000002,176.39045135012105
153.85000000000002,176.42209215287315
153.875,176.45371236970536
153.9,176.4853120140106
153.925,176.51689109917243
153.95000000000002,176.54844963856647
153.97500000000002,176.57998764555902
154.0,176.61150513350802
154.025,176.64300211576247
154.05,176.67447860566307
154.07500000000002,176.70593461654155
154.10000000000002,176.73737016172092
154.125,176.76878525451593
154.15,176.80017990823202
154.175,176.83155413616663
154.20000000000002,176.86290795160818
154.22500000000002,176.89424136783663
154.25,176.9255543981227
154.275,176.9568470557296
154.3,176.98811935391095
154.32500000000002,177.01937130591224
154.35000000000002,177.0506029249701
154.375,177.08181422431264
154.4,177.11300521715927
154.425,177.14417591672097
154.45000000000002,177.17532633620007
154.47500000000002,177.2064564887903
154.5,177.23756638767676
154.525,177.268656046036
154.55,177.299725477036
154.57500000000002,177.33077469383633
154.60000000000002,177.36180370958778
154.625,177.3928125374325
154.65,177.4238011905045
154.675,177.45476968192875
154.70000000000002,177.48571802482195
154.72500000000002,177.51664623229232
154.75,177.54755431743945
154.775,177.57844229335447
154.8,177.60931017312
154.82500000000002,177.6401579698102
154.85000000000002,177.6709856964905
154.875,177.7017933662179
154.9,177.7325809920412
154.925,177.76334858700017
154.95000000000002,177.79409616412656
154.97500000000002,177.8248237364434
155.0,177.85553131696568
155.025,177.88621891869923
155.05,177.91688655464193
155.07500000000002,177.9475342377831
155.10000000000002,177.9781619811036
155.125,178.00876979757552
155.15,178.03935770016287
155.175,178.0699257018213
155.20000000000002,178.100473815498
155.22500000000002,178.13100205413133
155.25,178.16151043065162
155.275,178.1919989579809
155.3,178.2224676490323
155.32500000000002,178.25291651671114
155.35000000000002,178.28334557391378
155.375,178.31375483352846
155.4,178.3441443084352
155.425,178.37451401150554
155.45000000000002,178.40486395560228
155.47500000000002,178.4351941535804
155.5,178.4655046182861
155.525,178.4957953625574
155.55,178.52606639922416
155.57500000000002,178.55631774110765
155.60000000000002,178.5865494010208
155.625,178.61676139176816
155.65,178.6469537261462
155.675,178.67712641694285
155.70000000000002,178.7072794769378
155.72500000000002,178.7374129189024
155.75,178.76752675559953
155.775,178.79762099978421
155.8,178.82769566420265
155.82500000000002,178.8577507615932
155.85000000000002,178.88778630468548
155.875,178.9178023062015
155.9,178.9477987788542
155.925,178.97777573534887
155.95000000000002,179.00773318838205
155.97500000000002,179.03767115064252
156.0,179.06758963481025
156.025,179.09748865355746
156.05,179.12736821954786
156.07500000000002,179.1572283454369
156.10000000000002,179.18706904387201
156.125,179.2168903274924
156.15,179.2466922089286
156.175,179.27647470080336
156.20000000000002,179.3062378157314
156.22500000000002,179.33598156631857
156.25,179.36570596516316
156.275,179.39541102485475
156.3,179.42509675797507
156.32500000000002,179.4547631770976
156.35000000000002,179.4844102947877
156.375,179.51403812360235
156.4,179.5436466760904
156.425,179.57323596479267
156.45000000000002,179.60280600224195
156.47500000000002,179.6323568009627
156.5,179.66188837347104
156.525,179.69140073227527
156.55,179.72089388987519
156.57500000000002,179.75036785876293
156.60000000000002,179.77982265142208
156.625,179.80925828032844
156.65,179.83867475794952
156.675,179.86807209674478
156.70000000000002,179.89745030916538
156.72500000000002,179.9268094076548
156.75,179.9561494046479
156.775,179.98547031257192
156.8,180.01477214384562
156.82500000000002,180.04405491088
156.85000000000002,180.07331862607796
156.875,180.10256330183415
156.9,180.1317889505351
156.925,180.16099558455974
156.95000000000002,180.19018321627834
156.97500000000002,180.21935185805336
157.0,180.24850152223948
157.025,180.27763222118318
157.05,180.30674396722273
157.07500000000002,180.3358367726885
157.10000000000002,180.36491064990273
157.125,180.39396561118002
157.15,180.4230016688266
157.175,180.45201883514065
157.20000000000002,180.48101712241268
157.22500000000002,180.509996542925
157.25,180.53895710895185
157.275,180.5678988327595
157.3,180.5968217266065
157.32500000000002,180.62572580274315
157.35000000000002,180.65461107341207
157.375,180.68347755084764
157.4,180.71232524727634
157.425,180.74115417491657
157.45000000000002,180.7699643459792
157.47500000000002,180.7987557726668
157.5,180.82752846717398
157.525,180.8562824416876
157.55,180.88501770838647
157.57500000000002,180.91373427944174
157.60000000000002,180.94243216701625
157.625,180.97111138326514
157.65,180.9997719403356
157.675,181.02841385036692
157.70000000000002,181.05703712549055
157.72500000000002,181.08564177783012
157.75,181.1142278195013
157.775,181.1427952626115
157.8,181.17134411926077
157.82500000000002,181.19987440154117
157.85000000000002,181.22838612153683
157.875,181.256879291324
157.9,181.28535392297104
157.925,181.31381002853846
157.95000000000002,181.34224762007904
157.97500000000002,181.3706667096377
158.0,181.3990673092515
158.025,181.42744943094974
158.05,181.45581308675347
158.07500000000002,181.48415828867644
158.10000000000002,181.5124850487245
158.125,181.54079337889567
158.15,181.56908329118002
158.175,181.59735479755977
158.20000000000002,181.62560791000953
158.22500000000002,181.653842640496
158.25,181.68205900097811
158.275,181.71025700340715
158.3,181.73843665972655
158.32500000000002,181.76659798187185
158.35000000000002,181.79474098177107
158.375,181.82286567134435
158.4,181.85097206250404
158.425,181.87906016715456
158.45000000000002,181.90712999719315
158.47500000000002,181.93518156450855
158.5,181.96321488098246
158.525,181.99122995848847
158.55,182.01922680889223
158.57500000000002,182.0472054440524
158.60000000000002,182.0751658758193
158.625,182.10310811603574
158.65,182.13103217653688
158.675,182.15893806915003
158.70000000000002,182.18682580569492
158.72500000000002,182.21469539798375
158.75,182.2425468578208
158.775,182.27038019700248
158.8,182.2981954273182
158.82500000000002,182.32599256054885
158.85000000000002,182.35377160846812
158.875,182.38153258284217
158.9,182.4092754954296
158.925,182.43700035798045
158.95000000000002,182.46470718223827
158.97500000000002,182.49239597993835
159.0,182.52006676280848
159.025,182.54771954256867
159.05,182.5753543309316
159.07500000000002,182.60297113960212
159.10000000000002,182.63056998027736
159.125,182.65815086464733
159.15,182.6857138043937
159.175,182.71325881119114
159.20000000000002,182.74078589670663
159.22500000000002,182.76829507259927
159.25,182.7957863505209
159.275,182.82325974211557
159.3,182.85071525902
159.32500000000002,182.87815291286293
159.35000000000002,182.90557271526598
159.375,182.93297467784274
159.4,182.96035881219981
159.425,182.98772512993565
159.45000000000002,183.01507364264177
159.47500000000002,183.04240436190156
159.5,183.0697172992911
159.525,183.0970124663794
159.55,183.12428987472703
159.57500000000002,183.15154953588774
159.60000000000002,183.17879146140774
159.625,183.20601566282545
159.65,183.233222151672
159.675,183.2604109394707
159.70000000000002,183.28758203773762
159.72500000000002,183.31473545798121
159.75,183.34187121170282
159.775,183.3689893103958
159.8,183.39608976554612
159.82500000000002,183.4231725886325
159.85000000000002,183.45023779112634
159.875,183.4772853844909
159.9,183.5043153801828
159.925,183.53132778965036
159.95000000000002,183.55832262433526
159.97500000000002,183.58529989567123
160.0,183.61225961508492
160.025,183.63920179399526
160.05,183.66612644381374
160.07500000000002,183.69303357594458
160.10000000000002,183.71992320178447
160.125,183.74679533272263
160.15,183.77364998014122
160.175,183.80048715541463
160.20000000000002,183.8273068699098
160.22500000000002,183.85410913498654
160.25,183.88089396199751
160.275,183.9076613622874
160.3,183.9344113471939
160.32500000000002,183.96114392804702
160.35000000000002,183.98785911616972
160.375,184.01455692287723
160.4,184.04123735947786
160.425,184.06790043727221
160.45000000000002,184.09454616755372
160.47500000000002,184.12117456160854
160.5,184.14778563071542
160.525,184.17437938614546
160.55,184.2009558391628
160.57500000000002,184.2275150010242
160.60000000000002,184.25405688297892
160.625,184.28058149626932
160.65,184.30708885212982
160.675,184.3335789617879
160.70000000000002,184.36005183646384
160.72500000000002,184.3865074873704
160.75,184.412945925713
160.775,184.43936716269
160.8,184.4657712094923
160.82500000000002,184.4921580773037
160.85000000000002,184.51852777730056
160.875,184.54488032065194
160.9,184.57121571851985
160.925,184.59753398205882
160.95000000000002,184.6238351224164
160.97500000000002,184.65011915073265
161.0,184.67638607814027
161.025,184.7026359157647
161.05,184.72886867472465
161.07500000000002,184.75508436613111
161.10000000000002,184.78128300108807
161.125,184.80746459069218
161.15,184.83362914603296
161.175,184.85977667819265
161.20000000000002,184.88590719824631
161.22500000000002,184.91202071726173
161.25,184.93811724629964
161.275,184.9641967964135
161.3,184.9902593786494
161.32500000000002,185.01630500404667
161.35000000000002,185.04233368363703
161.375,185.06834542844538
161.4,185.094340249489
161.425,185.1203181577785
161.45000000000002,185.14627916431712
161.47500000000002,185.17222328010067
161.5,185.1981505161182
161.525,185.22406088335165
161.55,185.2499543927753
161.57500000000002,185.2758310553568
161.60000000000002,185.3016908820564
161.625,185.3275338838275
161.65,185.35336007161612
161.675,185.37916945636104
161.70000000000002,185.40496204899424
161.72500000000002,185.43073786044047
161.75,185.45649690161733
161.775,185.48223918343527
161.8,185.50796471679786
161.82500000000002,185.53367351260144
161.85000000000002,185.55936558173505
161.875,185.5850409350813
161.9,185.61069958351501
161.925,185.63634153790406
161.95000000000002,185.66196680910943
161.97500000000002,185.68757540798524
162.0,185.7131673453781
162.025,185.73874263212775
162.05,185.76430127906684
162.07500000000002,185.7898432970212
162.10000000000002,185.81536869680932
162.125,185.84087748924276
162.15,185.86636968512636
162.175,185.89184529525747
162.20000000000002,185.9173043304265
162.22500000000002,185.9427468014169
162.25,185.96817271900508
162.275,185.99358209396055
162.3,186.01897493704578
162.32500000000002,186.0443512590164
162.35000000000002,186.06971107062063
162.375,186.09505438260007
162.4,186.12038120568906
162.425,186.14569155061506
162.45000000000002,186.1709854280986
162.47500000000002,186.19626284885354
162.5,186.22152382358607
162.525,186.24676836299577
162.55,186.27199647777533
162.57500000000002,186.29720817861045
162.60000000000002,186.32240347617994
162.625,186.34758238115552
162.65,186.37274490420188
162.675,186.39789105597717
162.70000000000002,186.42302084713222
162.72500000000002,186.44813428831122
162.75,186.4732313901511
162.775,186.4983121632823
162.8,186.5233766183278
162.82500000000002,186.5484247659041
162.85000000000002,186.5734566166206
162.875,186.59847218107979
162.9,186.62347146987767
162.925,186.64845449360286
162.95000000000002,186.67342126283708
162.97500000000002,186.69837178815533
163.0,186.72330608012598
163.025,186.74822414931012
163.05,186.7731260062622
163.07500000000002,186.79801166152967
163.10000000000002,186.82288112565317
163.125,186.84773440916646
163.15,186.8725715225964
163.175,186.8973924764632
163.20000000000002,186.92219728128003
163.22500000000002,186.94698594755334
163.25,186.97175848578274
163.275,186.9965149064611
163.3,187.0212552200741
163.32500000000002,187.0459794371011
163.35000000000002,187.07068756801385
163.375,187.09537962327826
163.4,187.1200556133528
163.425,187.14471554868948
163.45000000000002,187.1693594397333
163.47500000000002,187.19398729692253
163.5,187.21859913068866
163.525,187.24319495145627
163.55,187.26777476964335
163.57500000000002,187.29233859566094
163.60000000000002,187.3168864399133
163.625,187.3414183127981
163.65,187.36593422470634
163.675,187.39043418602205
163.70000000000002,187.41491820712224
163.72500000000002,187.43938629837757
163.75,187.46383847015198
163.775,187.4882747328026
163.8,187.51269509667958
163.82500000000002,187.53709957212646
163.85000000000002,187.56148816948036
163.875,187.58586089907112
163.9,187.61021777122224
163.925,187.6345587962506
163.95000000000002,187.658883984466
163.97500000000002,187.68319334617183
164.0,187.70748689166481
164.025,187.73176463123463
164.05,187.75602657516444
164.07500000000002,187.78027273373087
164.10000000000002,187.80450311720384
164.125,187.8287177358462
164.15,187.8529165999144
164.175,187.87709971965853
164.20000000000002,187.9012671053215
164.22500000000002,187.9254187671397
164.25,187.94955471534314
164.275,187.9736749601549
164.3,187.99777951179144
164.32500000000002,188.02186838046262
164.35000000000002,188.0459415763715
164.375,188.06999910971481
164.4,188.0940409906823
164.425,188.1180672294574
164.45000000000002,188.14207783621697
164.47500000000002,188.16607282113083
164.5,188.19005219436252
164.525,188.2140159660688
164.55,188.2379641464
164.57500000000002,188.26189674549946
164.60000000000002,188.28581377350466
164.625,188.30971524054578
164.65,188.33360115674654
164.675,188.35747153222445
164.70000000000002,188.38132637708983
164.72500000000002,188.4051657014472
164.75,188.42898951539368
164.775,188.4527978290205
164.8,188.4765906524118
164.82500000000002,188.50036799564563
164.85000000000002,188.52412986879324
164.875,188.54787628191937
164.9,188.57160724508194
164.925,188.59532276833264
164.95000000000002,188.61902286171673
164.97500000000002,188.64270753527282
165.0,188.66637679903272
165.025,188.6900306630221
165.05,188.71366913725993
165.07500000000002,188.73729223175846
165.10000000000002,188.76089995652382
165.125,188.78449232155538
165.15,188.80806933684607
165.175,188.83163101238233
165.20000000000002,188.855177358144
165.22500000000002,188.87870838410453
165.25,188.90222410023105
165.275,188.92572451648385
165.3,188.94920964281695
165.32500000000002,188.97267948917792
165.35000000000002,188.9961340655078
165.375,189.01957338174103
165.4,189.0429974478061
165.425,189.06640627362447
165.45000000000002,189.08979986911123
165.47500000000002,189.11317824417512
165.5,189.1365414087185
165.525,189.15988937263722
165.55,189.18322214582068
165.57500000000002,189.20653973815195
165.60000000000002,189.2298421595075
165.625,189.25312941975756
165.65,189.27640152876558
165.675,189.29965849638904
165.70000000000002,189.32290033247887
165.72500000000002,189.34612704687964
165.75,189.3693386494294
165.775,189.39253514995943
165.8,189.41571655829543
165.82500000000002,189.43888288425623
165.85000000000002,189.46203413765414
165.875,189.48517032829548
165.9,189.50829146598005
165.925,189.53139756050095
165.95000000000002,189.5544886216452
165.97500000000002,189.57756465919354
166.0,189.60062568292017
166.025,189.62367170259293
166.05,189.64670272797358
166.07500000000002,189.66971876881718
166.10000000000002,189.69271983487255
166.125,189.7157059358822
166.15,189.7386770815824
166.175,189.76163328170287
166.20000000000002,189.78457454596727
166.22500000000002,189.80750088409243
166.25,189.83041230578957
166.275,189.85330882076317
166.3,189.87619043871132
166.32500000000002,189.89905716932597
166.35000000000002,189.921909022293
166.375,189.94474600729134
166.4,189.96756813399412
166.425,189.99037541206812
166.45000000000002,190.01316785117385
166.47500000000002,190.03594546096537
166.5,190.05870825109045
166.525,190.08145623119108
166.55,190.10418941090214
166.57500000000002,190.12690779985294
166.60000000000002,190.14961140766607
166.625,190.17230024395835
166.65,190.1949743183399
166.675,190.21763364041462
166.70000000000002,190.2402782197805
166.72500000000002,190.2629080660289
166.75,190.28552318874503
166.775,190.30812359750814
166.8,190.33070930189112
166.82500000000002,190.35328031146037
166.85000000000002,190.3758366357762
166.875,190.39837828439283
166.9,190.42090526685834
166.925,190.44341759271444
166.95000000000002,190.4659152714966
166.97500000000002,190.48839831273418
167.0,190.51086672595022
167.025,190.53332052066187
167.05,190.55575970637966
167.07500000000002,190.57818429260806
167.10000000000002,190.60059428884554
167.125,190.62298970458428
167.15,190.64537054931014
167.175,190.66773683250312
167.20000000000002,190.69008856363686
167.22500000000002,190.71242575217877
167.25,190.73474840759025
167.275,190.7570565393264
167.3,190.77935015683664
167.32500000000002,190.80162926956362
167.35000000000002,190.823893886944
167.375,190.84614401840844
167.4,190.8683796733814
167.425,190.89060086128134
167.45000000000002,190.91280759152036
167.47500000000002,190.9349998735046
167.5,190.9571777166342
167.525,190.9793411303027
167.55,191.00149012389812
167.57500000000002,191.02362470680194
167.60000000000002,191.0457448883898
167.625,191.06785067803102
167.65,191.089942085089
167.675,191.11201911892095
167.70000000000002,191.13408178887812
167.72500000000002,191.15613010430562
167.75,191.1781640745425
167.775,191.20019608296798
167.8,191.22238012963612
167.82500000000002,191.24474774434873
167.85000000000002,191.26730332678605
167.875,191.290047332703
167.9,191.31297971095785
167.925,191.33610034780096
167.95000000000002,191.35940912190372
167.97500000000002,191.3829059110845
168.0,191.4065905931281
168.025,191.43046304588475
168.05,191.4545231472832
168.07500000000002,191.47877077533104
168.10000000000002,191.5032058081157
168.125,191.52782812380354
168.15,191.55263760064088
168.175,191.57763411695308
168.20000000000002,191.60281755114448
168.22500000000002,191.6281877816991
168.25,191.65374468717994
168.275,191.67948814622915
168.3,191.70541803756794
168.32500000000002,191.73153423999662
168.35000000000002,191.7578366323943
168.375,191.78432509371913
168.4,191.8109995030081
168.425,191.83785973937717
168.45000000000002,191.8649056820207
168.47500000000002,191.89213721021193
168.5,191.91955420330277
168.525,191.94715654072346
168.55,191.97494410198343
168.57500000000002,192.00291676667024
168.60000000000002,192.0310744144497
168.625,192.0594169250664
168.65,192.08794417834304
168.675,192.1166560541807
168.70000000000002,192.14555243255901
168.72500000000002,192.17463319353513
168.75,192.2038982172447
168.775,192.2333473839015
168.8,192.26298057379765
168.82500000000002,192.29279766730252
168.85000000000002,192.32279854486418
168.875,192.35298308700823
168.9,192.38335117433803
168.925,192.41390268753514
168.95000000000002,192.44463750735815
168.97500000000002,192.47555551464404
169.0,192.50665659030716
169.025,192.53794061533924
169.05,192.56940747081003
169.07500000000002,192.60105703786627
169.10000000000002,192.63288919773274
169.125,192.66490383171063
169.15,192.69710082117933
169.175,192.72948004759522
169.20000000000002,192.76204139249202
169.22500000000002,192.7947847374807
169.25,192.82770996424895
169.275,192.86081695456198
169.3,192.89410559026214
169.32500000000002,192.92757575326812
169.35000000000002,192.96122732557606
169.375,192.99506018925885
169.4,193.02907422646612
169.425,193.0632693194248
169.45000000000002,193.09764535043763
169.47500000000002,193.13220220188487
169.5,193.1669397562232
169.525,193.20185789598554
169.55,193.23695650378167
169.57500000000002,193.27223546229752
169.60000000000002,193.30769465429606
169.625,193.34333396261613
169.65,193.37915327017322
169.675,193.4151524599588
169.70000000000002,193.45133141504104
169.72500000000002,193.48769001856374
169.75,193.52422815374717
169.775,193.56094570388754
169.8,193.59784255235712
169.82500000000002,193.6349185826043
169.85000000000002,193.67217367815346
169.875,193.70960772260463
169.9,193.7472205996339
169.925,193.78501219299295
169.95000000000002,193.82298238650947
169.97500000000002,193.86113106408646
170.0,193.8994581097031
170.025,193.93796340741355
170.05,193.9766468413477
170.07500000000002,194.01550829571156
170.10000000000002,194.05454765478555
170.125,194.0937648029264
170.15,194.1331596245657
170.175,194.1727320042106
170.20000000000002,194.2124818264429
170.22500000000002,194.25240897592036
170.25,194.29251333737568
170.275,194.3327947956165
170.3,194.37325323552545
170.32500000000002,194.41388854206056
170.35000000000002,194.45470060025448
170.375,194.49568929521485
170.4,194.5368545121241
170.425,194.5781961362395
170.45000000000002,194.61971405289316
170.47500000000002,194.66140814749204
170.5,194.70327830551741
170.525,194.74532441252572
170.55,194.7875463541472
170.57500000000002,194.82994401608718
170.60000000000002,194.8725172841255
170.625,194.91526604411618
170.65,194.95819018198728
170.675,195.00128958374194
170.70000000000002,195.04456413545697
170.72500000000002,195.08801372328398
170.75,195.13163823344848
170.775,195.1754375522498
170.8,195.21941156606152
170.82500000000002,195.2635601613317
170.85000000000002,195.3078832245818
170.875,195.3523806424076
170.9,195.39703511997575
170.925,195.44169636101356
170.95000000000002,195.4863335807911
170.97500000000002,195.53094239941382
171.0,195.5755222732839
171.025,195.6200731518406
171.05,195.66459504547285
171.07500000000002,195.70908797200582
171.10000000000002,195.75355195015925
171.125,195.79798699875099
171.15,195.84239313659955
171.175,195.8867703825134
171.20000000000002,195.9311187552885
171.22500000000002,195.97543827370907
171.25,196.0197289565467
171.275,196.063990822561
171.3,196.1082238904995
171.32500000000002,196.1524281790973
171.35000000000002,196.19660370707723
171.375,196.24075049315022
171.4,196.28486855601486
171.425,196.3289579143578
171.45000000000002,196.3730185868533
171.47500000000002,196.41705059216326
171.5,196.4610539489383
171.525,196.50502867581574
171.55,196.5489747914215
171.57500000000002,196.59289231436935
171.60000000000002,196.63678126326076
171.625,196.68064165668508
171.65,196.72447351321995
171.675,196.76827685143044
171.70000000000002,196.81205168986986
171.72500000000002,196.85579804707925
171.75,196.89951594158754
171.775,196.94320539191207
171.8,196.98686641655775
171.82500000000002,197.0304990340175
171.85000000000002,197.0741032627721
171.875,197.1176791212905
171.9,197.1612266280296
171.925,197.2047458014344
171.95000000000002,197.24823665993756
171.97500000000002,197.29169922195987
172.0,197.33513350591073
172.025,197.37853953018677
172.05,197.42191731317288
172.07500000000002,197.4652668732421
172.10000000000002,197.50858822875537
172.125,197.5518813980618
172.15,197.59514639949867
172.175,197.6383832513914
172.20000000000002,197.68159197205318
172.22500000000002,197.7247725797854
172.25,197.7679250928775
172.275,197.81104952960712
172.3,197.85414590823981
172.32500000000002,197.89721424702978
172.35000000000002,197.94025456421872
172.375,197.9832668780368
172.4,198.02625120670234
172.425,198.06920756842163
172.45000000000002,198.11213598138903
172.47500000000002,198.15503646378755
172.5,198.19790903378814
172.525,198.24075370954958
172.55,198.28357050921932
172.57500000000002,198.32635945093256
172.60000000000002,198.36912055281314
172.625,198.41185383297315
172.65,198.45455930951235
172.675,198.49723700051922
172.70000000000002,198.53988692407015
172.72500000000002,198.58250909823005
172.75,198.62510354105163
172.775,198.66767027057668
172.8,198.71020930483454
172.82500000000002,198.75272066184297
172.85000000000002,198.7952043596082
172.875,198.83766041612435
172.9,198.88008884937435
172.925,198.9224896773292
172.95000000000002,198.96486291794815
172.97500000000002,199.00720858917865
173.0,199.049526708957
173.025,199.0918172952071
173.05,199.13408036584175
173.07500000000002,199.1763159387621
173.10000000000002,199.21852403185707
173.125,199.2607046630047
173.15,199.3028578500709
173.175,199.34498361091002
173.20000000000002,199.38708196336515
173.22500000000002,199.42915292526735
173.25,199.47119651443603
173.275,199.5132127486796
173.3,199.55520164579443
173.32500000000002,199.5971632235651
173.35000000000002,199.6390974997651
173.375,199.6810044921562
173.4,199.72288421848862
173.425,199.7647366965008
173.45000000000002,199.80656194392012
173.47500000000002,199.8483599784619
173.5,199.8901308178302
173.525,199.93187447971758
173.55,199.97359098180505
173.57500000000002,200.01528034176218
173.60000000000002,200.05694257724707
173.625,200.09857770590602
173.65,200.14018574537434
173.675,200.1817667132757
173.70000000000002,200.2233206272217
173.72500000000002,200.26484750481333
173.75,200.30634736363984
173.775,200.34782022127922
173.8,200.38926609529753
173.82500000000002,200.43068500324972
173.85000000000002,200.47207696267924
173.875,200.51344199111824
173.9,200.55478010608746
173.925,200.59609132509624
173.95000000000002,200.63737566564237
173.97500000000002,200.67863314521233
174.0,200.71986378128125
174.025,200.7610675913129
174.05,200.80224459275973
174.07500000000002,200.84339480306295
174.10000000000002,200.88451823965204
174.125,200.92561491994533
174.15,200.96668486135016
174.175,201.00772808126197
174.20000000000002,201.04874459706537
174.22500000000002,201.08973442613345
174.25,201.13069758582765
174.275,201.17163409349902
174.3,201.2125439664864
174.32500000000002,201.25342722211795
174.35000000000002,201.29428387771028
174.375,201.33511395056883
174.4,201.37591745798755
174.425,201.41669441724954
174.45000000000002,201.45744484562633
174.47500000000002,201.49816876037843
174.5,201.53886617875483
174.525,201.5795371179939
174.55,201.62018159532215
174.57500000000002,201.66079962795513
174.60000000000002,201.70139123309707
174.625,201.74195642794146
174.65,201.78249522967016
174.675,201.8230076554539
174.70000000000002,201.8634937224523
174.72500000000002,201.90395344781393
174.75,201.944386848676
174.775,201.98479394216469
174.8,202.025174745395
174.82500000000002,202.06552927547108
174.85000000000002,202.10585754948542
174.875,202.14615958451986
174.9,202.18643539764466
174.925,202.22668500591968
174.95000000000002,202.26690842639312
174.97500000000002,202.30710567610205
175.0,202.34727677207275
175.025,202.38742173132022
175.05,202.4275405708486
175.07500000000002,202.46763330765086
175.10000000000002,202.50769995870877
175.125,202.54774054099346
175.15,202.58775507146458
175.175,202.62774356707092
175.20000000000002,202.66770604475033
175.22500000000002,202.7076425214294
175.25,202.74755301402405
175.275,202.78743753943888
175.3,202.82729611456773
175.32500000000002,202.8671287562933
175.35000000000002,202.90693548148732
175.375,202.94671630701052
175.4,202.98647124971305
175.425,203.0262003264336
175.45000000000002,203.06590355399996
175.47500000000002,203.10558094922916
175.5,203.14523252892724
175.525,203.1848583098894
175.55,203.22445830889973
175.57500000000002,203.26403254273137
175.60000000000002,203.30358102814677
175.625,203.3431037818973
175.65,203.38260082072375
175.675,203.4220721613555
175.70000000000002,203.46151782051132
175.72500000000002,203.5009378148993
175.75,203.54033216121624
175.775,203.57970087614854
175.8,203.61904397637142
175.82500000000002,203.65836147854918
175.85000000000002,203.6976533993358
175.875,203.7369197553737
175.9,203.77616056329504
175.925,203.81537583972076
175.95000000000002,203.85456560126136
175.97500000000002,203.89372986451647
176.0,203.93286864607478
176.025,203.9719819625141
176.05,204.0110698304015
176.07500000000002,204.05013226629382
176.10000000000002,204.08916928673628
176.125,204.1281809082636
176.15,204.16716714740016
176.175,204.2061280206593
176.20000000000002,204.24506354454348
176.22500000000002,204.28397373554458
176.25,204.3228586101437
176.275,204.36171818481148
176.3,204.4005524760075
176.32500000000002,204.4393615001809
176.35000000000002,204.47814527376963
176.375,204.5169038132015
176.4,204.55563713489352
176.425,204.59434525525188
176.45000000000002,204.63302819067198
176.47500000000002,204.67168595753893
176.5,204.71031857222687
176.525,204.74892605109937
176.55,204.78750841050962
176.57500000000002,204.82606566679945
176.60000000000002,204.8645978363011
176.625,204.90310493533525
176.65,204.9415869802124
176.675,204.98004398723228
176.70000000000002,205.0184759726844
176.72500000000002,205.05688295284716
176.75,205.09526494398864
176.775,205.13362196236645
176.8,205.17195402422746
176.82500000000002,205.21026114580786
176.85000000000002,205.24854334333338
176.875,205.28680063301942
176.9,205.3250330310703
176.925,205.36324055368047
176.95000000000002,205.40142321703328
176.97500000000002,205.43958103730196
177.0,205.47771403064883
177.025,205.51582221322607
177.05,205.5539056011753
177.07500000000002,205.59196421062737
177.10000000000002,205.6299980577027
177.125,205.6680071585112
177.15,205.70599152915267
177.175,205.74395118571633
177.20000000000002,205.78188614428072
177.22500000000002,205.81979642091383
177.25,205.8576820316735
177.275,205.89554299260683
177.3,205.93337931975083
177.32500000000002,205.9711910291318
177.35000000000002,206.0089781367655
177.375,206.04674065865777
177.4,206.0844786108035
177.425,206.12219200918778
177.45000000000002,206.15988086978456
177.47500000000002,206.19754520855778
177.5,206.2351850414611
177.525,206.2728003844378
177.55,206.3103912534207
177.57500000000002,206.34795766433203
177.60000000000002,206.38549963308384
177.625,206.42301717557814
177.65,206.46051030770622
177.675,206.49797904534898
177.70000000000002,206.53542340437744
177.72500000000002,206.5728434006516
177.75,206.61023905002173
177.775,206.6476103683277
177.8,206.6849573713989
177.82500000000002,206.7222800750545
177.85000000000002,206.75957849510334
177.875,206.79685264734417
177.9,206.83410254756492
177.925,206.87132821154393
177.95000000000002,206.90852965504894
177.97500000000002,206.9457068938375
178.0,206.9828599436568
178.025,207.01998882024392
178.05,207.05709353932573
178.07500000000002,207.09417411661875
178.10000000000002,207.13123056782936
178.125,207.16826290865373
178.15,207.20527115477765
178.175,207.24225532187685
178.20000000000002,207.27921542561683
178.22500000000002,207.3161514816527
178.25,207.35306350562996
178.275,207.3899515131833
178.3,207.42681551993792
178.32500000000002,207.46365554150827
178.35000000000002,207.50047159349865
178.375,207.53726369150337
178.4,207.57403185110667
178.425,207.61077608788267
178.45000000000002,207.64749641739527
178.47500000000002,207.684192855198
178.5,207.72086541683484
178.525,207.7575141178393
178.55,207.79413897373476
178.57500000000002,207.8307400000347
178.60000000000002,207.86731721224217
178.625,207.90387062585052
178.65,207.94040025634257
178.675,207.9769061191917
178.70000000000002,208.01338822986077
178.72500000000002,208.04984660380273
178.75,208.08628125646015
178.775,208.12269220326598
178.8,208.15907945964307
178.82500000000002,208.19544304100407
178.85000000000002,208.2317829627518
178.875,208.2680992402788
178.9,208.30439188896796
178.925,208.3406609241916
178.95000000000002,208.3769063613127
178.97500000000002,208.4131282156838
179.0,208.4493265026476
179.025,208.48550123753702
179.05,208.52165243567464
179.07500000000002,208.55778011237305
179.10000000000002,208.59388428293528
179.125,208.62996496265401
179.15,208.66602216681216
179.175,208.70205591068301
179.20000000000002,208.73806620952917
179.22500000000002,208.7740530786039
179.25,208.8100165331505
179.275,208.8459565884021
179.3,208.881873259582
179.32500000000002,208.91776656190376
179.35000000000002,208.95363651057085
179.375,208.98948312077692
179.4,209.02530640770587
179.425,209.06110638653138
179.45000000000002,209.09688307241788
179.47500000000002,209.13263648051918
179.5,209.1683666259795
179.525,209.20407352393354
179.55,209.23975718950592
179.57500000000002,209.27541763781136
179.60000000000002,209.31105488395477
179.625,209.34666894303115
179.65,209.38225983012606
179.675,209.41782756031492
179.70000000000002,209.45337214866328
179.72500000000002,209.48889361022722
179.75,209.5243919600526
179.775,209.5598672131758
179.8,209.59531938462334
179.82500000000002,209.63074848941181
179.85000000000002,209.66615454254853
179.875,209.70153755903044
179.9,209.7368975538451
179.925,209.7722345419703
179.95000000000002,209.80754853837374
179.97500000000002,209.84283955801385
180.0,209.87810761583899
180.025,209.91335272678808
180.05,209.94857490579005
180.07500000000002,209.98377416776427
180.10000000000002,210.01895052762046
180.125,210.05410400025843
180.15,210.0892346005683
180.175,210.1243423434308
180.20000000000002,210.15942724371675
180.22500000000002,210.19448931628747
180.25,210.2295285759945
180.275,210.2645450376798
180.3,210.29953871617522
180.32500000000002,210.3345096263035
180.35000000000002,210.3694577828778
180.375,210.4043832007013
180.4,210.43928589456752
180.425,210.4741658792607
180.45000000000002,210.50902316955518
180.47500000000002,210.54385778021572
180.5,210.5786697259974
180.525,210.61345902164595
180.55,210.6482256818976
180.57500000000002,210.68296972147846
180.60000000000002,210.71769115510563
180.625,210.75238999748638
180.65,210.78706626331822
180.675,210.82171996728943
180.70000000000002,210.85635112407863
180.72500000000002,210.89095974835482
180.75,210.9255458547775
180.775,210.96010945799674
180.8,210.99465057265292
180.82500000000002,211.02916921337712
180.85000000000002,211.0636653947905
180.875,211.0981391315049
180.9,211.13259043812275
180.925,211.16701932923706
180.95000000000002,211.20142581943114
180.97500000000002,211.235809923279
181.0,211.270171655345
181.025,211.304511030184
181.05,211.33882806234166
181.07500000000002,211.3731227663538
181.10000000000002,211.40739515674684
181.125,211.44164524803847
181.15,211.4758730547358
181.175,211.51007859133733
181.20000000000002,211.54426187233182
181.22500000000002,211.57842291219885
181.25,211.61256172540794
181.275,211.64667832641993
181.3,211.68077272968603
181.32500000000002,211.71484494964784
181.35000000000002,211.74889500073772
181.375,211.7829228973787
181.4,211.81692865398423
181.425,211.85091228495847
181.45000000000002,211.88487380469635
181.47500000000002,211.9188132275834
181.5,211.95273056799547
181.525,211.98662584029955
181.55,212.02049905885303
181.57500000000002,212.05435023800402
181.60000000000002,212.08817939209112
181.625,212.12198653544377
181.65,212.15577168238195
181.675,212.18953484721663
181.70000000000002,212.22327604424916
181.72500000000002,212.25699528777176
181.75,212.29069259206722
181.775,212.32436797140917
181.8,212.35802144006172
181.82500000000002,212.39165301228
181.85000000000002,212.4252627023098
181.875,212.45885052438774
181.9,212.49241649274077
181.925,212.5259606215871
181.95000000000002,212.55948292513523
181.97500000000002,212.59298341758466
182.0,212.62646211312548
182.025,212.65991902593856
182.05,212.69335417019613
182.07500000000002,212.72676756006032
182.10000000000002,212.76015920968464
182.125,212.79352913321327
182.15,212.8268773447809
182.175,212.8602038585137
182.20000000000002,212.89350868852785
182.22500000000002,212.9267918489308
182.25,212.96005335382097
182.275,212.99329321728706
182.3,213.02651145340897
182.32500000000002,213.05970807625746
182.35000000000002,213.09288309989387
182.375,213.12603653837084
182.4,213.15916840573135
182.425,213.1922787160097
182.45000000000002,213.22536748323083
182.47500000000002,213.25843472141068
182.5,213.29148044455587
182.525,213.32450466666396
182.55,213.3575074017238
182.57500000000002,213.39048866371442
182.60000000000002,213.42344846660657
182.625,213.45638682436106
182.65,213.4893037509302
182.675,213.52219926025728
182.70000000000002,213.55507336627602
182.72500000000002,213.58792608291148
182.75,213.62075742407956
182.775,213.6535674036871
182.8,213.68635603563195
182.82500000000002,213.71912333380277
182.85000000000002,213.75186931207935
182.875,213.78459398433222
182.9,213.81729736442327
182.925,213.84997946620513
182.95000000000002,213.8826403035211
182.97500000000002,213.915279890206
183.0,213.94789824008558
183.025,213.98049536697638
183.05,214.01307128468605
183.07500000000002,214.04562600701334
183.10000000000002,214.07815954774802
183.125,214.11067192067065
183.15,214.143163139553
183.175,214.1756332181577
183.20000000000002,214.20808217023892
183.22500000000002,214.2405100095413
183.25,214.27291674980083
183.275,214.3053024047447
183.3,214.33766698809077
183.32500000000002,214.37001051354838
183.35000000000002,214.40233299481775
183.375,214.43463444559026
183.4,214.46691487954845
183.425,214.49917431036545
183.45000000000002,214.5314127517062
183.47500000000002,214.56363021722618
183.5,214.59582672057257
183.525,214.62800227538327
183.55,214.66015689528717
183.57500000000002,214.69229059390483
183.60000000000002,214.72440338484725
183.625,214.75649528171735
183.65,214.78856629810872
183.675,214.82061644760608
183.70000000000002,214.85264574378553
183.72500000000002,214.88465420021407
183.75,214.91664183045023
183.775,214.94860864804375
183.8,214.9805546665349
183.82500000000002,215.01247989945588
183.85000000000002,215.0443843603296
183.875,215.07626806267027
183.9,215.10813101998374
183.925,215.13997324576653
183.95000000000002,215.1717947535066
183.97500000000002,215.20359555668324
184.0,215.23537566876675
184.025,215.2671351032188
184.05,215.2988738734922
184.07500000000002,215.33059199303108
184.10000000000002,215.36228947527096
184.125,215.39396633363845
184.15,215.42562258155144
184.175,215.45725823241912
184.20000000000002,215.48887329964174
184.22500000000002,215.52046779661134
184.25,215.55204173671092
184.275,215.58359513331473
184.3,215.6151279997885
184.32500000000002,215.64664034948905
184.35000000000002,215.67813219576456
184.375,215.70960355195461
184.4,215.74105443139013
184.425,215.77248484739326
184.45000000000002,215.80389481327776
184.47500000000002,215.83528434234842
184.5,215.8666534479016
184.525,215.89800214322455
184.55,215.92933044159645
184.57500000000002,215.96063835628743
184.60000000000002,215.99192590055915
184.625,216.02319308766474
184.65,216.05443993084864
184.675,216.08566644334658
184.70000000000002,216.11687263838593
184.72500000000002,216.14805852918522
184.75,216.17922412895422
184.775,216.2103694508946
184.8,216.24149450819905
184.82500000000002,216.2725993140517
184.85000000000002,216.30368388162833
184.875,216.334748224096
184.9,216.3657923546129
184.925,216.39681628632943
184.95000000000002,216.42782003238665
184.97500000000002,216.45880360591755
185.0,216.4897670200465
185.025,216.52071028788916
185.05,216.55163342255287
185.07500000000002,216.58253643713616
185.10000000000002,216.61341934472946
185.125,216.64428215841426
185.15,216.6751248912639
185.175,216.70594755634286
185.20000000000002,216.73675016670742
185.22500000000002,216.76753273540507
185.25,216.7982952754751
185.275,216.82903779994808
185.3,216.85976032184627
185.32500000000002,216.89046285418368
185.35000000000002,216.9211454099655
185.375,216.9518080021884
185.4,216.9824506438408
185.425,217.01307334790255
185.45000000000002,217.04367612734532
185.47500000000002,217.07425899513186
185.5,217.10482196421685
185.525,217.13536504754674
185.55,217.165888258059
185.57500000000002,217.19639160868294
185.60000000000002,217.22687511233957
185.625,217.25733878194163
185.65,217.2877826303932
185.675,217.31820667058957
185.70000000000002,217.34861091541845
185.72500000000002,217.37899537775866
185.75,217.40936007048086
185.775,217.43970500644716
185.8,217.47003019851147
185.82500000000002,217.50033565951924
185.85000000000002,217.53062140230776
185.875,217.56088743970537
185.9,217.59113378453284
185.925,217.62136044960212
185.95000000000002,217.651567447717
185.97500000000002,217.68175479167297
186.0,217.71192249425687
186.025,217.7420705682477
186.05,217.77219902641582
186.07500000000002,217.80230788152355
186.10000000000002,217.83239714632452
186.125,217.86246683356435
186.15,217.89251695598045
186.175,217.92254752630183
186.20000000000002,217.952558557249
186.22500000000002,217.9825500615345
186.25,218.01252205186233
186.275,218.04247454092854
186.3,218.0724075414208
186.32500000000002,218.10232106601816
186.35000000000002,218.1322151273921
186.375,218.16208973820537
186.4,218.19194491111273
186.425,218.22178065876028
186.45000000000002,218.2515969937864
186.47500000000002,218.28139392882105
186.5,218.31117147648618
186.525,218.34092964939512
186.55,218.37066846015318
186.57500000000002,218.40038792135763
186.60000000000002,218.4300880455971
186.625,218.4597688454527
186.65,218.48943033349704
186.675,218.51907252229424
186.70000000000002,218.54869542440062
186.72500000000002,218.57829905236423
186.75,218.60788341872487
186.775,218.63744853601438
186.8,218.66699441675644
186.82500000000002,218.69652107346636
186.85000000000002,218.72602851865122
186.875,218.75551676481052
186.9,218.78498582443504
186.925,218.81443571000747
186.95000000000002,218.84386643400296
186.97500000000002,218.87327800888806
187.0,218.9026704471215
187.025,218.93204376115352
187.05,218.9613979634265
187.07500000000002,218.99073306637456
187.10000000000002,219.02004908242387
187.125,219.04934602399257
187.15,219.07862390349084
187.175,219.10788273332025
187.20000000000002,219.13712252587504
187.22500000000002,219.16634329354088
187.25,219.19554504869532
187.275,219.22472780370796
187.3,219.25389157094094
187.32500000000002,219.28303636274757
187.35000000000002,219.31216219147322
187.375,219.34126906945568
187.4,219.37035700902442
187.425,219.399426022501
187.45000000000002,219.42847612219865
187.47500000000002,219.45750732042305
187.5,219.4865196294714
187.525,219.51551306163336
187.55,219.54448762919014
187.57500000000002,219.57344334441567
187.60000000000002,219.60238021957497
187.625,219.63129826692568
187.65,219.66019749871737
187.675,219.68907792719156
187.70000000000002,219.7179395645819
187.72500000000002,219.74678242311404
187.75,219.77560651500553
187.775,219.8044118524665
187.8,219.83319844769846
187.82500000000002,219.8619663128951
187.85000000000002,219.89071546024243
187.875,219.91944590191883
187.9,219.94815765009398
187.925,219.97685071693027
187.95000000000002,220.00552511458173
187.97500000000002,220.03418085519462
188.0,220.06281795090783
188.025,220.09143641385154
188.05,220.12003625614835
188.07500000000002,220.14861748991322
188.10000000000002,220.17718012725288
188.125,220.20572418026654
188.15,220.2342496610451
188.175,220.2627565816722
188.20000000000002,220.29124495422286
188.22500000000002,220.3197147907649
188.25,220.34816610335778
188.275,220.3765989040538
188.3,220.40501320489653
188.32500000000002,220.433409017922
188.35000000000002,220.4617863551592
188.375,220.49014522862814
188.4,220.51848565034183
188.425,220.54680763230502
188.45000000000002,220.57511118651487
188.47500000000002,220.6033963249605
188.5,220.63166305962352
188.525,220.65991140247738
188.55,220.6881413654883
188.57500000000002,220.7163529606143
188.60000000000002,220.74454619980568
188.625,220.77272109500504
188.65,220.80087765814733
188.675,220.82901590115938
188.70000000000002,220.85713583596018
188.72500000000002,220.8852374744617
188.75,220.91332082856772
188.775,220.94138591017418
188.8,220.96943273116923
188.82500000000002,220.9974613034332
188.85000000000002,221.02547163883918
188.875,221.05346374925244
188.9,221.08143764653022
188.925,221.10939334252208
188.95000000000002,221.13733084907
188.97500000000002,221.1652501780084
189.0,221.19315134116388
189.025,221.22103435035507
189.05,221.24889921739307
189.07500000000002,221.27674595408152
189.10000000000002,221.30457457221624
189.125,221.3323850835852
189.15,221.360177499969
189.175,221.38795183314062
189.20000000000002,221.41570809486493
189.22500000000002,221.44344629689962
189.25,221.4711664509944
189.275,221.49886856889157
189.3,221.5265526623255
189.32500000000002,221.5542187430234
189.35000000000002,221.58186682270443
189.375,221.60949691308016
189.4,221.63710902585478
189.425,221.66470317272476
189.45000000000002,221.69227936537865
189.47500000000002,221.71983761549794
189.5,221.7473779347562
189.525,221.7749003348195
189.55,221.80240482734638
189.57500000000002,221.82989142398765
189.60000000000002,221.85736013638626
189.625,221.8848109761782
189.65,221.91224395499154
189.675,221.93965908444707
189.70000000000002,221.96705637615773
189.72500000000002,221.99443584172877
189.75,222.0217974927583
189.775,222.04914134083668
189.8,222.07646739754657
189.82500000000002,222.10377567446318
189.85000000000002,222.13106618315453
189.875,222.15833893518067
189.9,222.18559394209458
189.925,222.2128312154411
189.95000000000002,222.2400507667584
189.97500000000002,222.26725260757618
190.0,222.29443674941746
190.025,222.32160320379717
190.05,222.3487519822231
190.07500000000002,222.37588309619534
190.10000000000002,222.4029965572067
190.125,222.4300923767425
190.15,222.4571705662806
190.175,222.48423113729135
190.20000000000002,222.51127410123743
190.22500000000002,222.53829946957416
190.25,222.56530725374932
190.275,222.5922974652038
190.3,222.61927011537054
190.32500000000002,222.6462252156752
190.35000000000002,222.67316277753585
190.375,222.7000828123632
190.4,222.72698533156068
190.425,222.7538703465242
190.45000000000002,222.78073786864232
190.47500000000002,222.8075879092959
190.5,222.83442047985903
190.525,222.8612355916977
190.55,222.88803325617096
190.57500000000002,222.91481348462992
190.60000000000002,222.94157628841916
190.625,222.96832167887524
190.65,222.99504966732746
190.675,223.02176026509775
190.70000000000002,223.0484534835008
190.72500000000002,223.07512933384402
190.75,223.10178782742724
190.775,223.12842897554307
190.8,223.1550527894767
190.82500000000002,223.1816592805058
190.85000000000002,223.208248459901
190.875,223.23482033892583
190.9,223.26137492883586
190.925,223.2879122408798
190.95000000000002,223.3144322862987
190.97500000000002,223.3409350763264
191.0,223.36742062218977
191.025,223.3938889351082
191.05,223.42034002629345
191.07500000000002,223.4467739069504
191.10000000000002,223.47319058827628
191.125,223.49959008146146
191.15,223.5259723976888
191.175,223.5523375481336
191.20000000000002,223.57868554396435
191.22500000000002,223.60501639634225
191.25,223.63133011642094
191.275,223.65762671534708
191.3,223.68390620425964
191.32500000000002,223.71016859429102
191.35000000000002,223.73641389656578
191.375,223.76264212220178
191.4,223.78885328230913
191.425,223.8150473879912
191.45000000000002,223.84122445034333
191.47500000000002,223.86738448045455
191.5,223.89352748940635
191.525,223.91965348827276
191.55,223.94576248812083
191.57500000000002,223.97185450001066
191.60000000000002,223.99792953499457
191.625,224.0239876041182
191.65,224.05002871841992
191.675,224.07605288893055
191.70000000000002,224.1020601266742
191.72500000000002,224.12805044266753
191.75,224.15402384791997
191.775,224.17998035343416
191.8,224.20591997020506
191.82500000000002,224.231842709221
191.85000000000002,224.25774858146295
191.875,224.28363759790435
191.9,224.3095097695122
191.925,224.3353651072459
191.95000000000002,224.36120362205793
191.97500000000002,224.38702532489376
192.0,224.41283022669123
192.025,224.43861833838136
192.05,224.46438967088832
192.07500000000002,224.490144235129
192.10000000000002,224.51588204201278
192.125,224.54160310244242
192.15,224.56730742731352
192.175,224.59299502751458
192.20000000000002,224.61866591392678
192.22500000000002,224.64432009742447
192.25,224.66995758887478
192.275,224.6955783991379
192.3,224.72118253906683
192.32500000000002,224.7467700195079
192.35000000000002,224.77234085129965
192.375,224.79789504527406
192.4,224.8234326122562
192.425,224.8489535630637
192.45000000000002,224.87445790850754
192.47500000000002,224.89994565939108
192.5,224.92541682651142
192.525,224.9508714206582
192.55,224.976309452614
192.57500000000002,225.00173093315445
192.60000000000002,225.02713587304817
192.625,225.05252428305693
192.65,225.07789617393533
192.675,225.10325155643113
192.70000000000002,225.12859044128479
192.72500000000002,225.15391283922983
192.75,225.17921876099308
192.775,225.2045082172944
192.8,225.22978121884648
192.82500000000002,225.2550377763549
192.85000000000002,225.2802779005186
192.875,225.30550160202935
192.9,225.33070889157224
192.925,225.35589977982497
192.95000000000002,225.38107427745868
192.97500000000002,225.4062323951372
193.0,225.4313741435179
193.025,225.45649953325085
193.05,225.48160857497925
193.07500000000002,225.50670127933944
193.10000000000002,225.5317776569605
193.125,225.55683771846523
193.15,225.58188147446924
193.175,225.60690893558132
193.20000000000002,225.63192011240304
193.22500000000002,225.6569150155291
193.25,225.68189365554773
193.275,225.70685604304
193.3,225.73180218858005
193.32500000000002,225.7567321027353
193.35000000000002,225.78164579606624
193.375,225.80654327912626
193.4,225.83142456246236
193.425,225.85628965661408
193.45000000000002,225.8811385721143
193.47500000000002,225.9059713194897
193.5,225.93078790925932
193.525,225.9555883519355
193.55,225.9803726580239
193.57500000000002,226.00514083802327
193.60000000000002,226.02989290242573
193.625,226.0546288617163
193.65,226.0793487263734
193.675,226.10405250686827
193.70000000000002,226.1287402136657
193.72500000000002,226.15341185722374
193.75,226.17806744799324
193.775,226.2027069964184
193.8,226.22733051293696
193.82500000000002,226.25193800797948
193.85000000000002,226.27652949196977
193.875,226.30110497532496
193.9,226.32566446845544
193.925,226.35020798176484
193.95000000000002,226.37473552564978
193.97500000000002,226.39924711050048
194.0,226.42374274670033
194.025,226.44822244462554
194.05,226.472686214646
194.07500000000002,226.4971340671246
194.10000000000002,226.52156601241774
194.125,226.545982060875
194.15,226.57038222283933
194.175,226.59476650864664
194.20000000000002,226.61913492862627
194.22500000000002,226.6434874931008
194.25,226.66782421238636
194.275,226.69214509679205
194.3,226.7164501566205
194.32500000000002,226.7407394021674
194.35000000000002,226.7650128437217
194.375,226.7892704915659
194.4,226.81351235597577
194.425,226.83773844722032
194.45000000000002,226.86194877556193
194.47500000000002,226.88614335125632
194.5,226.91032218455254
194.525,226.93448528569292
194.55,226.958632664913
194.57500000000002,226.9827643324419
194.60000000000002,227.00688029850184
194.625,227.03098057330863
194.65,227.0550651670716
194.675,227.07913408999303
194.70000000000002,227.10318735226855
194.72500000000002,227.12722496408733
194.75,227.15124693563195
194.775,227.17525327707835
194.8,227.19924399859573
194.82500000000002,227.22321911034695
194.85000000000002,227.24717862248784
194.875,227.271122545168
194.9,227.29505088853017
194.925,227.31896366271081
194.95000000000002,227.34286087783926
194.97500000000002,227.3667425440387
195.0,227.39060867142555
195.025,227.41445927010994
195.05,227.4382943501952
195.07500000000002,227.46211392177784
195.10000000000002,227.4859179949481
195.125,227.50970657978965
195.15,227.53347968637962
195.175,227.55723732478825
195.20000000000002,227.5809795050797
195.22500000000002,227.6047062373113
195.25,227.62841753153396
195.275,227.65211339779216
195.3,227.67579384612336
195.32500000000002,227.69945888655894
195.35000000000002,227.72310852912383
195.375,227.74674278383583
195.4,227.77036166070698
195.425,227.79396516974248
195.45000000000002,227.81755332094042
195.47500000000002,227.8411261242936
195.5,227.86468358978746
195.525,227.8882257274011
195.55,227.91175254710734
195.57500000000002,227.93526405887218
195.60000000000002,227.95876027265564
195.625,227.98224119841052
195.65,228.00570684608394
195.675,228.02915722561582
195.70000000000002,228.05259234694046
195.72500000000002,228.0760122199848
195.75,228.09941685466993
195.775,228.1228062609101
195.8,228.14618044861345
195.82500000000002,228.1695394276816
195.85000000000002,228.19288320800948
195.875,228.21621179948573
195.9,228.23952521199277
195.925,228.26282345540616
195.95000000000002,228.28610653959558
195.97500000000002,228.30937447442363
196.0,228.3326272697471
196.025,228.355864935416
196.05,228.37908748127418
196.07500000000002,228.40229491715883
196.10000000000002,228.42548725290098
196.125,228.44866449832492
196.15,228.4718266632491
196.175,228.49497375748493
196.20000000000002,228.51810579083792
196.22500000000002,228.5412227731072
196.25,228.56432471408513
196.275,228.58741162355798
196.3,228.61048351130552
196.32500000000002,228.63354038710156
196.35000000000002,228.65658226071307
196.375,228.67960914190064
196.4,228.7026210404192
196.425,228.7256179660166
196.45000000000002,228.74859992843446
196.47500000000002,228.7715669374081
196.5,228.79451900266685
196.525,228.8174561339336
196.55,228.84037834092467
196.57500000000002,228.86328563335005
196.60000000000002,228.8861780209135
196.625,228.90905551331258
196.65,228.93191812023852
196.675,228.954765851376
196.70000000000002,228.97759871640378
196.72500000000002,229.00041672499373
196.75,229.02321988681217
196.775,229.0460082115188
196.8,229.0687817087668
196.82500000000002,229.0915403882035
196.85000000000002,229.11428425946985
196.875,229.13701333220027
196.9,229.15972761602302
196.925,229.18242712056005
196.95000000000002,229.20511185542736
196.97500000000002,229.22778183023448
197.0,229.25043705458455
197.025,229.2730775380747
197.05,229.2957032902955
197.07500000000002,229.3183143208318
197.10000000000002,229.34091063926178
197.125,229.36349225515764
197.15,229.38605917808476
197.175,229.40861141760328
197.20000000000002,229.43114898326655
197.22500000000002,229.45367188462149
197.25,229.4761801312092
197.275,229.49867373256433
197.3,229.52115269821584
197.32500000000002,229.5436170376858
197.35000000000002,229.56606676049023
197.375,229.58850187613953
197.4,229.61092239413748
197.425,229.63332832398157
197.45000000000002,229.65571967516306
197.47500000000002,229.67809645716738
197.5,229.70045867947346
197.525,229.72280635155454
197.55,229.7451394828772
197.57500000000002,229.76745808290187
197.60000000000002,229.78976216108322
197.625,229.81205172686956
197.65,229.83432678970306
197.675,229.85658735901958
197.70000000000002,229.878833444249
197.72500000000002,229.90106505481515
197.75,229.92328220013556
197.775,229.945484889622
197.8,229.96767313267972
197.82500000000002,229.98984693870767
197.85000000000002,230.0120063170992
197.875,230.03415127724108
197.9,230.05628182851441
197.925,230.07839798029414
197.95000000000002,230.10049974194877
197.97500000000002,230.12258712284086
198.0,230.14466013232695
198.025,230.16671877975742
198.05,230.18876307447678
198.07500000000002,230.2107930258235
198.10000000000002,230.23280864312952
198.125,230.25480993572083
198.15,230.2767969129176
198.175,230.2987695840338
198.20000000000002,230.32072795837755
198.22500000000002,230.3426720452504
198.25,230.3646018539484
198.275,230.38651739376127
198.3,230.4084186739727
198.32500000000002,230.43030570386048
198.35000000000002,230.4521784926963
198.375,230.47403704974585
198.4,230.49588138426867
198.425,230.5177115055181
198.45000000000002,230.5395274227418
198.47500000000002,230.56132914518145
198.5,230.58311668207259
198.525,230.60489004264454
198.55,230.6266492361211
198.57500000000002,230.64839427171933
198.60000000000002,230.6701251586511
198.625,230.69184190612188
198.65,230.713544523331
198.675,230.73523301947233
198.70000000000002,230.7569074037334
198.72500000000002,230.7785676852956
198.75,230.80021387333463
198.775,230.8218459770203
198.8,230.84346400551615
198.82500000000002,230.86506796797988
198.85000000000002,230.88665787356314
198.875,230.90823373141188
198.9,230.929795550666
198.925,230.9513433404594
198.95000000000002,230.97287710992003
198.97500000000002,230.99439686816982
199.0,231.0159026243249
199.025,231.0373943874958
199.05,231.05887216678624
199.07500000000002,231.08033597129474
199.10000000000002,231.10178581011388
199.125,231.12322169233005
199.15,231.1446436270237
199.175,231.16605162326965
199.20000000000002,231.18744569013668
199.22500000000002,231.2088258366873
199.25,231.23019207197888
199.275,231.25154440506216
199.3,231.27288284498275
199.32500000000002,231.29420740077975
199.35000000000002,231.31551808148643
199.375,231.33681489613033
199.4,231.35809785373345
199.425,231.37936696331124
199.45000000000002,231.40062223387397
199.47500000000002,231.42186367442545
199.5,231.44309129396382
199.525,231.4643051014817
199.55,231.48550510596527
199.57500000000002,231.5066913163956
199.60000000000002,231.52786374174752
199.625,231.5490223909898
199.65,231.57016727308536
199.675,231.59129839699187
199.70000000000002,231.61241577166058
199.72500000000002,231.63351940603744
199.75,231.65460930906224
199.775,231.67568548966898
199.8,231.6967479567859
199.82500000000002,231.71779671933544
199.85000000000002,231.738831786234
199.875,231.75985316639253
199.9,231.78086086871588
199.925,231.80185490210337
199.95000000000002,231.82283527544868
199.97500000000002,231.84380199763933
200.0,231.8647550775571
200.025,231.88569452407796
200.05,231.9066203460723
200.07500000000002,231.9275325524047
200.10000000000002,231.94843115193385
200.125,231.96931615351286
200.15,231.99018756598895
200.175,232.01104539820358
200.20000000000002,232.0318896589923
200.22500000000002,232.0527203571853
200.25,232.07353750160684
200.275,232.09434110107563
200.3,232.11513116440392
200.32500000000002,232.1359077003992
200.35000000000002,232.1566707178624
200.375,232.17742022558954
200.4,232.19815623237034
200.425,232.21887874698882
200.45000000000002,232.23958777822338
200.47500000000002,232.26028333484658
200.5,232.28096542562548
200.525,232.30163405932163
200.55,232.32228924469072
200.57500000000002,232.34293099048233
200.60000000000002,232.36355930544082
200.625,232.3841741983047
200.65,232.40477567780698
200.675,232.42536375267446
200.70000000000002,232.4459384316289
200.72500000000002,232.4664997233859
200.75,232.4870476366556
200.775,232.50758218014278
200.8,232.528103362546
200.82500000000002,232.54861119255847
200.85000000000002,232.56910567886766
200.875,232.5895868301555
200.9,232.61005465509783
200.925,232.6305091623655
200.95000000000002,232.65095036062334
200.97500000000002,232.67137825853092
201.0,232.6917928647413
201.025,232.7121941879028
201.05,232.7325822366578
201.07500000000002,232.75295701964305
201.10000000000002,232.7733185454898
201.125,232.79366682282355
201.15,232.8140018602641
201.175,232.83432366642586
201.20000000000002,232.85463224991742
201.22500000000002,232.87492761934178
201.25,232.89520978329665
201.275,232.9154787503739
201.3,232.9357345291598
201.32500000000002,232.95597712823493
201.35000000000002,232.9762065561749
201.375,232.99642282154878
201.4,233.01662593292085
201.425,233.03681589884943
201.45000000000002,233.05699272788735
201.47500000000002,233.0771564285819
201.5,233.0973070094749
201.525,233.1174444791027
201.55,233.13756884599553
201.57500000000002,233.15768011867863
201.60000000000002,233.17777830567178
201.625,233.1978634154886
201.65,233.21793545663755
201.675,233.23799443762186
201.70000000000002,233.25804036693862
201.72500000000002,233.2780732530797
201.75,233.29809310453166
201.775,233.31809992977503
201.8,233.33809373728508
201.82500000000002,233.35807453553178
201.85000000000002,233.3780423329794
201.875,233.39799713808637
201.9,233.41793895930618
201.925,233.4378678050869
201.95000000000002,233.4577836838704
201.97500000000002,233.4776866040934
202.0,233.49757657418735
202.025,233.517453602578
202.05,233.53731769768555
202.07500000000002,233.55716886792507
202.10000000000002,233.57700712170575
202.125,233.5968324674314
202.15,233.61664491350052
202.175,233.63644446830597
202.20000000000002,233.6562311402356
202.22500000000002,233.676004937671
202.25,233.69576586898904
202.275,233.71551394256088
202.3,233.7352491667518
202.32500000000002,233.75497154992237
202.35000000000002,233.77468110042742
202.375,233.79437782661645
202.4,233.8140617368331
202.425,233.83373283941603
202.45000000000002,233.8533911426982
202.47500000000002,233.87303665500744
202.5,233.89266938466582
202.525,233.91228933999042
202.55,233.9318965292926
202.57500000000002,233.95149096087832
202.60000000000002,233.97107264304825
202.625,233.9906415840973
202.65,234.01019779231575
202.675,234.02974127598776
202.70000000000002,234.04927204339245
202.72500000000002,234.06879010280326
202.75,234.08829546248856
202.775,234.10778813071144
202.8,234.12726811572915
202.82500000000002,234.14673542579376
202.85000000000002,234.16619006915226
202.875,234.185632054046
202.9,234.20506138871107
202.925,234.22447808137827
202.95000000000002,234.24388214027238
202.97500000000002,234.2632735736139
203.0,234.2826523896174
203.025,234.30201859649227
203.05,234.32137220244184
203.07500000000002,234.34071321566515
203.10000000000002,234.36004164435542
203.125,234.37935749670075
203.15,234.39866078088363
203.175,234.41795150508142
203.20000000000002,234.43722967746595
203.22500000000002,234.456495306204
203.25,234.47574839945685
203.275,234.49498896538051
203.3,234.5142170121258
203.32500000000002,234.53343254783812
203.35000000000002,234.55263558065735
203.375,234.57182611871855
203.4,234.5910041701515
203.425,234.61016974308023
203.45000000000002,234.6293228456237
203.47500000000002,234.6484634858955
203.5,234.66759167200402
203.525,234.68670741205244
203.55,234.70581071413866
203.57500000000002,234.7249015863551
203.60000000000002,234.74398003678937
203.625,234.76304607352336
203.65,234.7820997046338
203.675,234.80114093819233
203.70000000000002,234.82016978226528
203.72500000000002,234.8391862449136
203.75,234.85819033419327
203.775,234.87718205815474
203.8,234.89616142484337
203.82500000000002,234.91512844229933
203.85000000000002,234.934083118557
203.875,234.95302546164666
203.9,234.9719554795923
203.925,234.9908731804132
203.95000000000002,235.0097785721234
203.97500000000002,235.0286716627317
204.0,235.04755246024166
204.025,235.06642097265157
204.05,235.0852772079546
204.07500000000002,235.10412117413847
204.10000000000002,235.1229528791862
204.125,235.14177233107515
204.15,235.16057953777783
204.175,235.17937450726112
204.20000000000002,235.1981572474874
204.22500000000002,235.2169277664131
204.25,235.2356860719901
204.275,235.25443217216494
204.3,235.2731660748787
204.32500000000002,235.2918877880679
204.35000000000002,235.31059731966286
204.375,235.32929467758981
204.4,235.3479798697692
204.425,235.3666529041167
204.45000000000002,235.38531378854256
204.47500000000002,235.4039625309518
204.5,235.4225991392446
204.525,235.44122362131594
204.55,235.45983598505558
204.57500000000002,235.478436238348
204.60000000000002,235.49702438907312
204.625,235.5156004451049
204.65,235.53416441431276
204.675,235.55271630456082
204.70000000000002,235.571256123708
204.72500000000002,235.5897838796085
204.75,235.60829958011095
204.775,235.62680323305912
204.8,235.6452948462914
204.82500000000002,235.66377442764136
204.85000000000002,235.68224198493755
204.875,235.7006975260032
204.9,235.7191410586563
204.925,235.73757259071039
204.95000000000002,235.75599212997335
204.97500000000002,235.77439968424807
205.0,235.7927952613326
205.025,235.81117886901947
205.05,235.82955051509677
205.07500000000002,235.8479102073468
205.10000000000002,235.86625795354738
205.125,235.88459376147122
205.15,235.9029176388857
205.175,235.92122959355316
205.20000000000002,235.93952963323102
205.22500000000002,235.95781776567182
205.25,235.9760939986227
205.275,235.99435833982594
205.3,236.01261079701874
205.32500000000002,236.03085137793335
205.35000000000002,236.04908009029702
205.375,236.0672969418317
205.4,236.08550194025474
205.425,236.10369509327813
205.45000000000002,236.1218764086088
205.47500000000002,236.140045893949
205.5,236.15820355699555
205.525,236.1763494054407
205.55,236.19448344697147
205.57500000000002,236.21260568926965
205.60000000000002,236.2307161400126
205.625,236.24881480687228
205.65,236.266901697516
205.675,236.28497681960533
205.70000000000002,236.30304018079758
205.72500000000002,236.32109178874484
205.75,236.33913165109433
205.775,236.35715977548819
205.8,236.3751761695635
205.82500000000002,236.39318084095228
205.85000000000002,236.41117379728203
205.875,236.42915504617497
205.9,236.4471245952487
205.925,236.46508245211513
205.95000000000002,236.48302862438175
205.97500000000002,236.50096311965117
206.0,236.51888594552088
206.025,236.53679710958338
206.05,236.55469661942615
206.07500000000002,236.5725844826321
206.10000000000002,236.5904607067791
206.125,236.60832529944
206.15,236.62617826818243
206.175,236.64401962056945
206.20000000000002,236.66184936415922
206.22500000000002,236.67966750650504
206.25,236.69747405515474
206.275,236.71526901765182
206.3,236.73305240153474
206.32500000000002,236.75082421433714
206.35000000000002,236.76858446358744
206.375,236.78633315680923
206.4,236.8040703015215
206.425,236.82179590523828
206.45000000000002,236.8395099754684
206.47500000000002,236.8572125197163
206.5,236.87490354548092
206.525,236.89258306025684
206.55,236.9102510715333
206.57500000000002,236.92790758679556
206.60000000000002,236.94555261352264
206.625,236.96318615919003
206.65,236.98080823126745
206.675,236.99841883722007
206.70000000000002,237.01601798450835
206.72500000000002,237.03360568058767
206.75,237.0511819329089
206.775,237.06874674891736
206.8,237.08630013605435
206.82500000000002,237.10384210175567
206.85000000000002,237.1213726534528
206.875,237.13889179857213
206.9,237.15639954453516
206.925,237.17389589875893
206.95000000000002,237.19138086865493
206.97500000000002,237.2088544616306
207.0,237.2263166850879
207.025,237.2437675464247
207.05,237.26120705303353
207.07500000000002,237.27863521230213
207.10000000000002,237.2960520316135
207.125,237.31345751834604
207.15,237.3308516798732
207.175,237.34823452356343
207.20000000000002,237.36560605678093
207.22500000000002,237.38296628688434
207.25,237.40031522122803
207.275,237.41765286716168
207.3,237.43497923203003
207.32500000000002,237.4522943231729
207.35000000000002,237.4695981479256
207.375,237.48689071361815
207.4,237.50417202757615
207.425,237.5214420971208
207.45000000000002,237.53870092956785
207.47500000000002,237.55594853222902
207.5,237.57318491241048
207.525,237.59041007741433
207.55,237.60762403453776
207.57500000000002,237.62482679107245
207.60000000000002,237.64201835430646
207.625,237.65919873152262
207.65,237.67636792999892
207.675,237.69352595700883
207.70000000000002,237.71067281982073
207.72500000000002,237.72780852569844
207.75,237.74493308190154
207.775,237.76204649568416
207.8,237.77914877429626
207.82500000000002,237.79623992498264
207.85000000000002,237.8133199549837
207.875,237.83038887153492
207.9,237.84744668186724
207.925,237.86449339320714
207.95000000000002,237.8815290127757
207.97500000000002,237.89855354778973
208.0,237.91556700546136
208.025,237.9325693929979
208.05,237.94956071760234
208.07500000000002,237.96654098647232
208.10000000000002,237.98351020680153
208.125,238.00046838577845
208.15,238.01741553058702
208.175,238.0343516484067
208.20000000000002,238.05127674641193
208.22500000000002,238.06819083177263
208.25,238.085093911654
208.275,238.10198599321728
208.3,238.11886708361766
208.32500000000002,238.1357371900072
208.35000000000002,238.15259631953185
208.375,238.1694444793341
208.4,238.1862816765512
208.425,238.203107918316
208.45000000000002,238.21992321175634
208.47500000000002,238.23672756399597
208.5,238.2535209821534
208.525,238.27030347334286
208.55,238.28707504467414
208.57500000000002,238.30383570325202
208.60000000000002,238.3205854561766
208.625,238.33732431054375
208.65,238.35405227344458
208.675,238.3707693519656
208.70000000000002,238.38747555318875
208.72500000000002,238.40417088419088
208.75,238.42085535204498
208.775,238.43752896381892
208.8,238.45419172657634
208.82500000000002,238.4708436473756
208.85000000000002,238.4874847332715
208.875,238.50411499131312
208.9,238.52073442854612
208.925,238.53734305201084
208.95000000000002,238.5539408687429
208.97500000000002,238.57052788577394
209.0,238.5871041101304
209.025,238.6036695488347
209.05,238.6202242089045
209.07500000000002,238.63676809735273
209.10000000000002,238.653301221188
209.125,238.66982358741421
209.15,238.68633520303044
209.175,238.702836075032
209.20000000000002,238.71932621040872
209.22500000000002,238.73580561614634
209.25,238.75227429922631
209.275,238.76873226662508
209.3,238.78517952531487
209.32500000000002,238.80161608226314
209.35000000000002,238.8180419444329
209.375,238.8344571187827
209.4,238.85086161226656
209.425,238.86725543183374
209.45000000000002,238.88363858442932
209.47500000000002,238.90001107699396
209.5,238.91637291646302
209.525,238.93272410976826
209.55,238.94906466383623
209.57500000000002,238.96539458558968
209.60000000000002,238.981713881946
209.625,238.99802255981893
209.65,239.01432062611713
209.675,239.03060808774518
209.70000000000002,239.0468849516026
209.72500000000002,239.06315122458497
209.75,239.07940691358309
209.775,239.09565202548356
209.8,239.1118865671683
209.82500000000002,239.12811054551474
209.85000000000002,239.14432396739556
209.875,239.16052683967956
209.9,239.17671916923084
209.925,239.19290096290885
209.95000000000002,239.20907222756867
209.97500000000002,239.22523297006097
210.0,239.24138319723184
210.025,239.25752291592332
210.05,239.27365213297233
210.07500000000002,239.2897708552121
210.10000000000002,239.30587908947075
210.125,239.3219768425721
210.15,239.3380641213358
210.175,239.35414093257728
210.20000000000002,239.37020728310694
210.22500000000002,239.38626317973086
210.25,239.40230862925097
210.275,239.4183436384645
210.3,239.43436821416458
210.32500000000002,239.4503823631397
210.35000000000002,239.46638609217342
210.375,239.48237940804626
210.4,239.49836231753272
210.425,239.5143348274042
210.45000000000002,239.53029694442694
210.47500000000002,239.54624867536327
210.5,239.5621900269706
210.525,239.5781210060021
210.55,239.5940416192069
210.57500000000002,239.60995187332958
210.60000000000002,239.62585177510974
210.625,239.64174133128333
210.65,239.65762054858186
210.675,239.67348943373221
210.70000000000002,239.6893479934568
210.72500000000002,239.70519623447396
210.75,239.72103416349742
210.775,239.73686178723645
210.8,239.75267911239646
210.82500000000002,239.76848614567822
210.85000000000002,239.78428289377788
210.875,239.80006936338742
210.9,239.81584556119483
210.925,239.83161149388306
210.95000000000002,239.84736716813117
210.97500000000002,239.86311259061404
211.0,239.87884776800163
211.025,239.89457270695985
211.05,239.91028741415042
211.07500000000002,239.9259918962306
211.10000000000002,239.9416861598531
211.125,239.95737021166676
211.15,239.97304405831562
211.175,239.98870770644012
211.20000000000002,240.0043611626755
211.22500000000002,240.02000443365304
211.25,240.03563752600004
211.275,240.05126044633903
211.3,240.06687320128822
211.32500000000002,240.08247579746188
211.35000000000002,240.09806824146978
211.375,240.11365053991761
211.4,240.12922269940628
211.425,240.1447847265326
211.45000000000002,240.16033662788914
211.47500000000002,240.17587841006434
211.5,240.1914100796422
211.525,240.20693164320252
211.55,240.22244310732074
211.57500000000002,240.23794447856787
211.60000000000002,240.25343576351068
211.625,240.26891696871195
211.65,240.28438810073033
211.675,240.29984916611957
211.70000000000002,240.31530017142973
211.72500000000002,240.33074112320588
211.75,240.34617202798995
211.775,240.36159289231844
211.8,240.37700372272465
211.82500000000002,240.39240452573688
211.85000000000002,240.40779530787935
211.875,240.4231760756722
211.9,240.43854683563114
211.925,240.45390759426778
211.95000000000002,240.46925835808955
211.97500000000002,240.48459913359932
212.0,240.49992992729625
212.025,240.51525074567493
212.05,240.5305615952257
212.07500000000002,240.5458624824349
212.10000000000002,240.56115341378396
212.125,240.57643439575136
212.15,240.5823176350478
212.175,240.58601214488252
212.20000000000002,240.58912910810747
212.22500000000002,240.59190326524433
212.25,240.5943648574552
212.275,240.59651767212083
212.3,240.59836221914532
212.32500000000002,240.5998986076886
212.35000000000002,240.6011268980741
212.375,240.60204714465212
212.4,240.6026594010133
212.425,240.60296372062325
212.45000000000002,240.6029601569
212.47500000000002,240.60264876322216
212.5,240.60202959293218
212.525,240.60110269933503
212.55,240.59986813569842
212.57500000000002,240.59832595525415
212.60000000000002,240.59647621119686
212.625,240.59431895668467
212.65,240.59185424483988
212.675,240.58908212874775
212.70000000000002,240.58600266145794
212.72500000000002,240.5826158959836
212.75,240.57892188530258
212.775,240.57492068235615
212.8,240.57061234005053
212.82500000000002,240.5659969112556
212.85000000000002,240.56107444880652
212.875,240.5558450055024
212.9,240.55030863410747
212.925,240.5444653873506
212.95000000000002,240.53831531792565
212.97500000000002,240.53185847849164
213.0,240.5250949216727
213.025,240.51802470005833
213.05,240.5106478662029
213.07500000000002,240.50296447262718
213.10000000000002,240.49497457181684
213.125,240.48667821622368
213.15,240.4780754582651
213.175,240.46916635032463
213.20000000000002,240.45995094475148
213.22500000000002,240.45042929386162
213.25,240.4406014499366
213.275,240.43046746522504
213.3,240.42002739194191
213.32500000000002,240.40928128226818
213.35000000000002,240.39822918835262
213.375,240.38687116231003
213.4,240.37520725622238
213.425,240.36323752213903
213.45000000000002,240.3509620120759
213.47500000000002,240.33838077801627
213.5,240.32549387191133
213.525,240.3123013456795
213.55,240.29880325120686
213.57500000000002,240.2849996403471
213.60000000000002,240.270890564922
213.625,240.25647607672124
213.65,240.24175622750198
213.675,240.22673106899026
213.70000000000002,240.2114006528799
213.72500000000002,240.19576503083354
213.75,240.1798242544823
213.775,240.16357837542571
213.8,240.1470274452323
213.82500000000002,240.13017151543923
213.85000000000002,240.1130106375523
213.875,240.09554486304668
213.9,240.07777424336697
213.925,240.0596988299268
213.95000000000002,240.04131867410945
213.97500000000002,240.02263382726704
214.0,240.00364434072196
214.025,239.98435026576612
214.05,239.96475165366118
214.07500000000002,239.94484855563903
214.10000000000002,239.92464102290143
214.125,239.90412910661973
214.15,239.88331285793666
214.175,239.86219232796464
214.20000000000002,239.84076756778677
214.22500000000002,239.81903862845684
214.25,239.7970055609992
214.275,239.7746684164094
214.3,239.75202724565324
214.32500000000002,239.72908209966812
214.35000000000002,239.7058330293626
214.375,239.6822800856161
214.4,239.65842331928013
214.425,239.63426278117697
214.45000000000002,239.6097985221011
214.47500000000002,239.5850305928183
214.5,239.55995904406635
214.525,239.53458392655486
214.55,239.5089052909656
214.57500000000002,239.48292318795274
214.60000000000002,239.4566376681421
214.625,239.43004878213233
214.65,239.40315658049468
214.675,239.3759611137726
214.70000000000002,239.34846243248273
214.72500000000002,239.320660587114
214.75,239.29255562812875
214.775,239.26414760596214
214.8,239.23543657102252
214.82500000000002,239.20642257369133
214.85000000000002,239.17710566432345
214.875,239.14748589324765
214.9,239.11756331076597
214.925,239.08733796715396
214.95000000000002,239.0568099126612
214.97500000000002,239.02597919751116
215.0,238.99484587190153
215.025,238.96340998600397
215.05,238.93167158996448
215.07500000000002,238.89963073390317
215.10000000000002,238.86728746791488
215.125,238.83464184206917
215.15,238.80169390640998
215.175,238.7684437109563
215.20000000000002,238.73489130570172
215.22500000000002,238.7010367406153
215.25,238.66688006564044
215.275,238.63255064625932
215.3,238.59819386235336
215.32500000000002,238.5638380339638
215.35000000000002,238.52948715420285
215.375,238.49514173104424
215.4,238.46080182635473
215.425,238.42646744690632
215.45000000000002,238.3921385927413
215.47500000000002,238.35781526308259
215.5,238.32349745705375
215.525,238.2891851737661
215.55,238.2548784123301
215.57500000000002,238.22057717185587
215.60000000000002,238.1862814514537
215.625,238.15199125023406
215.65,238.11770656730755
215.675,238.083427401785
215.70000000000002,238.0491537527771
215.72500000000002,238.01488561939493
215.75,237.98062300074943
215.775,237.9463658959519
215.8,237.9121143041142
215.82500000000002,237.87786822434774
215.85000000000002,237.84362765576412
215.875,237.80939259747532
215.9,237.77516304859344
215.925,237.7409390082306
215.95000000000002,237.70672047549908
215.97500000000002,237.6725074495111
216.0,237.6382999293796
216.025,237.60409791421728
216.05,237.56990140313684
216.07500000000002,237.53571039525153
216.10000000000002,237.50152488967433
216.125,237.46734488551854
216.15,237.4331703818978
216.175,237.39900137792563
216.20000000000002,237.36483787271584
216.22500000000002,237.33067986538205
216.25,237.29652735503842
216.275,237.2623803407993
216.3,237.22823882177858
216.32500000000002,237.1941027970913
216.35000000000002,237.15997226585162
216.375,237.12584722717455
216.4,237.09172768017478
216.425,237.05761362396748
216.45000000000002,237.02350505766788
216.47500000000002,236.98940198039116
216.5,236.95530439125284
216.525,236.92121228936858
216.55,236.88712567385397
216.57500000000002,236.85304454382475
216.60000000000002,236.81896889839754
216.625,236.78489873668792
216.65,236.75083405781277
216.675,236.716774860888
216.70000000000002,236.68272114503048
216.72500000000002,236.6486729093569
216.75,236.6146301529843
216.775,236.58059287502965
216.8,236.54656107461008
216.82500000000002,236.5125347508428
216.85000000000002,236.47851390284558
216.875,236.44449852973563
216.9,236.41048863063097
216.925,236.37648420464973
216.95000000000002,236.34248525090942
216.97500000000002,236.30849176852843
217.0,236.27450375662497
217.025,236.24052121431777
217.05,236.20654414072519
217.07500000000002,236.1725725349663
217.10000000000002,236.1386063961596
217.125,236.1046457234243
217.15,236.0706905158796
217.175,236.03674077264475
217.20000000000002,236.0027964928393
217.22500000000002,235.96885767558285
217.25,235.93492431999505
217.275,235.9009964251957
217.3,235.86707399030496
217.32500000000002,235.83315701444323
217.35000000000002,235.7992454967306
217.375,235.76533943628726
217.4,235.73143883223423
217.425,235.69754368369217
217.45000000000002,235.66365398978198
217.47500000000002,235.6297697496244
217.5,235.59589096234066
217.525,235.56201762705223
217.55,235.52814974288063
217.57500000000002,235.49428730894718
217.60000000000002,235.460430324374
217.625,235.4265787882829
217.65,235.39273269979554
217.675,235.35889205803414
217.70000000000002,235.3250568621212
217.72500000000002,235.2912271111793
217.75,235.25740280433087
217.775,235.2235839406986
217.8,235.18977051940539
217.82500000000002,235.1559625395745
217.85000000000002,235.12216000032856
217.875,235.08836290079117
217.9,235.05457124008583
217.925,235.02078501733607
217.95000000000002,234.98700423166562
217.97500000000002,234.95322888219818
218.0,234.91945896805785
218.025,234.88569448836867
218.05,234.85193544225532
218.07500000000002,234.81818182884206
218.10000000000002,234.7844336472532
218.125,234.75069089661352
218.15,234.7169535760481
218.175,234.6832216846818
218.20000000000002,234.64949522163985
218.22500000000002,234.61577418604742
218.25,234.58205857703018
218.275,234.54834839371324
218.3,234.51464363522268
218.32500000000002,234.48094430068434
218.35000000000002,234.44725038922417
218.375,234.41356189996804
218.4,234.37987883204232
218.425,234.34620118457374
218.45000000000002,234.31252895668854
218.47500000000002,234.27886214751356
218.5,234.24520075617534
218.525,234.2115447818012
218.55,234.17789422351822
218.57500000000002,234.14424908045356
218.60000000000002,234.11060935173475
218.625,234.07697503648913
218.65,234.04334613384452
218.675,234.0097226429287
218.70000000000002,233.9761045628696
218.72500000000002,233.94249189279543
218.75,233.90888463183427
218.775,233.8752827791146
218.8,233.84168633376493
218.82500000000002,233.80809529491395
218.85000000000002,233.77450966169067
218.875,233.74092943322367
218.9,233.70735460864225
218.925,233.67378518707588
218.95000000000002,233.64022116765358
218.97500000000002,233.6066625495049
219.0,233.5731093317596
219.025,233.5395615135473
219.05,233.50601909399833
219.07500000000002,233.47248207224249
219.10000000000002,233.4389504474098
219.125,233.40542421863083
219.15,233.37190338503615
219.175,233.3383879457561
219.20000000000002,233.30487789992185
219.22500000000002,233.27137324666424
219.25,233.23787398511416
219.275,233.20438011440305
219.3,233.17089163366225
219.32500000000002,233.13740854202288
219.35000000000002,233.10393083861692
219.375,233.07045852257593
219.4,233.0369915930319
219.425,233.00353004911682
219.45000000000002,232.97007388996312
219.47500000000002,232.9366231147028
219.5,232.9031777224685
219.525,232.8697377123927
219.55,232.83630308360847
219.57500000000002,232.8028738352482
219.60000000000002,232.76944996644542
219.625,232.7360314763331
219.65,232.70261836404455
219.675,232.66921062871305
219.70000000000002,232.63580826947242
219.72500000000002,232.60241128545627
219.75,232.5690196757986
219.775,232.5356334396329
219.8,232.5022525760939
219.82500000000002,232.4688770843156
219.85000000000002,232.43550696343254
219.875,232.40214221257926
219.9,232.3687828308907
219.925,232.33542881750134
219.95000000000002,232.30208017154644
219.97500000000002,232.2687368921611
220.0,232.23539897848022
220.025,232.2020664296397
220.05,232.16873924477503
220.07500000000002,232.1354174230217
220.10000000000002,232.1021009635156
220.125,232.06878986539274
220.15,232.035484127789
220.175,232.00218374984075
220.20000000000002,231.96888873068474
220.22500000000002,231.9355990694571
220.25,231.90231476529434
220.275,231.86903581733364
220.3,231.83576222471177
220.32500000000002,231.80249398656574
220.35000000000002,231.76923110203293
220.375,231.73597357025068
220.4,231.70272139035671
220.425,231.66947456148833
220.45000000000002,231.6362330827833
220.47500000000002,231.60299695337963
220.5,231.56976617241565
220.525,231.53654073902945
220.55,231.50332065235912
220.57500000000002,231.47010591154321
220.60000000000002,231.43689651572046
220.625,231.40369246402955
220.65,231.37049375560954
220.675,231.33730038959925
220.70000000000002,231.3041123651377
220.72500000000002,231.27092968136446
220.75,231.23775233741904
220.775,231.204580332441
220.8,231.17141366557
220.82500000000002,231.1382523359461
220.85000000000002,231.10509634270903
220.875,231.07194568499915
220.9,231.0388003619565
220.925,231.00566037272174
220.95000000000002,230.97252571643526
220.97500000000002,230.93939639223785
221.0,230.90627239927025
221.025,230.8731537366737
221.05,230.84004040358923
221.07500000000002,230.80693239915806
221.10000000000002,230.7738297225215
221.125,230.7407323728213
221.15,230.70764034919884
221.175,230.67455365079618
221.20000000000002,230.64147227675528
221.22500000000002,230.60839622621816
221.25,230.5753254983269
221.275,230.54226009222398
221.3,230.50920000705216
221.32500000000002,230.47614524195384
221.35000000000002,230.4430957960717
221.375,230.41005166854904
221.4,230.37701285852873
221.425,230.34397936515393
221.45000000000002,230.31095118756795
221.47500000000002,230.27792832491423
221.5,230.24491077633655
221.525,230.21189854097858
221.55,230.17889161798416
221.57500000000002,230.14589000649747
221.60000000000002,230.11289370566266
221.625,230.07990271462407
221.65,230.046917032526
221.675,230.0139366585129
221.70000000000002,229.98096159172997
221.72500000000002,229.94799183132156
221.75,229.915027376433
221.775,229.8820682262094
221.8,229.84911437979602
221.82500000000002,229.81616583633826
221.85000000000002,229.78322259498162
221.875,229.75028465487182
221.9,229.71735201515486
221.925,229.68442467497655
221.95000000000002,229.6515026334829
221.97500000000002,229.6185858898201
222.0,229.58567444313485
222.025,229.55276829257363
222.05,229.51986743728307
222.07500000000002,229.48697187640965
222.10000000000002,229.4540816091006
222.125,229.42119663450282
222.15,229.38831695176384
222.175,229.35544256003084
222.20000000000002,229.32257345845116
222.22500000000002,229.2897096461726
222.25,229.25685112234297
222.275,229.22399788611008
222.3,229.19114993662166
222.32500000000002,229.15830727302642
222.35000000000002,229.1254698944725
222.375,229.0926378001082
222.4,229.05981098908237
222.425,229.02698946054343
222.45000000000002,228.99417321364047
222.47500000000002,228.96136224752217
222.5,228.928556561338
222.525,228.89575615423726
222.55,228.86296102536937
222.57500000000002,228.8301711738835
222.60000000000002,228.79738659892976
222.625,228.7646072996579
222.65,228.73183327521784
222.675,228.69906452475954
222.70000000000002,228.66630104743328
222.72500000000002,228.63354284238952
222.75,228.60078990877872
222.775,228.5680422457518
222.8,228.53529985245947
222.82500000000002,228.5025627280524
222.85000000000002,228.46983087168175
222.875,228.43710428249858
222.9,228.40438295965464
222.925,228.37166690230103
222.95000000000002,228.3389561095895
222.97500000000002,228.30625058067187
223.0,228.27355031469983
223.025,228.24085531082568
223.05,228.20816556820134
223.07500000000002,228.17548108597927
223.10000000000002,228.14280186331186
223.125,228.1101278993516
223.15,228.07745919325137
223.175,228.04479574416405
223.20000000000002,228.01213755124238
223.22500000000002,227.9794846136394
223.25,227.94683693050874
223.275,227.91419450100364
223.3,227.88155732427768
223.32500000000002,227.84892539948447
223.35000000000002,227.81629872577773
223.375,227.78367730231145
223.4,227.75106112823983
223.425,227.7184502027168
223.45000000000002,227.68584452489685
223.47500000000002,227.65324409393477
223.5,227.62064890898495
223.525,227.58805896920217
223.55,227.55547427374123
223.57500000000002,227.52289482175706
223.60000000000002,227.4903206124052
223.625,227.45775164484067
223.65,227.42518791821914
223.675,227.3926294316961
223.70000000000002,227.36007618442704
223.72500000000002,227.32752817556806
223.75,227.2949854042751
223.775,227.26244786970435
223.8,227.22991557101207
223.82500000000002,227.1973885073546
223.85000000000002,227.16486667788854
223.875,227.13235008177045
223.9,227.0998387181573
223.925,227.06733258620596
223.95000000000002,227.03483168507344
223.97500000000002,227.0023360139171
224.0,226.9698455718942
224.025,226.93736035816235
224.05,226.904880371879
224.07500000000002,226.87240561220193
224.10000000000002,226.83993607828899
224.125,226.80747176929862
224.15,226.7750126843885
224.175,226.7425588227171
224.20000000000002,226.71011018344282
224.22500000000002,226.67766676572444
224.25,226.64522856872057
224.275,226.6127955915901
224.3,226.58036783349192
224.32500000000002,226.5479452935851
224.35000000000002,226.51552797102923
224.375,226.48311586498346
224.4,226.45070897460724
224.425,226.41830729906025
224.45000000000002,226.38591083750268
224.47500000000002,226.35351958909416
224.5,226.32113355299484
224.525,226.28875272836464
224.55,226.25637711436423
224.57500000000002,226.22400671015404
224.60000000000002,226.1916415148946
224.625,226.1592815277467
224.65,226.12692674787138
224.675,226.0945771744297
224.70000000000002,226.06223280658256
224.72500000000002,226.0298936434913
224.75,225.9975596843173
224.775,225.9652309282223
224.8,225.93290737436806
224.82500000000002,225.9005890219164
224.85000000000002,225.8682758700293
224.875,225.83596791786857
224.9,225.8036651645968
224.925,225.77136760937606
224.95000000000002,225.7390752513692
224.97500000000002,225.7067880897386
225.0,225.67450612364715
225.025,225.64222935225803
225.05,225.609957774734
225.07500000000002,225.57769139023839
225.10000000000002,225.54543019793434
225.125,225.51317419698555
225.15,225.48092338655525
225.175,225.44867776580753
225.20000000000002,225.41643733390617
225.22500000000002,225.38420209001515
225.25,225.35197203329858
225.275,225.31974716292066
225.3,225.28752747804614
225.32500000000002,225.25531297783922
225.35000000000002,225.22310366146476
225.375,225.19089952808773
225.4,225.15870057687286
225.425,225.12650680698522
225.45000000000002,225.09431821759014
225.47500000000002,225.06213480785289
225.5,225.02995657693867
225.525,224.99778352401347
225.55,224.96561564824307
225.57500000000002,224.9334529487934
225.60000000000002,224.9012954248302
225.625,224.86914307551993
225.65,224.83699590002868
225.675,224.8048538975231
225.70000000000002,224.7727170671695
225.72500000000002,224.74058540813462
225.75,224.7084589195854
225.775,224.67633760068892
225.8,224.64422145061224
225.82500000000002,224.6121104685225
225.85000000000002,224.58000465358708
225.875,224.54790400497367
225.9,224.5158085218497
225.925,224.4837182033829
225.95000000000002,224.4516330487413
225.97500000000002,224.419553057093
226.0,224.38747822760627
226.025,224.35540855944922
226.05,224.32334405179046
226.07500000000002,224.2912847037983
226.10000000000002,224.2592305146419
226.125,224.2271814834897
226.15,224.19513760951114
226.175,224.1630988918749
226.20000000000002,224.1310653297504
226.22500000000002,224.09903692230702
226.25,224.06701366871457
226.275,224.03499556814245
226.3,224.0029826197604
226.32500000000002,223.97097482273838
226.35000000000002,223.93897217624664
226.375,223.90697467945512
226.4,223.87498233153434
226.425,223.84299513165473
226.45000000000002,223.8110130789867
226.47500000000002,223.77903617270107
226.5,223.747064411969
226.525,223.71509779596133
226.55,223.68313632384906
226.57500000000002,223.65117999480356
226.60000000000002,223.6192288079963
226.625,223.58728276259873
226.65,223.5553418577826
226.675,223.52340609271965
226.70000000000002,223.49147546658196
226.72500000000002,223.45954997854122
226.75,223.42762962776993
226.775,223.39571441344063
226.8,223.36380433472547
226.82500000000002,223.33189939079705
226.85000000000002,223.2999995808283
226.875,223.2681049039921
226.9,223.2362153594614
226.925,223.20433094640924
226.95000000000002,223.17245166400897
226.97500000000002,223.1405775114342
227.0,223.10870848785837
227.025,223.07684459245502
227.05,223.04498582439814
227.07500000000002,223.01313218286145
227.10000000000002,222.98128366701928
227.125,222.94944027604566
227.15,222.91760200911506
227.175,222.8857688654019
227.20000000000002,222.85394084408065
227.22500000000002,222.82211794432612
227.25,222.79030016531325
227.275,222.75848750621725
227.3,222.72667996621314
227.32500000000002,222.69487754447633
227.35000000000002,222.66308024018184
227.375,222.63128805250537
227.4,222.59950098062274
227.425,222.56771902370986
227.45000000000002,222.53594218094227
227.47500000000002,222.5041704514964
227.5,222.47240383454854
227.525,222.44064232927474
227.55,222.40888593485158
227.57500000000002,222.37713465045582
227.60000000000002,222.34538847526397
227.625,222.3136474084531
227.65,222.28191144920004
227.675,222.25018059668216
227.70000000000002,222.2184548500764
227.72500000000002,222.18673420856058
227.75,222.15501867131212
227.775,222.12330823750855
227.8,222.09160290632786
227.82500000000002,222.0599026769478
227.85000000000002,222.0282075485467
227.875,221.99651752030235
227.9,221.96483259139356
227.925,221.93315276099852
227.95000000000002,221.90147802829597
227.97500000000002,221.86980839246456
228.0,221.8381438526833
228.025,221.806484408131
228.05,221.774830057987
228.07500000000002,221.74318080143053
228.10000000000002,221.71153663764088
228.125,221.67989756579757
228.15,221.6482635850804
228.175,221.6166346946691
228.20000000000002,221.58501089374374
228.22500000000002,221.55339218148413
228.25,221.52177855707075
228.275,221.4901700196838
228.3,221.45856656850367
228.32500000000002,221.4269682027109
228.35000000000002,221.39537492148648
228.375,221.36378672401108
228.4,221.33220360946578
228.425,221.30062557703158
228.45000000000002,221.2690526258899
228.47500000000002,221.237484755222
228.5,221.20592196420958
228.525,221.1743642520343
228.55,221.1428116178777
228.57500000000002,221.11126406092188
228.60000000000002,221.07972158034877
228.625,221.04818417534068
228.65,221.01665184507993
228.675,220.98512458874887
228.70000000000002,220.95360240553018
228.72500000000002,220.9220852946066
228.75,220.89057325516066
228.775,220.8590662863758
228.8,220.82756438743485
228.82500000000002,220.796067557521
228.85000000000002,220.7645757958178
228.875,220.73308910150868
228.9,220.70160747377741
228.925,220.67013091180766
228.95000000000002,220.63865941478315
228.97500000000002,220.60719298188803
229.0,220.57573161230653
229.025,220.54427530522304
229.05,220.5128240598218
229.07500000000002,220.48137787528756
229.10000000000002,220.4499367508049
229.125,220.41850068555866
229.15,220.3870696787337
229.175,220.35564372951524
229.20000000000002,220.3242228370884
229.22500000000002,220.29280700063862
229.25,220.26139621935118
229.275,220.22999049241199
229.3,220.1985898190068
229.32500000000002,220.1671941983214
229.35000000000002,220.13580362954158
229.375,220.1044181118536
229.4,220.07303764444399
229.425,220.04166222649883
229.45000000000002,220.01029185720475
229.47500000000002,219.9789265357485
229.5,219.94756626131678
229.525,219.9162110330967
229.55,219.8848608502751
229.57500000000002,219.8535157120393
229.60000000000002,219.82217561757648
229.625,219.7908405660743
229.65,219.75951055672033
229.675,219.72818558870205
229.70000000000002,219.69686566120754
229.72500000000002,219.66555077342474
229.75,219.6342409245418
229.775,219.60293611374675
229.8,219.571636340228
229.82500000000002,219.54034160317414
229.85000000000002,219.50905190177383
229.875,219.47776723521596
229.9,219.44648760268933
229.925,219.4152130033829
229.95000000000002,219.38394343648596
229.97500000000002,219.35267890118777
230.0,219.32141939667775
230.025,219.29016492214515
230.05,219.25891547678015
230.07500000000002,219.22767105977232
230.10000000000002,219.19643167031148
230.125,219.165197307588
230.15,219.13396797079176
230.175,219.10274365911332
230.20000000000002,219.07152437174332
230.22500000000002,219.04031010787187
230.25,219.0091008666901
230.275,218.97789664738877
230.3,218.94669744915896
230.32500000000002,218.9155032711914
230.35000000000002,218.88431411267766
230.375,218.85312997280909
230.4,218.8219508507772
230.425,218.79077674577366
230.45000000000002,218.75960765699045
230.47500000000002,218.72844358361922
230.5,218.69728452485208
230.525,218.66613047988108
230.55,218.6349814478986
230.57500000000002,218.6038374280971
230.60000000000002,218.57269841966922
230.625,218.54156442180746
230.65,218.5104354337048
230.675,218.47931145455433
230.70000000000002,218.44819248354867
230.72500000000002,218.41707851988141
230.75,218.38596956274583
230.775,218.3548656113353
230.8,218.32376666484356
230.82500000000002,218.29267272246435
230.85000000000002,218.2615837833913
230.875,218.23049984681853
230.9,218.19942091194045
230.925,218.16834697795093
230.95000000000002,218.13727804404436
230.97500000000002,218.10621410941553
231.0,218.07515517325888
231.025,218.0441012347693
231.05,218.01305229314175
231.07500000000002,217.98200834757105
231.10000000000002,217.95096939725246
231.125,217.9199354413814
231.15,217.8889064791532
231.175,217.85788250976339
231.20000000000002,217.82686353240774
231.22500000000002,217.79584954628186
231.25,217.764840550582
231.275,217.73383654450407
231.3,217.70283752724424
231.32500000000002,217.671843497999
231.35000000000002,217.64085445596444
231.375,217.6098704003376
231.4,217.57889133031512
231.425,217.5479172450939
231.45000000000002,217.51694814387056
231.47500000000002,217.4859840258425
231.5,217.4550248902068
231.525,217.42407073616124
231.55,217.39312156290308
231.57500000000002,217.36217736962982
231.60000000000002,217.33123815553918
231.625,217.30030391982933
231.65,217.26937466169807
231.675,217.2384503803437
231.70000000000002,217.20753107496458
231.72500000000002,217.17661674475903
231.75,217.14570738892542
231.775,217.11480300666244
231.8,217.0839035971693
231.82500000000002,217.05300915964463
231.85000000000002,217.02211969328744
231.875,216.99123519729685
231.9,216.96035567087245
231.925,216.92948111321354
231.95000000000002,216.8986115235198
231.97500000000002,216.86774690099068
232.0,216.83688724482613
232.025,216.80603255422622
232.05,216.77518282839105
232.07500000000002,216.74433806652075
232.10000000000002,216.71349826781565
232.125,216.68266343147647
232.15,216.65183355670362
232.175,216.62100864269775
232.20000000000002,216.59018868865988
232.22500000000002,216.55937369379086
232.25,216.52856365729193
232.275,216.49775857836443
232.3,216.46695845620965
232.32500000000002,216.43616329002916
232.35000000000002,216.4053730790246
232.375,216.3745878223976
232.4,216.34380751935024
232.425,216.3130321690845
232.45000000000002,216.2822617708025
232.47500000000002,216.2514963237065
232.5,216.22073582699898
232.525,216.18998027988246
232.55,216.15922968155974
232.57500000000002,216.1284840312336
232.60000000000002,216.09774332810673
232.625,216.06700757138228
232.65,216.0362767602637
232.675,216.00555089395394
232.70000000000002,215.97482997165682
232.72500000000002,215.9441139925758
232.75,215.91340295591425
232.775,215.88269686087628
232.8,215.85199570666592
232.82500000000002,215.82129949248736
232.85000000000002,215.79060821754467
232.875,215.75992188104203
232.9,215.72924048218422
232.925,215.69856402017555
232.95000000000002,215.66789249422095
232.97500000000002,215.63722590352523
233.0,215.60656424729348
233.025,215.57590752473058
233.05,215.545255735042
233.07500000000002,215.51460887743286
233.10000000000002,215.483966951109
233.125,215.45332995527585
233.15,215.42269788913922
233.175,215.39207075190515
233.20000000000002,215.36144854277956
233.22500000000002,215.3308312609686
233.25,215.30021890567852
233.275,215.26961147611544
233.3,215.2390089714861
233.32500000000002,215.2084113909974
233.35000000000002,215.17781873385604
233.375,215.14723099926863
233.4,215.1166481864425
233.425,215.08607029458463
233.45000000000002,215.05549732290243
233.47500000000002,215.0249292706035
233.5,214.99436613689528
233.525,214.96380792098526
233.55,214.93325462208145
233.57500000000002,214.90270623939188
233.60000000000002,214.87216277212448
233.625,214.84162421948756
233.65,214.81109058068915
233.675,214.7805618549379
233.70000000000002,214.75003804144256
233.72500000000002,214.71951913941152
233.75,214.68900514805378
233.775,214.65849606657838
233.8,214.62799189419434
233.82500000000002,214.59749263011085
233.85000000000002,214.5669982735371
233.875,214.53650882368274
233.9,214.50602427975736
233.925,214.47554464097064
233.95000000000002,214.44506990653255
233.97500000000002,214.4146000756531
234.0,214.38413514754225
234.025,214.35367512141036
234.05,214.32321999646783
234.07500000000002,214.29276977192515
234.10000000000002,214.26232444699284
234.125,214.23188402088152
234.15,214.20144849280234
234.175,214.1710178619661
234.20000000000002,214.14059212758397
234.22500000000002,214.1101712888675
234.25,214.0797553450278
234.275,214.04934429527654
234.3,214.01893813882512
234.32500000000002,213.9885368748855
234.35000000000002,213.9581405026696
234.375,213.92774902138953
234.4,213.8973624302573
234.425,213.86698072848498
234.45000000000002,213.8366039152854
234.47500000000002,213.80623198987084
234.5,213.77586495145403
234.525,213.74550279924787
234.55,213.71514553246504
234.57500000000002,213.68479315031868
234.60000000000002,213.654445652022
234.625,213.62410303678809
234.65,213.59376530383074
234.675,213.56343245236323
234.70000000000002,213.53310448159928
234.72500000000002,213.50278139075292
234.75,213.47246317903793
234.775,213.4421498456685
234.8,213.4118413898584
234.82500000000002,213.3815378108222
234.85000000000002,213.35123910777438
234.875,213.3209452799297
234.9,213.29065632650264
234.925,213.2603722467082
234.95000000000002,213.23009303976087
234.97500000000002,213.1998187048761
235.0,213.16954924126898
235.025,213.1392846481549
235.05,213.10902492474932
235.07500000000002,213.07877007026775
235.10000000000002,213.048520083926
235.125,213.01827496494
235.15,212.9880347125255
235.175,212.9577993258987
235.20000000000002,212.92756880427564
235.22500000000002,212.89734314687286
235.25,212.8671223529067
235.275,212.83690642159382
235.3,212.80669535215102
235.32500000000002,212.77648914379498
235.35000000000002,212.74628779574297
235.375,212.71609130721177
235.4,212.68589967741877
235.425,212.6557129055814
235.45000000000002,212.62553099091704
235.47500000000002,212.59535393264326
235.5,212.56518172997772
235.525,212.5350143821385
235.55,212.50485188834335
235.57500000000002,212.4746942478105
235.60000000000002,212.44454145975814
235.625,212.41439352340464
235.65,212.38425043796875
235.675,212.35411220266877
235.70000000000002,212.32397881672364
235.72500000000002,212.29385027935217
235.75,212.26372658977334
235.775,212.23360774720624
235.8,212.20349375087028
235.82500000000002,212.17338459998487
235.85000000000002,212.1432802937692
235.875,212.11318083144303
235.9,212.08308621222605
235.925,212.05299643533849
235.95000000000002,212.0229114999999
235.97500000000002,211.99283140543076
236.0,211.96275615085116
236.025,211.93268573548156
236.05,211.9026201585424
236.07500000000002,211.87255941925437
236.10000000000002,211.84250351683815
236.125,211.8124524505146
236.15,211.78240621950485
236.175,211.75236482303006
236.20000000000002,211.72232826031168
236.22500000000002,211.69229653057067
236.25,211.66226963302879
236.275,211.6322475669076
236.3,211.60223033142898
236.32500000000002,211.57221792581456
236.35000000000002,211.54221034928673
236.375,211.5122076010676
236.4,211.48220968037936
236.425,211.45221658644434
236.45000000000002,211.42222831848508
236.47500000000002,211.39224487572392
236.5,211.36226625738405
236.525,211.33229246268837
236.55,211.30232349085972
236.57500000000002,211.27235934112147
236.60000000000002,211.2424000126967
236.625,211.21244550480873
236.65,211.1824958166813
236.675,211.152550947538
236.70000000000002,211.12261089660254
236.72500000000002,211.09267566309896
236.75,211.06274524625113
236.775,211.03281964528324
236.8,211.0028988594197
236.82500000000002,210.97298288788505
236.85000000000002,210.94307172990335
236.875,210.9131653846998
236.9,210.88326385149867
236.925,210.85336712952497
236.95000000000002,210.82347521800415
236.97500000000002,210.7935881161609
237.0,210.7637058232207
237.025,210.73382833840907
237.05,210.7039556609513
237.07500000000002,210.67408779007314
237.10000000000002,210.64422472500033
237.125,210.61436646495878
237.15,210.58451300917463
237.175,210.55466435687399
237.20000000000002,210.5248205072831
237.22500000000002,210.4949814596284
237.25,210.46514721313653
237.275,210.43531776703418
237.3,210.40549312054793
237.32500000000002,210.37567327290466
237.35000000000002,210.3458582233316
237.375,210.31604797105553
237.4,210.28624251530402
237.425,210.2564418553047
237.45000000000002,210.22664599028477
237.47500000000002,210.19685491947206
237.5,210.16706864209402
237.525,210.13728715737912
237.55,210.10751046455502
237.57500000000002,210.0777385628497
237.60000000000002,210.04797145149178
237.625,210.0182091297096
237.65,209.9884515967316
237.675,209.95869885178664
237.70000000000002,209.92895089410325
237.72500000000002,209.89920772291046
237.75,209.86946933743724
237.775,209.83973573691273
237.8,209.81000692056637
237.82500000000002,209.78028288762724
237.85000000000002,209.75056363732506
237.875,209.72084916888943
237.9,209.69113948155032
237.925,209.66143457453742
237.95000000000002,209.63173444708087
237.97500000000002,209.60203909841076
238.0,209.57234852775724
238.025,209.54266273435096
238.05,209.51298171742246
238.07500000000002,209.48330547620225
238.10000000000002,209.4536340099211
238.125,209.4239673178098
238.15,209.39430539909955
238.175,209.36464825302136
238.20000000000002,209.33499587880652
238.22500000000002,209.30534827568644
238.25,209.27570544289273
238.275,209.24606737965678
238.3,209.21643408521044
238.32500000000002,209.1868055587859
238.35000000000002,209.15718179961482
238.375,209.12756280692955
238.4,209.0979485799622
238.425,209.06833911794521
238.45000000000002,209.03873442011104
238.47500000000002,209.00913448569247
238.5,208.97953931392212
238.525,208.9499489040329
238.55,208.92036325525766
238.57500000000002,208.89078236682982
238.60000000000002,208.86120623798266
238.625,208.83163486794925
238.65,208.8020682559632
238.675,208.7725064012583
238.70000000000002,208.7429493030682
238.72500000000002,208.7133969606267
238.75,208.68384937316773
238.775,208.65430653992559
238.8,208.62476846013445
238.82500000000002,208.59523513302844
238.85000000000002,208.5657065578426
238.875,208.536182733811
238.9,208.50666366016856
238.925,208.47714933615035
238.95000000000002,208.44763976099105
238.97500000000002,208.41813493392598
239.0,208.3886348541902
239.025,208.35913952101907
239.05,208.32964893364834
239.07500000000002,208.30016309131335
239.10000000000002,208.27068199324995
239.125,208.24120563869388
239.15,208.21173402688115
239.175,208.1822671570477
239.20000000000002,208.15280502843004
239.22500000000002,208.12334764026429
239.25,208.09389499178698
239.275,208.0644470822349
239.3,208.0350039108446
239.32500000000002,208.005565476853
239.35000000000002,207.97613177949688
239.375,207.94670281801328
239.4,207.91727859163953
239.425,207.8878590996129
239.45000000000002,207.85844434117092
239.47500000000002,207.8290343155512
239.5,207.7996290219915
239.525,207.77022845972948
239.55,207.74083262800306
239.57500000000002,207.71144152605044
239.60000000000002,207.68205515310956
239.625,207.65267350841918
239.65,207.62329659121738
239.675,207.59392440074262
239.70000000000002,207.56455693623383
239.72500000000002,207.53519419692972
239.75,207.50583618206934
239.775,207.47648289089184
239.8,207.44713432263586
239.82500000000002,207.41779047654134
239.85000000000002,207.38845135184732
239.875,207.35911694779347
239.9,207.3297872636194
239.925,207.30046229856478
239.95000000000002,207.27114205186993
239.97500000000002,207.24182652277435
240.0,207.21251571051846
240.025,207.1832096143426
240.05,207.15390823348696
240.07500000000002,207.12461156719232
240.10000000000002,207.09531961469912
240.125,207.06603237524837
240.15,207.03674984808066
240.175,207.00747203243714
240.20000000000002,206.978198927559
240.22500000000002,206.9489305326875
240.25,206.9196668470641
240.275,206.89040786993027
240.3,206.86115360052756
240.32500000000002,206.83190403809758
240.35000000000002,206.80265918188238
240.375,206.7734190311241
240.4,206.7441835850645
240.425,206.7149528429461
240.45000000000002,206.68572680401118
240.47500000000002,206.65650546750217
240.5,206.62728883266152
240.525,206.5980768987322
240.55,206.56886966495705
240.57500000000002,206.5396671305791
240.60000000000002,206.5104692948412
240.625,206.4812761569868
240.65,206.45208771625917
240.675,206.42290397190183
240.70000000000002,206.3937249231584
240.72500000000002,206.36455056927244
240.75,206.33538090948778
240.775,206.30621594304858
240.8,206.27705566919846
240.82500000000002,206.24790008718207
240.85000000000002,206.21874919624355
240.875,206.1896029956274
240.9,206.16046148457818
240.925,206.1313246623405
240.95000000000002,206.10219252815915
240.97500000000002,206.07306508127922
241.0,206.04394232094566
241.025,206.01482424640346
241.05,205.9857108568981
241.07500000000002,205.9566021516751
241.10000000000002,205.92749812998
241.125,205.89839879105818
241.15,205.86930413415558
241.175,205.840214158518
241.20000000000002,205.81112886339167
241.22500000000002,205.7820482480228
241.25,205.75297231165746
241.275,205.723901053542
241.3,205.694834472923
241.32500000000002,205.6657725690472
241.35000000000002,205.63671534116108
241.375,205.60766278851185
241.4,205.57861491034646
241.425,205.54957170591183
241.45000000000002,205.5205331744552
241.47500000000002,205.491499315224
241.5,205.4624701274658
241.525,205.43344561042804
241.55,205.40442576335857
241.57500000000002,205.3754105855053
241.60000000000002,205.34640007611605
241.625,205.31739423443918
241.65,205.2883930597227
241.675,205.25939655121493
241.70000000000002,205.23040470816423
241.72500000000002,205.20141752981928
241.75,205.172435015429
241.775,205.14345716424202
241.8,205.11448397550717
241.82500000000002,205.08551544847347
241.85000000000002,205.0565515823906
241.875,205.02759237650736
241.9,204.99863783007333
241.925,204.969687942338
241.95000000000002,204.94074271255118
241.97500000000002,204.9118021399627
242.0,204.88286622382233
242.025,204.85393496338003
242.05,204.82500835788613
242.07500000000002,204.79608640659077
242.10000000000002,204.7671691087446
242.125,204.73825646359782
242.15,204.70934847040112
242.175,204.68044512840555
242.20000000000002,204.65154643686165
242.22500000000002,204.6226523950205
242.25,204.59376300213344
242.275,204.5648782574516
242.3,204.53599816022623
242.32500000000002,204.50712270970882
242.35000000000002,204.47825190515115
242.375,204.4493857458049
242.4,204.4205242309218
242.425,204.39166735975377
242.45000000000002,204.36281513155296
242.47500000000002,204.3339675455716
242.5,204.30512460106226
242.525,204.27628629727695
242.55,204.2474526334684
242.57500000000002,204.21862360888963
242.60000000000002,204.1897992227932
242.625,204.160979474432
242.65,204.13216436305913
242.675,204.10335388792777
242.70000000000002,204.0745480482913
242.72500000000002,204.0457468434029
242.75,204.0169502725163
242.775,203.98815833488516
242.8,203.9593710297632
242.82500000000002,203.93058835640434
242.85000000000002,203.9018103140624
242.875,203.87303690199184
242.9,203.8442681194466
242.925,203.8155039656814
242.95000000000002,203.78674443995067
242.97500000000002,203.7579895415088
243.0,203.72923926961076
243.025,203.7004936235112
243.05,203.67175260246546
243.07500000000002,203.6430162057284
243.10000000000002,203.61428443255525
243.125,203.58555728220148
243.15,203.55683475392254
243.175,203.52811684697386
243.20000000000002,203.49940356061103
243.22500000000002,203.4706948940901
243.25,203.44199084666687
243.275,203.4132914175976
243.3,203.38459660613847
243.32500000000002,203.35590641154556
243.35000000000002,203.32722083307561
243.375,203.298539869985
243.4,203.26986352153034
243.425,203.2411917869686
243.45000000000002,203.21252466555626
243.47500000000002,203.1838621565509
243.5,203.1552042592092
243.525,203.12655097278852
243.55,203.09790229654664
243.57500000000002,203.06925822974063
243.60000000000002,203.04061877162823
243.625,203.01198392146725
243.65,202.98335367851553
243.675,202.95472804203112
243.70000000000002,202.92610701127188
243.72500000000002,202.8974905854963
243.75,202.86887876396264
243.775,202.8402715459295
243.8,202.8116689306553
243.82500000000002,202.78307091739856
243.85000000000002,202.75447750541858
243.875,202.72588869397387
243.9,202.69730448232374
243.925,202.66872486972744
243.95000000000002,202.64014985544395
243.97500000000002,202.6115794387329
244.0,202.58301361885373
244.025,202.5544523950661
244.05,202.5258957666299
244.07500000000002,202.49734373280515
244.10000000000002,202.46879629285164
244.125,202.44025344602963
244.15,202.41171519159937
244.175,202.3831815288213
244.20000000000002,202.35465245695565
244.22500000000002,202.32612797526335
244.25,202.29760808300495
244.275,202.26909277944134
244.3,202.24058206383353
244.32500000000002,202.21207593544253
244.35000000000002,202.1835743935295
244.375,202.15507743735603
244.4,202.12658506618325
244.425,202.09809727927313
244.45000000000002,202.06961407588693
244.47500000000002,202.04113545528676
244.5,202.01266141673455
244.525,201.98419195949202
244.55,201.95572708282157
244.57500000000002,201.92726678598567
244.60000000000002,201.8988110682464
244.625,201.87035992886646
244.65,201.84191336710848
244.675,201.8134713822353
244.70000000000002,201.7850339735097
244.72500000000002,201.7566011401947
244.75,201.72817288155343
244.775,201.6997491968491
244.8,201.671330085345
244.82500000000002,201.64291554630464
244.85000000000002,201.6145055789918
244.875,201.58610018267
244.9,201.5576993566032
244.925,201.5293031000553
244.95000000000002,201.50091141229026
244.97500000000002,201.47252429257256
245.0,201.44414174016632
245.025,201.41576375433598
245.05,201.38739033434598
245.07500000000002,201.35902147946098
245.10000000000002,201.33065718894605
245.125,201.30229746206584
245.15,201.2739422980854
245.175,201.24559169627005
245.20000000000002,201.217245655885
245.22500000000002,201.18890417619542
245.25,201.16056725646692
245.275,201.13223489596504
245.3,201.1039070939558
245.32500000000002,201.07558384970469
245.35000000000002,201.0472651624778
245.375,201.0189510315414
245.4,200.99064145616163
245.425,200.96233643560475
245.45000000000002,200.93403596913708
245.47500000000002,200.90574005602534
245.5,200.8774486955363
245.525,200.84916188693646
245.55,200.82087962949294
245.57500000000002,200.79260192247287
245.60000000000002,200.7643287651433
245.625,200.73606015677154
245.65,200.70779609662475
245.675,200.67953658397062
245.70000000000002,200.65128161807695
245.72500000000002,200.62303119821112
245.75,200.59478532364145
245.775,200.56654399363563
245.8,200.53830720746168
245.82500000000002,200.51007496438797
245.85000000000002,200.48184726368282
245.875,200.45362410461476
245.9,200.42540548645215
245.925,200.39719140846387
245.95000000000002,200.36898186991866
245.97500000000002,200.34077687008553
246.0,200.31257640823344
246.025,200.28438048363157
246.05,200.25618909554922
246.07500000000002,200.22800224325576
246.10000000000002,200.19981992602078
246.125,200.17164214311396
246.15,200.14346889380496
246.175,200.1153001773636
246.20000000000002,200.08713599306003
246.22500000000002,200.05897634016404
246.25,200.03082121794614
246.275,200.0026706256764
246.3,199.97452456262576
246.32500000000002,199.9463830280644
246.35000000000002,199.918246021263
246.375,199.89011354149258
246.4,199.8619855880239
246.425,199.83386216012823
246.45000000000002,199.80574325707667
246.47500000000002,199.7776288781406
246.5,199.74951902259113
246.525,199.72141368970009
246.55,199.6933128787388
246.57500000000002,199.66521658897926
246.60000000000002,199.63712481969333
246.625,199.6090375701527
246.65,199.58095483962995
246.675,199.55287662739704
246.70000000000002,199.52480293272617
246.72500000000002,199.49673375489016
246.75,199.46866909316142
246.775,199.44060894681272
246.8,199.41255331511653
246.82500000000002,199.38450219734602
246.85000000000002,199.35645559277447
246.875,199.32841350067474
246.9,199.30037592032028
246.925,199.27234285098447
246.95000000000002,199.2443142919408
246.97500000000002,199.2162902424628
247.0,199.1882707018243
247.025,199.16025566929906
247.05,199.1322451441613
247.07500000000002,199.10423912568507
247.10000000000002,199.07623761314454
247.125,199.04824060581402
247.15,199.02024810296788
247.175,198.99226010388105
247.20000000000002,198.96427660782794
247.22500000000002,198.93629761408317
247.25,198.908323121922
247.275,198.8803531306194
247.3,198.85238763945037
247.32500000000002,198.82442664769036
247.35000000000002,198.79647015461467
247.375,198.76851815949883
247.4,198.74057066161856
247.425,198.71262766024938
247.45000000000002,198.6846891546675
247.47500000000002,198.65675514414846
247.5,198.6288256279686
247.525,198.6009006054042
247.55,198.57298007573158
247.57500000000002,198.54506403822705
247.60000000000002,198.51715249216727
247.625,198.48924543682884
247.65,198.4613428714887
247.675,198.43344479542367
247.70000000000002,198.4055512079107
247.72500000000002,198.37766210822693
247.75,198.34977749564968
247.775,198.32189736945642
247.8,198.2940217289245
247.82500000000002,198.26615057333177
247.85000000000002,198.23828390195584
247.875,198.21042171407436
247.9,198.18256400896553
247.925,198.15471078590724
247.95000000000002,198.1268620441778
247.97500000000002,198.0990177830556
248.0,198.07117800181908
248.025,198.0433426997465
248.05,198.01551187611682
248.07500000000002,197.98768553020878
248.10000000000002,197.95986366130114
248.125,197.932046268673
248.15,197.90423335160355
248.175,197.87642490937176
248.20000000000002,197.84862094125725
248.22500000000002,197.82082144653924
248.25,197.79302642449758
248.275,197.76523587441181
248.3,197.73744979556196
248.32500000000002,197.70966818722786
248.35000000000002,197.68189104868952
248.375,197.65411837922738
248.4,197.62635017812138
248.425,197.59858644465206
248.45000000000002,197.57082717809985
248.47500000000002,197.54307237774563
248.5,197.51532204286994
248.525,197.48757617275356
248.55,197.45983476667766
248.57500000000002,197.43209782392336
248.60000000000002,197.4043653437721
248.625,197.3766373255048
248.65,197.34891376840307
248.675,197.32119467174846
248.70000000000002,197.29348003482275
248.72500000000002,197.2657698569076
248.75,197.23806413728494
248.775,197.2103628752368
248.8,197.1826660700453
248.82500000000002,197.15497372099279
248.85000000000002,197.12728582736185
248.875,197.09960238843453
248.9,197.07192340349368
248.925,197.04424887182205
248.95000000000002,197.0165787927025
248.97500000000002,196.98891316541796
249.0,196.96125198925128
249.025,196.9335952634861
249.05,196.90594298740547
249.07500000000002,196.87829516029285
249.10000000000002,196.8506517814315
249.125,196.82301285010556
249.15,196.79537836559837
249.175,196.76774832719406
249.20000000000002,196.74012273417665
249.22500000000002,196.71250158583027
249.25,196.6848848814389
249.275,196.65727262028707
249.3,196.62966480165917
249.32500000000002,196.6020614248399
249.35000000000002,196.57446248911378
249.375,196.54686799376583
249.4,196.51927793808082
249.425,196.49169232134375
249.45000000000002,196.46411114283978
249.47500000000002,196.43653440185437
249.5,196.40896209767297
249.525,196.38139422958074
249.55,196.35383079686355
249.57500000000002,196.32627179880686
249.60000000000002,196.29871723469682
249.625,196.27116710381924
249.65,196.24362140546003
249.675,196.21608013890557
249.70000000000002,196.18854330344226
249.72500000000002,196.1610108983565
249.75,196.13348292293452
249.775,196.1059593764633
249.8,196.07844025822962
249.82500000000002,196.05092556752018
249.85000000000002,196.02341530362224
249.875,195.9959094658228
249.9,195.968408053409
249.925,195.94091106566808
249.95000000000002,195.91341850188752
249.97500000000002,195.88593036135512
250.0,195.85844664335846
250.025,195.83096734718546
250.05,195.80349247212402
250.07500000000002,195.776022017462
250.10000000000002,195.74855598248752
250.125,195.7210943664889
250.15,195.6936371687547
250.175,195.66618438857307
250.20000000000002,195.63873602523296
250.22500000000002,195.6112920780228
250.25,195.58385254623173
250.275,195.55641742914858
250.3,195.52898672606247
250.32500000000002,195.50156043626248
250.35000000000002,195.47413855903787
250.375,195.44672109367832
250.4,195.41930803947307
250.425,195.39189939571176
250.45000000000002,195.3644951616842
250.47500000000002,195.3370953366803
250.5,195.30969991999024
250.525,195.28230891090394
250.55,195.25492230871166
250.57500000000002,195.22754011270362
250.60000000000002,195.2001623221703
250.625,195.1727889364023
250.65,195.14541995469028
250.675,195.11805537632497
250.70000000000002,195.09069520059745
250.72500000000002,195.06333942679834
250.75,195.03598805421922
250.775,195.0086410821512
250.8,194.9812985098854
250.82500000000002,194.95396033671372
250.85000000000002,194.9266265619274
250.875,194.8992971848183
250.9,194.87197220467803
250.925,194.8446516207988
250.95000000000002,194.81733543247282
250.97500000000002,194.79002363899176
251.0,194.7627162396481
251.025,194.73541323373416
251.05,194.70811462054257
251.07500000000002,194.68082039936598
251.10000000000002,194.65353056949692
251.125,194.62624513022857
251.15,194.59896408085368
251.175,194.57168742066534
251.20000000000002,194.54441514895672
251.22500000000002,194.51714726502104
251.25,194.48988376815194
251.275,194.46262465764278
251.3,194.43536993278713
251.32500000000002,194.4081195928789
251.35000000000002,194.38087363721178
251.375,194.35363206507986
251.4,194.3263948757773
251.425,194.29916206859835
251.45000000000002,194.27193364283735
251.47500000000002,194.24470959778867
251.5,194.21748993274687
251.525,194.19027464700673
251.55,194.16306373986274
251.57500000000002,194.13585721060988
251.60000000000002,194.1086550585435
251.625,194.0814572829584
251.65,194.0542638831498
251.675,194.0270748584131
251.70000000000002,193.99989020804398
251.72500000000002,193.97270993133787
251.75,193.94553402759033
251.775,193.91836249609727
251.8,193.89119533615468
251.82500000000002,193.86403254705874
251.85000000000002,193.83687412810525
251.875,193.8097200785906
251.9,193.78257039781136
251.925,193.7554250850638
251.95000000000002,193.7282841396446
251.97500000000002,193.70114756085044
252.0,193.67401534797824
252.025,193.646887500325
252.05,193.61976401718744
252.07500000000002,193.59264489786298
252.10000000000002,193.56553014164902
252.125,193.53841974784277
252.15,193.51131371574178
252.175,193.48421204464347
252.20000000000002,193.45711473384608
252.22500000000002,193.43002178264715
252.25,193.40293319034458
252.275,193.3758489562365
252.3,193.34876907962092
252.32500000000002,193.3216935597964
252.35000000000002,193.29462239606136
252.375,193.2675555877144
252.4,193.24049313405396
252.425,193.2134350343789
252.45000000000002,193.18638128798813
252.47500000000002,193.15933189418055
252.5,193.13228685225542
252.525,193.10524616151184
252.55,193.07820982124898
252.57500000000002,193.05117783076636
252.60000000000002,193.02415018936367
252.625,192.99712689634046
252.65,192.9701079509965
252.675,192.94309335263156
252.70000000000002,192.91608310054588
252.72500000000002,192.88907719403957
252.75,192.8620756324127
252.775,192.83507841496578
252.8,192.80808554099895
252.82500000000002,192.78109700981324
252.85000000000002,192.75411282070888
252.875,192.72713297298688
252.9,192.70015746594808
252.925,192.67318629889354
252.95000000000002,192.6462194711244
252.97500000000002,192.61925698194193
253.0,192.59229883064754
253.025,192.56534501654247
253.05,192.5383955389285
253.07500000000002,192.51145039710727
253.10000000000002,192.48450959038055
253.125,192.4575731180506
253.15,192.43064097941894
253.175,192.40371317378796
253.20000000000002,192.37678970045997
253.22500000000002,192.3498705587371
253.25,192.32295574792212
253.275,192.2960452673174
253.3,192.2691391162256
253.32500000000002,192.24223729394993
253.35000000000002,192.215339799793
253.375,192.18844663305785
253.4,192.16155779304793
253.425,192.13467327906613
253.45000000000002,192.10779309041607
253.47500000000002,192.08091722640128
253.5,192.05404568632522
253.525,192.0271784694917
253.55,192.0003155752045
253.57500000000002,191.97345700276765
253.60000000000002,191.94660275148507
253.625,191.91975282066107
253.65,191.89290720959977
253.675,191.86606591760574
253.70000000000002,191.8392289439833
253.72500000000002,191.81239628803723
253.75,191.78556794907212
253.775,191.7587439263929
253.8,191.73192421930463
253.82500000000002,191.70510882711233
253.85000000000002,191.67829774912101
253.875,191.651490984636
253.9,191.62468853296292
253.925,191.59789039340708
253.95000000000002,191.57109656527427
253.97500000000002,191.54430704787018
254.0,191.5175218405006
254.025,191.49074094247155
254.05,191.46396435308907
254.07500000000002,191.4371920716593
254.10000000000002,191.4104240974886
254.125,191.3836604298833
254.15,191.35690106815002
254.175,191.33014601159556
254.20000000000002,191.30339525952652
254.22500000000002,191.27664881124957
254.25,191.24990666607184
254.275,191.22316882330048
254.3,191.1964352822428
254.32500000000002,191.1697060422058
254.35000000000002,191.14298110249706
254.375,191.11626046242415
254.4,191.08954412129452
254.425,191.06283207841616
254.45000000000002,191.03612433309667
254.47500000000002,191.00942088464421
254.5,190.98272173236703
254.525,190.95602687557314
254.55,190.92933631357076
254.57500000000002,190.90265004566848
254.60000000000002,190.87596807117478
254.625,190.84929038939833
254.65,190.82261699964795
254.675,190.79594790123232
254.70000000000002,190.76928309346056
254.72500000000002,190.74262257564178
254.75,190.71596634708507
254.775,190.68931440709997
254.8,190.66266675499583
254.82500000000002,190.6360233900821
254.85000000000002,190.60938431166835
254.875,190.58274951906452
254.9,190.55611901158042
254.925,190.5294927885262
254.95000000000002,190.5028708492117
254.97500000000002,190.47625319294718
255.0,190.449639819043
255.025,190.42303072680957
255.05,190.39642591555756
255.07500000000002,190.36982538459753
255.10000000000002,190.34322913324038
255.125,190.31663716079683
255.15,190.2900494665778
255.175,190.2634660498946
255.20000000000002,190.2368869100581
255.22500000000002,190.21031204637998
255.25,190.18374145817162
255.275,190.15717514474443
255.3,190.13061310541016
255.32500000000002,190.10405533948057
255.35000000000002,190.07750184626738
255.375,190.05095262508283
255.4,190.0244076752389
255.425,189.99786699604786
255.45000000000002,189.97133058682195
255.47500000000002,189.94479844687348
255.5,189.91827057551512
255.525,189.89174697205942
255.55,189.86522763581942
255.57500000000002,189.8387125661078
255.60000000000002,189.81220176223775
255.625,189.78569522352205
255.65,189.75919294927422
255.675,189.73269493880724
255.70000000000002,189.70620119143476
255.72500000000002,189.6797117064704
255.75,189.65322648322768
255.775,189.62674552102033
255.8,189.6002688191623
255.82500000000002,189.57379637696758
255.85000000000002,189.5473281937502
255.875,189.52086426882448
255.9,189.49440460150464
255.925,189.4679491911051
255.95000000000002,189.4414980369405
255.97500000000002,189.4150511383254
256.0,189.38860849457473
256.02500000000003,189.3621701050031
256.05,189.33573596892552
256.075,189.30930608565714
256.1,189.28288045451316
256.125,189.25645907480904
256.15000000000003,189.23004194586017
256.175,189.2036290669819
256.2,189.17722043748995
256.225,189.15081605670022
256.25,189.12441592392832
256.27500000000003,189.09802003849032
256.3,189.0716283997024
256.325,189.04524100688073
256.35,189.0188578593416
256.375,188.99247895640136
256.40000000000003,188.9661042973766
256.425,188.93973388158386
256.45,188.91336770834
256.475,188.88700577696187
256.5,188.86064808676647
256.52500000000003,188.8342946370708
256.55,188.8079454271921
256.575,188.78160045644765
256.6,188.75525972415466
256.625,188.728923229631
256.65000000000003,188.7025909721941
256.675,188.6762629511617
256.7,188.64993916585183
256.725,188.6236196155822
256.75,188.59730429967095
256.77500000000003,188.57099321743647
256.8,188.54468636819684
256.825,188.51838375127036
256.85,188.49208536597587
256.875,188.4657912116316
256.90000000000003,188.43950128755657
256.925,188.41321559306948
256.95,188.3869341274892
256.975,188.3606568901349
257.0,188.33438388032584
257.02500000000003,188.30811509738132
257.05,188.28185054062047
257.075,188.25559020936308
257.1,188.2293341029286
257.125,188.20308222063687
257.15000000000003,188.17683456180768
257.175,188.15059112576085
257.2,188.12435191181646
257.225,188.09811691929465
257.25,188.07188614751593
257.27500000000003,188.0456595958004
257.3,188.01943726346857
257.325,187.99321914984117
257.35,187.96700525423879
257.375,187.94079557598246
257.40000000000003,187.91459011439284
257.425,187.88838886879097
257.45,187.86219183849818
257.475,187.8359990228357
257.5,187.80981042112478
257.52500000000003,187.78362603268675
257.55,187.7574458568436
257.575,187.73126989291674
257.6,187.70509814022807
257.625,187.67893059809933
257.65000000000003,187.65276726585265
257.675,187.62660814281026
257.7,187.6004532282944
257.725,187.57430252162732
257.75,187.54815602213156
257.77500000000003,187.52201372912972
257.8,187.49587564194425
257.825,187.46974175989803
257.85,187.443612082314
257.875,187.41748660851536
257.90000000000003,187.39136533782496
257.925,187.36524826956602
257.95,187.3391354030622
257.975,187.3130267376364
258.0,187.2869222726126
258.02500000000003,187.26082200731426
258.05,187.23472594106514
258.075,187.20863407318933
258.1,187.18254640301058
258.125,187.15646292985312
258.15000000000003,187.13038365304115
258.175,187.10430857189886
258.2,187.07823768575096
258.225,187.05217099392166
258.25,187.02610849573563
258.27500000000003,187.0000501905179
258.3,186.97399607759323
258.325,186.94794615628643
258.35,186.92190042592262
258.375,186.895858885827
258.40000000000003,186.8698215353249
258.425,186.84378837374175
258.45,186.81775940040308
258.475,186.79173461463444
258.5,186.76571401576135
258.52500000000003,186.73969760311013
258.55,186.71368537600637
258.575,186.68767733377643
258.6,186.66167347574634
258.625,186.6356738012421
258.65000000000003,186.60967830959027
258.675,186.58368700011744
258.7,186.55769987215007
258.725,186.531716925015
258.75,186.505738158039
258.77500000000003,186.47976357054907
258.8,186.45379316187226
258.825,186.42782693133546
258.85,186.40186487826608
258.875,186.37590700199158
258.90000000000003,186.3499533018393
258.925,186.32400377713697
258.95,186.29805842721214
258.975,186.27211725139267
259.0,186.24618024900656
259.02500000000003,186.22024741938156
259.05,186.19431876184595
259.075,186.1683942757278
259.1,186.1424739603557
259.125,186.1165578150578
259.15000000000003,186.09064583916296
259.175,186.06473803199978
259.2,186.03883439289694
259.225,186.0129349211833
259.25,185.98703961618793
259.27500000000003,185.96114847723976
259.3,185.93526150366813
259.325,185.9093786948023
259.35,185.88350004997196
259.375,185.85762556850636
259.40000000000003,185.8317552497351
259.425,185.80588909298802
259.45,185.780027097595
259.475,185.75416926288597
259.5,185.72831558819098
259.52500000000003,185.70246607284028
259.55,185.6766207161639
259.575,185.65077951749257
259.6,185.62494247615675
259.625,185.5991095914869
259.65000000000003,185.5732808628137
259.675,185.54745628946839
259.7,185.52163587078152
259.725,185.495819606084
259.75,185.4700074947073
259.77500000000003,185.44419953598265
259.8,185.41839572924115
259.825,185.3925960738145
259.85,185.36680056903433
259.875,185.3410092142321
259.90000000000003,185.3152220087397
259.925,185.28943895188914
259.95,185.2636600430124
259.975,185.23788528144166
260.0,185.2121146665089
260.02500000000003,185.18634819754675
260.05,185.16058587388758
260.075,185.1348276948637
260.1,185.10907365980788
260.125,185.08332376805305
260.15000000000003,185.05757801893208
260.175,185.03183641177773
260.2,185.00609894592344
260.225,184.98036562070203
260.25,184.95463643544696
260.27500000000003,184.92891138949173
260.3,184.90319048216963
260.325,184.87747371281458
260.35,184.85176108076018
260.375,184.82605258534025
260.40000000000003,184.80034822588883
260.425,184.77464800173985
260.45,184.74895191222737
260.475,184.72325995668595
260.5,184.69757213444998
260.52500000000003,184.67188844485378
260.55,184.64620888723186
260.575,184.62053346091923
260.6,184.59486216525042
260.625,184.56919499956038
260.65000000000003,184.5435319631843
260.675,184.5178730554571
260.7,184.49221827571407
260.725,184.46656762329076
260.75,184.4409210975225
260.77500000000003,184.41527869774484
260.8,184.38964042329354
260.825,184.3640062735041
260.85,184.33837624771255
260.875,184.31275034525493
260.90000000000003,184.28712856546744
260.925,184.2615109076861
260.95,184.23589737124723
260.975,184.21028795548742
261.0,184.184682659743
261.02500000000003,184.1590814833507
261.05,184.133484425647
261.075,184.10789148596922
261.1,184.08230266365425
261.125,184.05671795803866
261.15000000000003,184.03113736846
261.175,184.0055608942554
261.2,183.97998853476253
261.225,183.95442028931862
261.25,183.92885615726138
261.27500000000003,183.90329613792838
261.3,183.8777402306574
261.325,183.85218843478654
261.35,183.8266407496536
261.375,183.8010971745968
261.40000000000003,183.7755577089545
261.425,183.75002235206497
261.45,183.7244911032666
261.475,183.69896396189813
261.5,183.67344092729795
261.52500000000003,183.64792199880497
261.55,183.62240717575818
261.575,183.59689645749637
261.6,183.57138984335876
261.625,183.54588733268454
261.65000000000003,183.520388924813
261.675,183.49489461908348
261.7,183.46940441483565
261.725,183.443918311409
261.75,183.4184363081433
261.77500000000003,183.39295840437828
261.8,183.36748459945406
261.825,183.3420148927107
261.85,183.31654928348814
261.875,183.2910877711267
261.90000000000003,183.2656303549668
261.925,183.24017703434905
261.95,183.21472780861384
261.975,183.18928267710197
262.0,183.16384163915413
262.02500000000003,183.13840469411107
262.05,183.1129718413142
262.075,183.08754308010447
262.1,183.0621184098231
262.125,183.0366978298114
262.15000000000003,183.01128133941071
262.175,182.98586893796272
262.2,182.96046062480892
262.225,182.9350563992912
262.25,182.90965626075135
262.27500000000003,182.88426020853143
262.3,182.85886824197323
262.325,182.8334803604193
262.35,182.80809656321165
262.375,182.7827168496928
262.40000000000003,182.7573412192052
262.425,182.7319696710915
262.45,182.7066022046944
262.475,182.6812388193567
262.5,182.65587951442131
262.52500000000003,182.63052428923115
262.55,182.60517314312935
262.575,182.57982607545927
262.6,182.5544830855643
262.625,182.52914417278777
262.65000000000003,182.50380933647332
262.675,182.47847857596446
262.7,182.4531518906051
262.725,182.42782927973917
262.75,182.40251074271046
262.77500000000003,182.3771962788633
262.8,182.35188588754144
262.825,182.3265795680896
262.85,182.3012773198519
262.875,182.275979142173
262.90000000000003,182.25068503439763
262.925,182.22539499587026
262.95,182.20010902593583
262.975,182.17482712393934
263.0,182.14954928922572
263.02500000000003,182.1242755211401
263.05,182.09900581902787
263.075,182.0737401822343
263.1,182.04847861010506
263.125,182.0232211019852
263.15000000000003,181.99796765722078
263.175,181.9727182751575
263.2,181.94747295514117
263.225,181.92223169651785
263.25,181.89699449863375
263.27500000000003,181.87176136083468
263.3,181.8465322824673
263.325,181.8213072628779
263.35,181.79608630141297
263.375,181.77086939741926
263.40000000000003,181.74565655024335
263.425,181.7204477592321
263.45,181.69524302373256
263.475,181.6700423430917
263.5,181.64484571665642
263.52500000000003,181.6196531437744
263.55,181.59446462379267
263.575,181.5692801560587
263.6,181.5440997399204
263.625,181.5189233747249
263.65000000000003,181.4937510598203
263.675,181.46858279455455
263.7,181.44341857827564
263.725,181.41825841033156
263.75,181.3931022900705
263.77500000000003,181.3679502168407
263.8,181.3428021899908
263.825,181.31765820886915
263.85,181.29251827282437
263.875,181.26738238120524
263.90000000000003,181.2422505333606
263.925,181.21712272863942
263.95,181.19199896639054
263.975,181.1668792459632
264.0,181.1417635667067
264.02500000000003,181.11665192797022
264.05,181.09154432910356
264.075,181.0664407694561
264.1,181.04134124837742
264.125,181.0162457652173
264.15000000000003,180.99115431932574
264.175,180.96606691005263
264.2,180.94098353674838
264.225,180.91590419876283
264.25,180.89082889544628
264.27500000000003,180.8657576261492
264.3,180.8406903902221
264.325,180.81562718701565
264.35,180.79056801588055
264.375,180.7655128761677
264.40000000000003,180.74046176722794
264.425,180.71541468841215
264.45,180.69037163907157
264.475,180.66533261855753
264.5,180.6402976262215
264.52500000000003,180.61526666141455
264.55,180.59023972348845
264.575,180.56521681179493
264.6,180.54019792568562
264.625,180.51518306451246
264.65000000000003,180.49017222762748
264.675,180.4651654143827
264.7,180.44016262413027
264.725,180.41516385622248
264.75,180.3901691100116
264.77500000000003,180.36517838485054
264.8,180.34019168009152
264.825,180.31520899508737
264.85,180.29023032919085
264.875,180.26525568175498
264.90000000000003,180.24028505213263
264.925,180.21531843967693
264.95,180.19035584374123
264.975,180.16539726367878
265.0,180.14044269884312
265.02500000000003,180.1154921485879
265.05,180.0905456122664
265.075,180.06560308923255
265.1,180.04066457884036
265.125,180.0157300804435
265.15000000000003,179.9907995933961
265.175,179.9658731170525
265.2,179.94095065076698
265.225,179.91603219389359
265.25,179.89111774578708
265.27500000000003,179.86620730580208
265.3,179.8413008732931
265.325,179.81639844761503
265.35,179.79150002812267
265.375,179.76660561417086
265.40000000000003,179.74171520511513
265.425,179.7168288003105
265.45,179.69194639911217
265.475,179.6670680008757
265.5,179.6421936049566
265.52500000000003,179.61732321071048
265.55,179.59245681749294
265.575,179.56759442466006
265.6,179.5427360315676
265.625,179.51788163757146
265.65000000000003,179.4930312420281
265.675,179.4681848442936
265.7,179.44334244372436
265.725,179.41850403967658
265.75,179.39366963150732
265.77500000000003,179.36883921857293
265.8,179.34401280023025
265.825,179.319190375836
265.85,179.29437194474724
265.875,179.26955750632098
265.90000000000003,179.24474705991466
265.925,179.2199406048853
265.95,179.19513814059027
265.975,179.17033966638732
266.0,179.14554518163396
266.02500000000003,179.1207546856878
266.05,179.09596817790668
266.075,179.07118565764836
266.1,179.0464071242711
266.125,179.02163257713283
266.15000000000003,178.99686201559192
266.175,178.97209543900672
266.2,178.9473328467355
266.225,178.92257423813675
266.25,178.89781961256926
266.27500000000003,178.8730689693916
266.3,178.84832230796258
266.325,178.8235796276412
266.35,178.79884092778676
266.375,178.77410620775822
266.40000000000003,178.74937546691493
266.425,178.7246487046161
266.45,178.6999259202211
266.475,178.67520711308975
266.5,178.65049228258152
266.52500000000003,178.62578142805629
266.55,178.60107454887384
266.575,178.5763716443942
266.6,178.5516727139773
266.625,178.5269777569836
266.65000000000003,178.50228677277315
266.675,178.47759976070654
266.7,178.45291672014426
266.725,178.42823765044662
266.75,178.40356255097467
266.77500000000003,178.37889142108904
266.8,178.3542242601507
266.825,178.32956106752042
266.85,178.30490184255962
266.875,178.2802465846293
266.90000000000003,178.25559529309098
266.925,178.2309479673058
266.95,178.20630460663534
266.975,178.1816652104414
267.0,178.1570297780856
267.02500000000003,178.1323983089299
267.05,178.10777080233615
267.075,178.08314725766633
267.1,178.05852767428277
267.125,178.0339120515474
267.15000000000003,178.00930038882268
267.175,177.98469268547106
267.2,177.96008894085537
267.225,177.93548915433772
267.25,177.91089332528153
267.27500000000003,177.88630145304904
267.3,177.86171353700357
267.325,177.83712957650806
267.35,177.81254957092585
267.375,177.78797351962018
267.40000000000003,177.76340142195423
267.425,177.7388332772917
267.45,177.71426908499598
267.475,177.6897088444306
267.5,177.66515255495963
267.52500000000003,177.6406002159469
267.55,177.6160518267565
267.575,177.59150738675226
267.6,177.5669668952986
267.625,177.54243035175966
267.65000000000003,177.51789775549992
267.675,177.49336910588386
267.7,177.4688444022762
267.725,177.44432364404165
267.75,177.4198068305448
267.77500000000003,177.39529396115066
267.8,177.37078503522446
267.825,177.34628005213105
267.85,177.32177901123575
267.875,177.2972819119039
267.90000000000003,177.27278875350072
267.925,177.24829953539202
267.95,177.22381425694343
267.975,177.19933291752045
268.0,177.17485551648915
268.02500000000003,177.1503820532153
268.05,177.12591252706503
268.075,177.10144693740423
268.1,177.0769852835995
268.125,177.05252756501682
268.15000000000003,177.0280737810231
268.175,177.0036239309845
268.2,176.9791780142679
268.225,176.95473603023987
268.25,176.93029797826756
268.27500000000003,176.90586385771763
268.3,176.88143366795725
268.325,176.8570074083535
268.35,176.83258507827387
268.375,176.80816667708567
268.40000000000003,176.78375220415623
268.425,176.7593416588532
268.45,176.7349350405442
268.475,176.710532348597
268.5,176.68613358237943
268.52500000000003,176.66173874125957
268.55,176.6373478246055
268.575,176.61296083178533
268.6,176.58857776216755
268.625,176.5641986151202
268.65000000000003,176.53982339001212
268.675,176.51545208621178
268.7,176.49108470308764
268.725,176.46672124000887
268.75,176.44236169634402
268.77500000000003,176.41800607146226
268.8,176.39365436473264
268.825,176.3693065755246
268.85,176.34496270320713
268.875,176.3206227471497
268.90000000000003,176.29628670672201
268.925,176.27195458129353
268.95,176.24762637023392
268.975,176.22330207291307
269.0,176.1989816887011
269.02500000000003,176.17466521696747
269.05,176.15035265708275
269.075,176.126044008417
269.1,176.10173927034052
269.125,176.07743844222387
269.15000000000003,176.05314152343757
269.175,176.02884851335202
269.2,176.004559411338
269.225,175.98027421676656
269.25,175.9559929290086
269.27500000000003,175.9317155474349
269.3,175.90744207141668
269.325,175.88317250032523
269.35,175.858906833532
269.375,175.83464507040804
269.40000000000003,175.81038721032542
269.425,175.7861332526555
269.45,175.76188319677004
269.475,175.73763704204075
269.5,175.71339478783977
269.52500000000003,175.68915643353915
269.55,175.66492197851093
269.575,175.6406914221273
269.6,175.61646476376075
269.625,175.5922420027837
269.65000000000003,175.56802313856866
269.675,175.54380817048832
269.7,175.51959709791544
269.725,175.49538992022283
269.75,175.4711866367834
269.77500000000003,175.44698724697034
269.8,175.42279175015673
269.825,175.3986001457158
269.85,175.37441243302095
269.875,175.3502286114455
269.90000000000003,175.32604868036327
269.925,175.30187263914792
269.95,175.27770048717298
269.975,175.2535322238124
270.0,175.22936784844015
270.02500000000003,175.20520736043045
270.05,175.18105075915727
270.075,175.15689804399503
270.1,175.1327492143181
270.125,175.10860426950066
270.15000000000003,175.08446320891758
270.175,175.06032603194342
270.2,175.03619273795303
270.225,175.0120633263213
270.25,174.98793779642307
270.27500000000003,174.9638161476336
270.3,174.93969837932778
270.325,174.915584490881
270.35,174.89147448166892
270.375,174.8673683510668
270.40000000000003,174.84326609845013
270.425,174.8191677231948
270.45,174.7950732246765
270.475,174.77098260227095
270.5,174.7468958553543
270.52500000000003,174.72281298330256
270.55,174.69873398549208
270.575,174.67465886129912
270.6,174.65058761009973
270.625,174.62652023127072
270.65000000000003,174.60245672418856
270.675,174.57839708822996
270.7,174.55434132277173
270.725,174.53028942719078
270.75,174.50624140086416
270.77500000000003,174.48219724316886
270.8,174.4581569534821
270.825,174.43412053118112
270.85,174.41008797564325
270.875,174.38605928624608
270.90000000000003,174.3620344623672
270.925,174.3380135033843
270.95,174.3139964086752
270.975,174.2899831776178
271.0,174.26597380958998
271.02500000000003,174.24196830396974
271.05,174.21796666013554
271.075,174.19396887746564
271.1,174.16997495533838
271.125,174.1459848931322
271.15000000000003,174.12199869022572
271.175,174.09801634599768
271.2,174.07403785982672
271.225,174.05006323109208
271.25,174.02609245917242
271.27500000000003,174.00212554344697
271.3,173.97816248329482
271.325,173.95420327809535
271.35,173.9302479272281
271.375,173.90629643007244
271.40000000000003,173.88234878600795
271.425,173.85840499441426
271.45,173.83446505467128
271.475,173.81052896615896
271.5,173.78659672825708
271.52500000000003,173.7626683403459
271.55,173.7387438018055
271.575,173.71482311201626
271.6,173.69090627035868
271.625,173.66699327621313
271.65000000000003,173.64308412896014
271.675,173.61917882798042
271.7,173.5952773726549
271.725,173.57137976236447
271.75,173.54748599649008
271.77500000000003,173.52359607441275
271.8,173.49970999551368
271.825,173.47582775917428
271.85,173.451949364776
271.875,173.42807481170001
271.90000000000003,173.4042040993284
271.925,173.38033722704253
271.95,173.35647419422432
271.975,173.3326150002554
272.0,173.3087596445181
272.02500000000003,173.2849081263943
272.05,173.2610604452663
272.075,173.23721660051626
272.1,173.21337659152667
272.125,173.18954041768006
