t,T
0.0,25.0
0.025,25.000079823005084
0.05,25.00025591703239
0.07500000000000001,25.000530602369512
0.1,25.000904142589793
0.125,25.00137653678117
0.15000000000000002,25.00194775133514
0.17500000000000002,25.002617748660896
0.2,25.003386490695735
0.225,25.004253939332543
0.25,25.005220056471728
0.275,25.00628480402764
0.30000000000000004,25.007448143929256
0.325,25.00871003812023
0.35000000000000003,25.010070448559027
0.375,25.01152933721879
0.4,25.013086666087446
0.42500000000000004,25.01474239716757
0.45,25.016496492476538
0.47500000000000003,25.018348914046356
0.5,25.020299623923766
0.525,25.02234858417023
0.55,25.024495756861892
0.5750000000000001,25.026741104089574
0.6000000000000001,25.029084587958774
0.625,25.0315261705897
0.65,25.0340658141172
0.675,25.03670348069079
0.7000000000000001,25.03943913247466
0.7250000000000001,25.042272731647635
0.75,25.04520424040321
0.775,25.048233620949507
0.8,25.05136083550928
0.8250000000000001,25.054585846319917
0.8500000000000001,25.057908615633487
0.875,25.061329105716606
0.9,25.06484727885052
0.925,25.0684630973311
0.9500000000000001,25.07217652346881
0.9750000000000001,25.075987519588733
1.0,25.079896048030516
1.0250000000000001,25.083902071148422
1.05,25.088005551311227
1.075,25.092206450902385
1.1,25.09650473231987
1.125,25.100900357976204
1.1500000000000001,25.105393290298444
1.175,25.109983491728283
1.2000000000000002,25.11467092472189
1.225,25.119455551750022
1.25,25.124337335297938
1.2750000000000001,25.129316237865464
1.3,25.1343922219669
1.3250000000000002,25.139565250131092
1.35,25.14483528490139
1.375,25.150202288835704
1.4000000000000001,25.155666224506405
1.425,25.161227054500344
1.4500000000000002,25.166884741418848
1.475,25.172639247877825
1.5,25.178490536507574
1.5250000000000001,25.18443856995287
1.55,25.190483310873027
1.5750000000000002,25.19662472194176
1.6,25.202862765847236
1.625,25.209197405292127
1.6500000000000001,25.215628602993544
1.675,25.222156321683002
1.7000000000000002,25.228780524106455
1.725,25.235501173024332
1.75,25.242318231211446
1.7750000000000001,25.249231661457024
1.8,25.256241426564717
1.8250000000000002,25.263347489352604
1.85,25.27054981265315
1.875,25.277848359313243
1.9000000000000001,25.285243092194122
1.925,25.292733974171426
1.9500000000000002,25.300320968135193
1.975,25.308004036989804
2.0,25.315783143654038
2.025,25.323658251061016
2.0500000000000003,25.331629322158204
2.075,25.339696319907492
2.1,25.34785920728503
2.125,25.3561179472814
2.15,25.364472502901425
2.1750000000000003,25.37292283716429
2.2,25.381468913103546
2.225,25.390110693767042
2.25,25.398848142216938
2.275,25.407681221529693
2.3000000000000003,25.416609894796036
2.325,25.425634125121086
2.35,25.43475387562419
2.375,25.44396910943899
2.4000000000000004,25.453279789713413
2.4250000000000003,25.46268587960968
2.45,25.47218734230423
2.475,25.481784140987816
2.5,25.49147623886544
2.5250000000000004,25.501263599156367
2.5500000000000003,25.51114618509406
2.575,25.52112395992627
2.6,25.531196886915
2.625,25.54136492933647
2.6500000000000004,25.551628050481085
2.6750000000000003,25.56198621365353
2.7,25.572439382172664
2.725,25.58298751937158
2.75,25.593630588597573
2.7750000000000004,25.604368553212094
2.8000000000000003,25.615201376590853
2.825,25.626129022123738
2.85,25.637151453214784
2.875,25.648268633282207
2.9000000000000004,25.65948052575844
2.9250000000000003,25.670787094090027
2.95,25.6821883017377
2.975,25.69368411217633
3.0,25.705274488894965
3.0250000000000004,25.716959395396803
3.0500000000000003,25.728738795199156
3.075,25.740612651833466
3.1,25.752580928845326
3.125,25.764643589794424
3.1500000000000004,25.77680059825458
3.1750000000000003,25.789051917813754
3.2,25.801397512073926
3.225,25.813837344651294
3.25,25.826371379176074
3.2750000000000004,25.838999579292583
3.3000000000000003,25.851721908659254
3.325,25.864538330948555
3.35,25.87744880984709
3.375,25.890453309055435
3.4000000000000004,25.90355179228832
3.4250000000000003,25.916744223274506
3.45,25.930030565756795
3.475,25.943410783492038
3.5,25.95688484025115
3.5250000000000004,25.97045269981902
3.5500000000000003,25.984114325994657
3.575,25.997869682591038
3.6,26.011718733435156
3.625,26.025661442368033
3.6500000000000004,26.039697773244725
3.6750000000000003,26.05382768993427
3.7,26.06805115631967
3.725,26.08236813629798
3.75,26.09677859378022
3.7750000000000004,26.111282492691345
3.8000000000000003,26.125879796970384
3.825,26.140570470570253
3.85,26.155354477457863
3.875,26.170231781614095
3.9000000000000004,26.18520234703379
3.9250000000000003,26.20026613772572
3.95,26.21542311771259
3.975,26.230673251031096
4.0,26.24601650173183
4.025,26.261452833879304
4.05,26.276982211551974
4.075,26.292604598842217
4.1000000000000005,26.3083199598563
4.125,26.324128258714428
4.15,26.3400294595507
4.175,26.356023526513077
4.2,26.372110423763427
4.2250000000000005,26.388290115477545
4.25,26.404562565845072
4.275,26.420927739069526
4.3,26.437385599368287
4.325,26.4539361109726
4.3500000000000005,26.470579238127595
4.375,26.48731494509224
4.4,26.50414319613935
4.425,26.52106395555558
4.45,26.5380771876414
4.4750000000000005,26.555182856711188
4.5,26.572380927093082
4.525,26.589671363129053
4.55,26.607054129174923
4.575,26.624529189600292
4.6000000000000005,26.642096508788548
4.625,26.659756051136927
4.65,26.67750778105643
4.675,26.695351662971888
4.7,26.71328766132185
4.7250000000000005,26.7313157405587
4.75,26.74943586514855
4.775,26.76764799957133
4.800000000000001,26.7859521083207
4.825,26.80434815590411
4.8500000000000005,26.822836106842722
4.875,26.841415925671484
4.9,26.860087576939065
4.925000000000001,26.878851025207886
4.95,26.89770623505409
4.9750000000000005,26.91665317106751
5.0,26.93569179785177
5.025,26.954822080024165
5.050000000000001,26.974043982215715
5.075,26.993357469071164
5.1000000000000005,27.012762505248915
5.125,27.03225905542109
5.15,27.051847084273493
5.175000000000001,27.07152655650562
5.2,27.09129743683066
5.2250000000000005,27.111159689975423
5.25,27.13111328068046
5.275,27.151158173699955
5.300000000000001,27.17129433380172
5.325,27.19152172576725
5.3500000000000005,27.2118403143917
5.375,27.232250064483864
5.4,27.252750940866115
5.425000000000001,27.273342908374524
5.45,27.294025931858744
5.4750000000000005,27.31479997618212
5.5,27.335665006221554
5.525,27.356620986867537
5.550000000000001,27.377667883024237
5.575,27.398805659609383
5.6000000000000005,27.42003428155431
5.625,27.441353713803906
5.65,27.462763921316704
5.675000000000001,27.484264869064777
5.7,27.505856522033795
5.7250000000000005,27.52753884522292
5.75,27.549311803645033
5.775,27.57117536232643
5.800000000000001,27.593129486307014
5.825,27.615174140640246
5.8500000000000005,27.63730929039313
5.875,27.659534900646197
5.9,27.681850936493532
5.925000000000001,27.704257363042696
5.95,27.72675414541483
5.9750000000000005,27.749341248744525
6.0,27.772018638179958
6.025,27.794786278882775
6.050000000000001,27.817644136028136
6.075,27.84059217480471
6.1000000000000005,27.863630360414607
6.125,27.886758658073465
6.15,27.909977033010403
6.175000000000001,27.933285450467984
6.2,27.9566838757023
6.2250000000000005,27.980172273982845
6.25,28.003750610592604
6.275,28.02741885082798
6.300000000000001,28.05117695999891
6.325,28.075024903428705
6.3500000000000005,28.098962646454126
6.375,28.12299015442539
6.4,28.147107392706143
6.425000000000001,28.171314326673414
6.45,28.195610921717673
6.4750000000000005,28.21999714324285
6.5,28.244472956666225
6.525,28.2690383274185
6.550000000000001,28.293693220943787
6.575,28.318437602699532
6.6000000000000005,28.343271438156695
6.625,28.36819469279947
6.65,28.393207332125524
6.675000000000001,28.41830932164588
6.7,28.443500626884894
6.7250000000000005,28.468781213380346
6.75,28.494151046683335
6.775,28.519610092358285
6.800000000000001,28.545158315983
6.825,28.570795683148667
6.8500000000000005,28.596522159459735
6.875,28.622337710533976
6.9,28.64824230200259
6.925000000000001,28.67423589950999
6.95,28.700318468713974
6.9750000000000005,28.72648997528561
7.0,28.752750384909305
7.025,28.779099663282725
7.050000000000001,28.805537776116896
7.075,28.8320646891361
7.1000000000000005,28.858680368077852
7.125,28.885384778693034
7.15,28.91217788674575
7.175000000000001,28.939059658013413
7.2,28.96603005828664
7.2250000000000005,28.99308905336936
7.25,29.020236609078744
7.275,29.047472691245215
7.300000000000001,29.07479726571244
7.325,29.102210298337315
7.3500000000000005,29.129711754989984
7.375,29.157301601553815
7.4,29.184979803925376
7.425000000000001,29.212746328014504
7.45,29.240601139744204
7.4750000000000005,29.268544205050738
7.5,29.296575489883494
7.525,29.32469496020518
7.550000000000001,29.352902581991568
7.575,29.381198321231718
7.6000000000000005,29.409582143927786
7.625,29.43805401609519
7.65,29.46661390376247
7.675000000000001,29.49526177297137
7.7,29.52399758977676
7.7250000000000005,29.55282132024668
7.75,29.581732930462337
7.775,29.61073238651809
7.800000000000001,29.639819654521407
7.825,29.668994700592968
7.8500000000000005,29.69825749086648
7.875,29.72760799148885
7.9,29.757046168620114
7.925000000000001,29.78657198843337
7.95,29.81618541711488
7.9750000000000005,29.845886420863987
8.0,29.87567496589316
8.025,29.905551018427936
8.05,29.935514544706955
8.075000000000001,29.965565510981975
8.1,29.995703883517802
8.125,30.025929628592362
8.15,30.05624271249656
8.175,30.086643101534463
8.200000000000001,30.117130762023162
8.225,30.147705660292814
8.25,30.17836776268664
8.275,30.209117035560883
8.3,30.239953445284833
8.325000000000001,30.27087695824086
8.35,30.301887540824303
8.375,30.33298515944354
8.4,30.364169780520037
8.425,30.395441370488207
8.450000000000001,30.42679989579548
8.475,30.458245322902354
8.5,30.48977761828225
8.525,30.521396748421644
8.55,30.553102679819972
8.575000000000001,30.584895378989696
8.6,30.61677481245621
8.625,30.64874094675791
8.65,30.680793748446195
8.675,30.712933184085372
8.700000000000001,30.745159220252745
8.725,30.77747182353857
8.75,30.809870960546057
8.775,30.842356597891374
8.8,30.874928702203636
8.825000000000001,30.907587240124876
8.85,30.940332178310037
8.875,30.97316348342706
8.9,31.006081122156726
8.925,31.03908506119279
8.950000000000001,31.07217526724193
8.975,31.10535170702367
9.0,31.13861434727052
9.025,31.171963154727756
9.05,31.205398096153687
9.075000000000001,31.238919138319478
9.1,31.272526248009125
9.125,31.30621939201956
9.15,31.339998537160554
9.175,31.37386365025471
9.200000000000001,31.407814698137592
9.225,31.441851647657558
9.25,31.4759744656758
9.275,31.510183119066415
9.3,31.54447757471634
9.325000000000001,31.57885779952529
9.35,31.613323760405862
9.375,31.647875424283495
9.4,31.68251275809635
9.425,31.71723572879558
9.450000000000001,31.75204430334499
9.475,31.78693844872131
9.5,31.821918131913986
9.525,31.856983319925362
9.55,31.892133979770435
9.575000000000001,31.92737007847715
9.600000000000001,31.962691583086144
9.625,31.998098460650837
9.65,32.03359067823743
9.675,32.06916820292491
9.700000000000001,32.104831001805
9.725000000000001,32.140579041982264
9.75,32.17641229057393
9.775,32.21233071470994
9.8,32.24833428153316
9.825000000000001,32.28442295819905
9.850000000000001,32.3205967118758
9.875,32.35685550974441
9.9,32.39319931899853
9.925,32.42962810684461
9.950000000000001,32.46614184050174
9.975000000000001,32.502740487201756
10.0,32.53942401418923
10.025,32.57619238872134
10.05,32.61304557806808
10.075000000000001,32.649983549512065
10.100000000000001,32.68700627034865
10.125,32.72411370788578
10.15,32.761305829444126
10.175,32.79858260235707
10.200000000000001,32.83594399397062
10.225000000000001,32.873389971643455
10.25,32.91092050274688
10.275,32.94853555466494
10.3,32.98623509479421
10.325000000000001,33.02401909054403
10.350000000000001,33.06188750933628
10.375,33.09984031860549
10.4,33.13787748579887
10.425,33.17599897837622
10.450000000000001,33.21420476380995
10.475000000000001,33.252494809585095
10.5,33.2908690831993
10.525,33.32932755216282
10.55,33.3678701839985
10.575000000000001,33.40649694624177
10.600000000000001,33.44520780644068
10.625,33.484002732155815
10.65,33.52288169096041
10.675,33.56184465044016
10.700000000000001,33.60089157819346
10.725000000000001,33.64002244183122
10.75,33.67923720897688
10.775,33.71853584726653
10.8,33.75791832434869
10.825000000000001,33.79738460788443
10.850000000000001,33.83693466554746
10.875,33.876568465024
10.9,33.91628597401279
10.925,33.956087160225024
10.950000000000001,33.99597199138453
10.975000000000001,34.035940435227566
11.0,34.07599245950294
11.025,34.11612803197203
11.05,34.156347120408576
11.075000000000001,34.19664969259894
11.100000000000001,34.23703571634193
11.125,34.27750515944882
11.15,34.318057989743416
11.175,34.358694175061956
11.200000000000001,34.399413683253194
11.225000000000001,34.44021648217831
11.25,34.48110253971097
11.275,34.52207182373734
11.3,34.56312430215594
11.325000000000001,34.60425994287785
11.350000000000001,34.64547871382654
11.375,34.68678058293797
11.4,34.728165518160424
11.425,34.76963348745474
11.450000000000001,34.811184458794074
11.475000000000001,34.852818400164075
11.5,34.8945352795628
11.525,34.93633506500073
11.55,34.978217724500766
11.575000000000001,35.020183226098105
11.600000000000001,35.06223153784045
11.625,35.10436262778782
11.65,35.146576464012746
11.675,35.18887301459997
11.700000000000001,35.23125224764678
11.725000000000001,35.2737141312627
11.75,35.31625863356972
11.775,35.358885722702134
11.8,35.40159536680663
11.825000000000001,35.444387534042306
11.850000000000001,35.48726219258043
11.875,35.53021931060483
11.9,35.57325885631148
11.925,35.6163807979089
11.950000000000001,35.659585103617744
11.975000000000001,35.70287174167109
12.0,35.746240680314294
12.025,35.78969188780512
12.05,35.83322533241356
12.075000000000001,35.876840982421875
12.100000000000001,35.920538806124746
12.125,35.96431877182908
12.15,36.00818084785409
12.175,36.052125002531284
12.200000000000001,36.096151204204446
12.225000000000001,36.140259421229615
12.25,36.18444962197515
12.275,36.2287217748217
12.3,36.27307584816212
12.325000000000001,36.3175118104015
12.350000000000001,36.36202962995728
12.375,36.406629275259036
12.4,36.451310714748736
12.425,36.49607391688046
12.450000000000001,36.5409188501206
12.475000000000001,36.58584548294772
12.5,36.63085378385267
12.525,36.67594372133851
12.55,36.721115263920474
12.575000000000001,36.76636838012605
12.600000000000001,36.81170303849495
12.625,36.85711920757903
12.65,36.902616855942384
12.675,36.948195952161306
12.700000000000001,36.993856464824255
12.725000000000001,37.039598362531926
12.75,37.08542161389714
12.775,37.13132618754489
12.8,37.17731205211239
12.825000000000001,37.22337917624902
12.850000000000001,37.26952752861624
12.875,37.3157570778877
12.9,37.36206779274931
12.925,37.40845964189896
12.950000000000001,37.45493259404682
12.975000000000001,37.50148661791515
13.0,37.548121682238275
13.025,37.59483775576274
13.05,37.641634807247215
13.075000000000001,37.688512805462466
13.100000000000001,37.735471719191324
13.125,37.78251151722881
13.15,37.829632168382005
13.175,37.87683364147009
13.200000000000001,37.92411590532436
13.225000000000001,37.971478928788166
13.25,38.01892268071706
13.275,38.066447129978506
13.3,38.11405224545218
13.325000000000001,38.16173799602976
13.350000000000001,38.20950435061502
13.375,38.25735127812382
13.4,38.30527874748405
13.425,38.35328672763564
13.450000000000001,38.40137518753056
13.475000000000001,38.449544096132925
13.5,38.497793422418745
13.525,38.546123135376206
13.55,38.594533204005444
13.575000000000001,38.643023597318674
13.600000000000001,38.69159428434004
13.625,38.740245234105764
13.65,38.7889764156641
13.675,38.83778779807528
13.700000000000001,38.886679350411534
13.725000000000001,38.93565104175717
13.75,38.98470284120836
13.775,39.03383471787341
13.8,39.08304664087244
13.825000000000001,39.132338579337734
13.850000000000001,39.18171050241339
13.875,39.2311623792556
13.9,39.28069417903245
13.925,39.330305870924036
13.950000000000001,39.37999742412236
13.975000000000001,39.4297688078314
14.0,39.47961999126715
14.025,39.529550943657476
14.05,39.57956163424216
14.075000000000001,39.62965203227297
14.100000000000001,39.679822107013614
14.125,39.730071827739685
14.15,39.78040116373868
14.175,39.830810084310116
14.200000000000001,39.88129855876526
14.225000000000001,39.931866556427416
14.25,39.98251404663176
14.275,40.03324099872537
14.3,40.08404738206718
14.325000000000001,40.13493316602808
14.350000000000001,40.185898319990784
14.375,40.236942813349906
14.4,40.288066615511966
14.425,40.33926969589527
14.450000000000001,40.390552023930084
14.475000000000001,40.44191356905849
14.5,40.49335430073442
14.525,40.544874188423684
14.55,40.59647320160396
14.575000000000001,40.64815130976472
14.600000000000001,40.699908482407274
14.625,40.7517446890448
14.65,40.8036598992023
14.675,40.855654082416564
14.700000000000001,40.90772720823629
14.725000000000001,40.95987924622185
14.75,41.0121101659456
14.775,41.06441993699159
14.8,41.11680852895567
14.825000000000001,41.16927591144558
14.850000000000001,41.22182205408073
14.875,41.2744469264924
14.9,41.32715049832365
14.925,41.37993273922928
14.950000000000001,41.4327936188759
14.975000000000001,41.48573310694191
15.0,41.53875117311741
15.025,41.591847787104335
15.05,41.6450229186163
15.075000000000001,41.69827653737873
15.100000000000001,41.75160861312879
15.125,41.80501911561542
15.15,41.85850801459923
15.175,41.91207527985259
15.200000000000001,41.96572088115963
15.225000000000001,42.01944478831616
15.25,42.07324697112974
15.275,42.12712739941967
15.3,42.181086043016926
15.325000000000001,42.23512287176419
15.350000000000001,42.28923785551588
15.375,42.34343096413804
15.4,42.39770216750853
15.425,42.45205143551676
15.450000000000001,42.50647873806394
15.475000000000001,42.560984045062916
15.5,42.615567326438175
15.525,42.67022855212598
15.55,42.724967692074095
15.575000000000001,42.77978471624212
15.600000000000001,42.834679594601184
15.625,42.88958820481922
15.65,42.94448156052472
15.675,42.99935452333671
15.700000000000001,43.0542063937995
15.725000000000001,43.109037090638836
15.75,43.16384661103013
15.775,43.21863496180918
15.8,43.273402150988105
15.825000000000001,43.32814818671933
15.850000000000001,43.382873077169556
15.875,43.43757683050458
15.9,43.49225945488726
15.925,43.54692095847733
15.950000000000001,43.6015613494313
15.975000000000001,43.65618063590264
16.0,43.71077882604166
16.025000000000002,43.76535592799541
16.05,43.81991194990795
16.075,43.87444689992008
16.1,43.92896078616947
16.125,43.983453616790726
16.150000000000002,44.03792539991526
16.175,44.092376143671316
16.2,44.14680585618404
16.225,44.20121454557545
16.25,44.25560221996442
16.275000000000002,44.30996888746665
16.3,44.36431455619469
16.325,44.41863923425802
16.35,44.47294292976302
16.375,44.52722565081285
16.400000000000002,44.58148740550761
16.425,44.63572820194427
16.45,44.68994804821657
16.475,44.744146952415264
16.5,44.79832492262786
16.525000000000002,44.85248196693884
16.55,44.90661809342953
16.575,44.9607333101781
16.6,45.014827625259684
16.625,45.06890104674619
16.650000000000002,45.122953582706515
16.675,45.176985241206374
16.7,45.23099603030838
16.725,45.28498595807209
16.75,45.33895503255381
16.775000000000002,45.392903261806886
16.8,45.44683065388148
16.825,45.50073721682463
16.85,45.55462295868031
16.875,45.6084878874894
16.900000000000002,45.662332011289585
16.925,45.71615533811556
16.95,45.76995787599885
16.975,45.82373963296791
17.0,45.87750061704808
17.025000000000002,45.931240836261594
17.05,45.98496029862756
17.075,46.03865901216204
17.1,46.092336984878
17.125,46.14599422478532
17.150000000000002,46.19963073989072
17.175,46.25324653819792
17.2,46.30684162770748
17.225,46.36041601641689
17.25,46.413969712320544
17.275000000000002,46.4675027234098
17.3,46.521015057672834
17.325,46.574506723094835
17.35,46.627977727657836
17.375,46.68142807934086
17.400000000000002,46.734857786119804
17.425,46.78826685596751
17.45,46.841655296853666
17.475,46.895023116744994
17.5,46.94837032360507
17.525000000000002,47.00169692539437
17.55,47.05500293007039
17.575,47.108288345587475
17.6,47.16155317989694
17.625,47.21479744094698
17.650000000000002,47.26802113668279
17.675,47.32122427504643
17.7,47.37440686397694
17.725,47.427568911410276
17.75,47.480710425279334
17.775000000000002,47.53383141351395
17.8,47.586931884040936
17.825,47.64001184478392
17.85,47.693071303663544
17.875,47.7461102685975
17.900000000000002,47.799128747500276
17.925,47.85212674828334
17.95,47.90510427885511
17.975,47.95806134712094
18.0,48.01099796098318
18.025000000000002,48.06391412834107
18.05,48.11680985709086
18.075,48.1696851551257
18.1,48.22254003033569
18.125,48.27537449060794
18.150000000000002,48.328188543826464
18.175,48.38098219787224
18.2,48.4337554606232
18.225,48.486508339954256
18.25,48.539240843737254
18.275000000000002,48.591952979841004
18.3,48.64464475613127
18.325,48.697316180470864
18.35,48.749967260719416
18.375,48.80259800473368
18.400000000000002,48.85520842036721
18.425,48.907798515470674
18.45,48.96036829789161
18.475,49.01291777547461
18.5,49.06544695606115
18.525000000000002,49.117955847489725
18.55,49.17044445759578
18.575,49.22291279421173
18.6,49.27536086516703
18.625,49.32778867828809
18.650000000000002,49.38019624139824
18.675,49.43258356231779
18.7,49.48495064886408
18.725,49.53729750885141
18.75,49.5896241500911
18.775000000000002,49.64193058039146
18.8,49.69421680755771
18.825,49.74648283939212
18.85,49.798728683693874
18.875,49.8509543482592
18.900000000000002,49.90315984088137
18.925,49.95534516935052
18.95,50.00751034145389
18.975,50.05965536497559
19.0,50.11178024769689
19.025000000000002,50.16388499739586
19.05,50.21596962184778
19.075,50.268034128824766
19.1,50.320078526096005
19.125,50.37210282142769
19.150000000000002,50.424107022582916
19.175,50.4760911373219
19.200000000000003,50.528055173401846
19.225,50.579999138576916
19.25,50.63192304059825
19.275000000000002,50.68382688721411
19.3,50.73571068616972
19.325000000000003,50.78757444520722
19.35,50.83941817206585
19.375,50.891241874481835
19.400000000000002,50.943045560188445
19.425,50.994829236915926
19.450000000000003,51.04659291239157
19.475,51.0983365943397
19.5,51.150060290481626
19.525000000000002,51.20176400853561
19.55,51.25344775621708
19.575000000000003,51.30511154123834
19.6,51.35675537130877
19.625,51.40837925413484
19.650000000000002,51.45998319741995
19.675,51.51156720886459
19.700000000000003,51.56313129616627
19.725,51.61467546701948
19.75,51.66619972911575
19.775000000000002,51.717704090143705
19.8,51.7691885577889
19.825000000000003,51.82065313973396
19.85,51.87209784365871
19.875,51.92352267723971
19.900000000000002,51.97492764815078
19.925,52.02631276406268
19.950000000000003,52.07767803264318
19.975,52.129023461557196
20.0,52.18034905846664
20.025000000000002,52.23165483103043
20.05,52.28294078690457
20.075000000000003,52.33420693374208
20.1,52.385453279192994
20.125,52.43667983090446
20.150000000000002,52.487886596520646
20.175,52.53907358368279
20.200000000000003,52.59024080002916
20.225,52.64138825319503
20.25,52.69251595081285
20.275000000000002,52.74362390051191
20.3,52.794712109918805
20.325000000000003,52.84578058665699
20.35,52.89682933834708
20.375,52.94785837260668
20.400000000000002,52.9988676970506
20.425,53.049857319290524
20.450000000000003,53.100827246935296
20.475,53.15177748759074
20.5,53.20270804885986
20.525000000000002,53.25361893834267
20.55,53.304510163636216
20.575000000000003,53.35538173233469
20.6,53.406233652029286
20.625,53.45706593030821
20.650000000000002,53.50787857475696
20.675,53.55867159295788
20.700000000000003,53.60944499249043
20.725,53.66019878093126
20.75,53.71093296585389
20.775000000000002,53.76164755482911
20.8,53.81234255542475
20.825000000000003,53.863017975205636
20.85,53.913673821733724
20.875,53.96431010256805
20.900000000000002,54.01492682526475
20.925,54.06552399737702
20.950000000000003,54.11610162645512
20.975,54.16665972004638
21.0,54.21719828569531
21.025000000000002,54.267717330943405
21.05,54.3182168633293
21.075000000000003,54.36869689038874
21.1,54.41915741965447
21.125,54.46959845865644
21.150000000000002,54.52002001492156
21.175,54.570422095974024
21.200000000000003,54.620804709334934
21.225,54.67116786252256
21.25,54.72151156305226
21.275000000000002,54.771835818436536
21.3,54.82214063618491
21.325000000000003,54.87242602380412
21.35,54.9226919887979
21.375,54.972938538667144
21.400000000000002,55.02316568090985
21.425,55.073373423020975
21.450000000000003,55.12356177249281
21.475,55.17373073681461
21.5,55.22388032347275
21.525000000000002,55.274010539950794
21.55,55.324121393729364
21.575000000000003,55.37421289228614
21.6,55.42428504309601
21.625,55.47433785363091
21.650000000000002,55.52437133135991
21.675,55.574385483749246
21.700000000000003,55.62438031826217
21.725,55.674355842359084
21.75,55.7243120634976
21.775000000000002,55.77424898913234
21.8,55.82416662671514
21.825000000000003,55.87406498369482
21.85,55.923944067517525
21.875,55.97380388562635
21.900000000000002,56.02364444546156
21.925,56.073465754460564
21.950000000000003,56.12326782005793
21.975,56.17305064968532
22.0,56.22281425077154
22.025000000000002,56.272558630742544
22.05,56.32228379702127
22.075000000000003,56.37198975702806
22.1,56.42167651818022
22.125,56.47134408789213
22.150000000000002,56.52099247357545
22.175,56.570621682638915
22.200000000000003,56.62023172248843
22.225,56.66982260052697
22.25,56.71939432415469
22.275000000000002,56.76894690076903
22.3,56.81848033776436
22.325000000000003,56.867994642532274
22.35,56.917489822461434
22.375,56.96696588493778
22.400000000000002,57.0164228373444
22.425,57.06586068706144
22.450000000000003,57.1152794414662
22.475,57.16467910793323
22.5,57.21405969383411
22.525000000000002,57.263421206537714
22.55,57.31276365340994
22.575000000000003,57.36208704181384
22.6,57.411391379109766
22.625,57.46067667265511
22.650000000000002,57.509942929804396
22.675,57.55919015790941
22.700000000000003,57.60841836431906
22.725,57.65762755637941
22.75,57.70681774143365
22.775000000000002,57.755988926822155
22.8,57.80514111988251
22.825000000000003,57.85427432794944
22.85,57.90338855835481
22.875,57.95248381842774
22.900000000000002,58.001560115494364
22.925,58.05061745687821
22.950000000000003,58.09965584989974
22.975,58.14867530187672
23.0,58.19767582012407
23.025000000000002,58.246657411953976
23.05,58.295620084675605
23.075000000000003,58.34456384559544
23.1,58.39348870201712
23.125,58.44239466124135
23.150000000000002,58.49128173056622
23.175,58.540149917286904
23.200000000000003,58.588999228695776
23.225,58.637829672082376
23.25,58.686641254733345
23.275000000000002,58.73543398393266
23.3,58.78420786696137
23.325000000000003,58.832962911097816
23.35,58.88169912361745
23.375,58.930416511792934
23.400000000000002,58.979115082894154
23.425,59.02779484418816
23.450000000000003,59.07645580293914
23.475,59.12509796640855
23.5,59.17372134185509
23.525000000000002,59.22232593653453
23.55,59.270911757699935
23.575000000000003,59.31947881260159
23.6,59.36802710848683
23.625,59.41655665260028
23.650000000000002,59.46506745218383
23.675,59.51355951447656
23.700000000000003,59.56203284671462
23.725,59.61048745613155
23.75,59.658923349957924
23.775000000000002,59.7073405354217
23.8,59.755739019747864
23.825000000000003,59.80411881015883
23.85,59.852479913873964
23.875,59.900822338110025
23.900000000000002,59.94914609008087
23.925,59.997451176997735
23.950000000000003,60.045737606068926
23.975,60.09400538450008
24.0,60.142254519493875
24.025000000000002,60.19048501825035
24.05,60.23869688796675
24.075000000000003,60.28689013583755
24.1,60.335064769054426
24.125,60.383220794806235
24.150000000000002,60.43135822027906
24.175,60.47947705265633
24.200000000000003,60.527577299118484
24.225,60.575658966843406
24.25,60.62372206300609
24.275000000000002,60.67176659477885
24.3,60.719792569331084
24.325000000000003,60.76779999382959
24.35,60.81578887543826
24.375,60.86375922131828
24.400000000000002,60.91171103862804
24.425,60.95964433452325
24.450000000000003,61.007559116156756
24.475,61.05545539067871
24.5,61.10333316523644
24.525000000000002,61.15119244697462
24.55,61.19903324303508
24.575000000000003,61.24685556055692
24.6,61.29465940667648
24.625,61.34244478852732
24.650000000000002,61.39021171324019
24.675,61.43796018794324
24.700000000000003,61.48569021976183
24.725,61.533401815818436
24.75,61.58109498323294
24.775000000000002,61.62876972912236
24.8,61.67642606060103
24.825000000000003,61.72406398478054
24.85,61.771683508769755
24.875,61.81928463967469
24.900000000000002,61.86686738459867
24.925,61.91443175064232
24.950000000000003,61.96197774490352
24.975,62.009505374477435
25.0,62.057014646456274
25.025000000000002,62.10450556792976
25.05,62.15197814598484
25.075000000000003,62.19943238770559
25.1,62.24686830017349
25.125,62.294285890467194
25.150000000000002,62.3416851656627
25.175,62.38906613283317
25.200000000000003,62.436428799049104
25.225,62.483773171378374
25.25,62.53109925688596
25.275000000000002,62.57840706263409
25.3,62.62569659568244
25.325000000000003,62.672967863087834
25.35,62.7202208719044
25.375,62.76745562918355
25.400000000000002,62.814672141973965
25.425,62.86187041732157
25.450000000000003,62.90905046226964
25.475,62.956212283858676
25.5,63.003355889126475
25.525000000000002,63.05048128510818
25.55,63.09758847883616
25.575000000000003,63.14467747733998
25.6,63.19174828764664
25.625,63.23880091678032
25.650000000000002,63.28583537176257
25.675,63.332851659612245
25.700000000000003,63.37984978734544
25.725,63.426829761975355
25.75,63.47379159051282
25.775000000000002,63.520735279965784
25.8,63.567660837339545
25.825000000000003,63.6145682696366
25.85,63.661457583856816
25.875,63.70832878699738
25.900000000000002,63.75518188605264
25.925,63.80201688801443
25.950000000000003,63.8488337998718
25.975,63.89563262861104
26.0,63.942413381215864
26.025000000000002,63.98917606466717
26.05,64.03592068594325
26.075000000000003,64.08264725201967
26.1,64.1293557698693
26.125,64.17604624646235
26.150000000000002,64.22271868876624
26.175,64.26937310374582
26.200000000000003,64.31600949836316
26.225,64.36262787957769
26.25,64.4092282543462
26.275000000000002,64.45581062962269
26.3,64.50237501235848
26.325000000000003,64.54892140950233
26.35,64.59544982800014
26.375,64.64196027479528
26.400000000000002,64.68845275682835
26.425,64.73492728103733
26.450000000000003,64.7813838543575
26.475,64.82782248372146
26.5,64.87424317605908
26.525000000000002,64.92064593829765
26.55,64.96703077736178
26.575000000000003,65.0133977001733
26.6,65.05974671365145
26.625,65.10607782471273
26.650000000000002,65.15239104027101
26.675,65.19868636723758
26.700000000000003,65.2449638125209
26.725,65.29122338302692
26.75,65.33746508565879
26.775000000000002,65.38368892731702
26.8,65.42989491489958
26.825000000000003,65.4760830553016
26.85,65.52225335541571
26.875,65.56840582213171
26.900000000000002,65.61454046233692
26.925,65.66065728291582
26.950000000000003,65.70675629075042
26.975,65.75283749271983
27.0,65.79890089570074
27.025000000000002,65.84494650656708
27.05,65.89097433219023
27.075000000000003,65.93698437943866
27.1,65.9829766551784
27.125,66.02895116627285
27.150000000000002,66.07490791958264
27.175,66.12084692196585
27.200000000000003,66.16676818027776
27.225,66.21267170137116
27.25,66.2585574920961
27.275000000000002,66.30442555930011
27.3,66.35027590982789
27.325000000000003,66.39610855052172
27.35,66.44192348822105
27.375,66.48772072976274
27.400000000000002,66.53350028198105
27.425,66.57926215170764
27.450000000000003,66.62500634577138
27.475,66.67073287099863
27.5,66.716441734213
27.525000000000002,66.76213294223561
27.55,66.80780650188481
27.575000000000003,66.85346241997657
27.6,66.89910070332384
27.625,66.94472135873724
27.650000000000002,66.99032439302466
27.675,67.03590981299132
27.700000000000003,67.08147762543989
27.725,67.12702783717032
27.75,67.17256045498007
27.775000000000002,67.21807548566387
27.8,67.26357293601392
27.825000000000003,67.30905281281964
27.85,67.35451512286791
27.875,67.39995987294313
27.900000000000002,67.44538706982681
27.925,67.49079672029796
27.950000000000003,67.53618883113315
27.975,67.58156340910607
28.0,67.6269204609879
28.025000000000002,67.67225999354729
28.05,67.71758201355014
28.075000000000003,67.76288652775975
28.1,67.80817354293693
28.125,67.85344306583978
28.150000000000002,67.89869510322379
28.175,67.94392966184185
28.200000000000003,67.98914674844421
28.225,68.03434636977866
28.25,68.07952853259027
28.275000000000002,68.12469324362145
28.3,68.16984050961219
28.325000000000003,68.21497033729966
28.35,68.26008273341857
28.375,68.30517770470094
28.400000000000002,68.35025525787628
28.425,68.3953153996715
28.450000000000003,68.44035813681076
28.475,68.48538347601584
28.5,68.53039142400581
28.525000000000002,68.57538198749715
28.55,68.62035517320372
28.575000000000003,68.66531098783682
28.6,68.71024943810521
28.625,68.75517053071499
28.650000000000002,68.8000742723697
28.675,68.84496066977033
28.700000000000003,68.88982972961516
28.725,68.93468145859993
28.75,68.9795158634179
28.775000000000002,69.02433295075973
28.8,69.06913272731325
28.825000000000003,69.11391519976395
28.85,69.15868037479484
28.875,69.20342825908601
28.900000000000002,69.24815885931527
28.925,69.29287218215761
28.950000000000003,69.33756823428567
28.975,69.38224702236938
29.0,69.42690855307616
29.025000000000002,69.47155283307076
29.05,69.51617986901537
29.075000000000003,69.56078966756982
29.1,69.60538223539106
29.125,69.64995757913367
29.150000000000002,69.69451570544956
29.175,69.73905662098814
29.200000000000003,69.78358033239628
29.225,69.82808684631812
29.25,69.87257616939543
29.275000000000002,69.91704830826724
29.3,69.96150326957016
29.325000000000003,70.00594105993824
29.35,70.05036168600284
29.375,70.09476515439282
29.400000000000002,70.1391514717346
29.425,70.18352064465188
29.450000000000003,70.22787267976577
29.475,70.27220758369495
29.5,70.3165253630556
29.525000000000002,70.36082602446115
29.55,70.40510957452258
29.575000000000003,70.44937601984832
29.6,70.49362536704425
29.625,70.53785762271372
29.650000000000002,70.58207279345747
29.675,70.62627088587374
29.700000000000003,70.67045190655816
29.725,70.71461586210384
29.75,70.75876275910142
29.775000000000002,70.80289260413893
29.8,70.84700540380184
29.825000000000003,70.89110116467309
29.85,70.9351798933331
29.875,70.97924159635977
29.900000000000002,71.02328628032835
29.925,71.06731395181173
29.950000000000003,71.11132461738008
29.975,71.15531828360113
30.0,71.19929495704008
30.025000000000002,71.2432546442596
30.05,71.28719735181974
30.075000000000003,71.33112308627811
30.1,71.37503185418973
30.125,71.41892366210713
30.150000000000002,71.46279851658024
30.175,71.50665642415652
30.200000000000003,71.55049739138094
30.225,71.59432142479588
30.25,71.63812853094127
30.275000000000002,71.68191871635429
30.3,71.7256919875699
30.325000000000003,71.76944835112035
30.35,71.81318781353549
30.375,71.8569103813425
30.400000000000002,71.9006160610661
30.425,71.94430485922852
30.450000000000003,71.98797678234953
30.475,72.03163183694616
30.5,72.07527002953317
30.525000000000002,72.11889136662275
30.55,72.16249585472441
30.575000000000003,72.20608350034537
30.6,72.2496543099902
30.625,72.29320829016099
30.650000000000002,72.33674544735733
30.675,72.38026578807637
30.700000000000003,72.4237693188125
30.725,72.46725604605794
30.75,72.51072597630211
30.775000000000002,72.55417911603217
30.8,72.59761547173255
30.825000000000003,72.64103504988537
30.85,72.68443785697012
30.875,72.72782389946389
30.900000000000002,72.77119318384113
30.925,72.81454571657397
30.950000000000003,72.85788150413183
30.975,72.90120055298178
31.0,72.9445028695884
31.025000000000002,72.98778846041373
31.05,73.0310573319172
31.075000000000003,73.07430949055603
31.1,73.11754494278469
31.125,73.1607636950552
31.150000000000002,73.2039657538172
31.175,73.24715112551775
31.200000000000003,73.29031981660148
31.225,73.33347183351047
31.25,73.37660718268428
31.275000000000002,73.41972587056013
31.3,73.4628279035726
31.325000000000003,73.50591328815383
31.35,73.54898203073361
31.375,73.5920341377391
31.400000000000002,73.63506961559492
31.425,73.67808847072334
31.450000000000003,73.72109070954419
31.475,73.7640763384747
31.5,73.80704536392959
31.525000000000002,73.84999779232132
31.55,73.89293363005963
31.575000000000003,73.93585288355193
31.6,73.97875555920308
31.625,74.02164166341544
31.650000000000002,74.0645112025891
31.675,74.10736418312149
31.700000000000003,74.15020061140758
31.725,74.19302049383998
31.75,74.23582383680862
31.775000000000002,74.27861064670128
31.8,74.32138092990301
31.825000000000003,74.36413469279644
31.85,74.40687194176178
31.875,74.4495926831768
31.900000000000002,74.49229692341682
31.925,74.53498466885452
31.950000000000003,74.57765592586034
31.975,74.62031070080224
32.0,74.66294900004563
32.025,74.70557082995347
32.050000000000004,74.7481761968863
32.075,74.79076510720215
32.1,74.83333756725666
32.125,74.87589358340294
32.15,74.91843316199169
32.175000000000004,74.96095630937126
32.2,75.00346303188735
32.225,75.04595333588338
32.25,75.08842722770021
32.275,75.1308847136763
32.300000000000004,75.1733258001477
32.325,75.2157504934479
32.35,75.25815879990805
32.375,75.30055072585681
32.4,75.34292627762044
32.425000000000004,75.38528546152271
32.45,75.42762828388486
32.475,75.4699547510258
32.5,75.51226486926211
32.525,75.55455864490773
32.550000000000004,75.59683608427433
32.575,75.63909719367102
32.6,75.68134197940448
32.625,75.72357044777898
32.65,75.76578260509643
32.675000000000004,75.80797845765606
32.7,75.85015801175501
32.725,75.89232127368778
32.75,75.93446824974647
32.775,75.97659894622076
32.800000000000004,76.01871336939799
32.825,76.0608115255628
32.85,76.10289342099773
32.875,76.14495906198268
32.9,76.18700845479535
32.925000000000004,76.22904160571075
32.95,76.2710585210015
32.975,76.31305920693801
33.0,76.3550436697881
33.025,76.39701191581723
33.050000000000004,76.43896395128833
33.075,76.48089978246206
33.1,76.52281941559664
33.125,76.5647228569478
33.15,76.60661011276886
33.175000000000004,76.64848118931083
33.2,76.69033609282216
33.225,76.7321748295491
33.25,76.77399740573514
33.275,76.81580382762168
33.300000000000004,76.85759410144765
33.325,76.89936823344935
33.35,76.94112622986104
33.375,76.98286809691427
33.4,77.02459384083824
33.425000000000004,77.06630346785985
33.45,77.10799698420347
33.475,77.14967439609124
33.5,77.1913357097428
33.525,77.23298093137528
33.550000000000004,77.27461006720357
33.575,77.3162231234401
33.6,77.35782010629484
33.625,77.39940102197554
33.65,77.44096587668732
33.675000000000004,77.48251467663304
33.7,77.52404742801312
33.725,77.56556413702572
33.75,77.60706480986644
33.775,77.64854945272855
33.800000000000004,77.6900180718029
33.825,77.73147067327794
33.85,77.77290726333986
33.875,77.81432784817224
33.9,77.85573243395652
33.925000000000004,77.89712102687153
33.95,77.9384936330939
33.975,77.97985025879771
34.0,78.02119091015481
34.025,78.06251559333454
34.050000000000004,78.1038243145039
34.075,78.1451170798276
34.1,78.18639389546766
34.125,78.2276547675842
34.15,78.26889970233461
34.175000000000004,78.31012870587402
34.2,78.35134178435517
34.225,78.39253894392844
34.25,78.4337201907418
34.275,78.4748855309408
34.300000000000004,78.5160349706687
34.325,78.55716851606645
34.35,78.59828617327248
34.375,78.6393879484229
34.4,78.68047384765144
34.425000000000004,78.72154387708966
34.45,78.76259804286634
34.475,78.80363635110825
34.5,78.84465880793965
34.525,78.88566541948255
34.550000000000004,78.92665619185634
34.575,78.96763113117841
34.6,79.00859024356346
34.625,79.04953353512397
34.65,79.09046101197018
34.675000000000004,79.13137268020968
34.7,79.17226854594792
34.725,79.21314861528786
34.75,79.25401289433037
34.775,79.29486138917363
34.800000000000004,79.3356941059136
34.825,79.37651105064403
34.85,79.41731222945609
34.875,79.45809764843862
34.9,79.49886731367823
34.925000000000004,79.53962123125916
34.95,79.58035940726332
34.975,79.62108184777018
35.0,79.66178855885681
35.025,79.70247954659807
35.050000000000004,79.74315481706647
35.075,79.7838143763322
35.1,79.824458230463
35.125,79.86508638552422
35.15,79.90569884757902
35.175000000000004,79.94629562268813
35.2,79.98687671691
35.225,80.02744213630066
35.25,80.06799188691397
35.275,80.10852597480127
35.300000000000004,80.14904440601158
35.325,80.18954718659167
35.35,80.23003432258587
35.375,80.27050582003628
35.4,80.3109616849826
35.425000000000004,80.35140192346232
35.45,80.39182654151035
35.475,80.4322355451595
35.5,80.47262894044019
35.525,80.51300673338054
35.550000000000004,80.55336893000619
35.575,80.59371553634071
35.6,80.63404655840515
35.625,80.6743620022182
35.65,80.71466187379635
35.675000000000004,80.75494617915378
35.7,80.79521492430214
35.725,80.8354681152509
35.75,80.87570575800729
35.775,80.91592785857614
35.800000000000004,80.95613442296003
35.825,80.99632545715913
35.85,81.03650096717135
35.875,81.0766609589922
35.9,81.11680543861503
35.925000000000004,81.15693441203068
35.95,81.19704788522785
35.975,81.2371458641928
36.0,81.2772283549096
36.025,81.31729536335989
36.050000000000004,81.35734689552298
36.075,81.39738295737598
36.1,81.43740355489376
36.125,81.47740869404869
36.15,81.51739838081097
36.175000000000004,81.55737262114847
36.2,81.59733142102658
36.225,81.63727478640867
36.25,81.67720272325563
36.275,81.7171152375262
36.300000000000004,81.75701233517663
36.325,81.79689402216087
36.35,81.83676030443074
36.375,81.87661118793572
36.4,81.91644667862293
36.425000000000004,81.95626678243715
36.45,81.99607150532094
36.475,82.03586085321459
36.5,82.07563483205615
36.525,82.11539344778107
36.550000000000004,82.15513670632288
36.575,82.19486461361268
36.6,82.23457717557912
36.625,82.27427439814875
36.65,82.31395628724596
36.675000000000004,82.35362284879241
36.7,82.39327408870794
36.725,82.43291001290979
36.75,82.47253062731303
36.775,82.51213593783058
36.800000000000004,82.55172595037287
36.825,82.59130067084807
36.85,82.63086010516213
36.875,82.67040425921878
36.9,82.70993313891942
36.925000000000004,82.74944675016303
36.95,82.78894509884653
36.975,82.82842819086434
37.0,82.86789603210893
37.025,82.90734862847013
37.050000000000004,82.94678598583573
37.075,82.98620811009116
37.1,83.02561500711957
37.125,83.06500668280184
37.15,83.10438314301665
37.175000000000004,83.14374439364035
37.2,83.18309044054705
37.225,83.2224212896086
37.25,83.2617369466945
37.275,83.30103741767212
37.300000000000004,83.34032270840635
37.325,83.37959282476004
37.35,83.41884777259372
37.375,83.45808755776557
37.4,83.49731218613154
37.425000000000004,83.53652166354537
37.45,83.57571599585853
37.475,83.6148951889202
37.5,83.65405924857734
37.525,83.69320818067452
37.550000000000004,83.73234199105427
37.575,83.77146068555662
37.6,83.81056427001964
37.625,83.8496527502789
37.65,83.88872613216778
37.675000000000004,83.92778442151742
37.7,83.96682762415685
37.725,84.00585574591256
37.75,84.04486879260898
37.775,84.08386677006828
37.800000000000004,84.12284968411029
37.825,84.16181754055272
37.85,84.20077034521096
37.875,84.23970810389825
37.9,84.27863082242544
37.925000000000004,84.31753850660117
37.95,84.35643116223187
37.975,84.39530879512174
38.0,84.4341714110727
38.025,84.47301901588447
38.050000000000004,84.5118516153545
38.075,84.55066921527802
38.1,84.58947182144806
38.125,84.62825943965528
38.15,84.66703207568831
38.175000000000004,84.7057897353334
38.2,84.74453242437455
38.225,84.78326014859353
38.25,84.82197291377
38.275,84.86067072568133
38.300000000000004,84.89935359010258
38.325,84.93802151280654
38.35,84.97667449956396
38.375,85.01531255614327
38.400000000000006,85.05393568831076
38.425000000000004,85.0925439018303
38.45,85.13113720246376
38.475,85.16971559597039
38.5,85.20827908810766
38.525000000000006,85.24682768463073
38.550000000000004,85.28536139129241
38.575,85.3238802138432
38.6,85.36238415803162
38.625,85.40087322960386
38.650000000000006,85.43934743430395
38.675000000000004,85.47780677787354
38.7,85.51625126605222
38.725,85.55468090457725
38.75,85.59309569918379
38.775000000000006,85.6314956556048
38.800000000000004,85.66988077957086
38.825,85.7082510768105
38.85,85.7466065530499
38.875,85.78494721401316
38.900000000000006,85.82327306542216
38.925000000000004,85.86158411299643
38.95,85.89988036245344
38.975,85.93816181950837
39.0,85.97642848987424
39.025000000000006,86.0146803792618
39.050000000000004,86.05291749337965
39.075,86.0911398379342
39.1,86.12934741862958
39.125,86.1675402411679
39.150000000000006,86.2057183112488
39.175000000000004,86.24388163456989
39.2,86.2820302168266
39.225,86.32016406371211
39.25,86.35828318091724
39.275000000000006,86.39638757413098
39.300000000000004,86.4344772490398
39.325,86.47255221132814
39.35,86.51061246667808
39.375,86.5486580207698
39.400000000000006,86.58668887928098
39.425000000000004,86.6247050478873
39.45,86.66270653226209
39.475,86.70069333807665
39.5,86.73866547099993
39.525000000000006,86.77662293669903
39.550000000000004,86.81456574083839
39.575,86.85249388908059
39.6,86.89040738708583
39.625,86.9283062405123
39.650000000000006,86.9661904550158
39.675000000000004,87.00406003625021
39.7,87.041914989867
39.725,87.07975532151555
39.75,87.1175810368431
39.775000000000006,87.1553921414946
39.800000000000004,87.19318864111297
39.825,87.23097054133864
39.85,87.2687378478102
39.875,87.30649056616402
39.900000000000006,87.34422870203416
39.925000000000004,87.38195226105262
39.95,87.41966124884915
39.975,87.45735567105129
40.0,87.49503553328447
40.025000000000006,87.53270084117199
40.050000000000004,87.57035160033489
40.075,87.60798781639205
40.1,87.64560949496027
40.125,87.6832166416541
40.150000000000006,87.72080926208585
40.175000000000004,87.75838736186589
40.2,87.79595094660212
40.225,87.83350002190062
40.25,87.87103459336517
40.275000000000006,87.90855466659713
40.300000000000004,87.946060247196
40.325,87.98355134075906
40.35,88.02102795288143
40.375,88.05849008915591
40.400000000000006,88.09593775517325
40.425000000000004,88.13337095652223
40.45,88.1707896987892
40.475,88.20819398755852
40.5,88.24558382841222
40.525000000000006,88.2829592269303
40.550000000000004,88.3203201886906
40.575,88.35766671926885
40.6,88.39499882423856
40.625,88.43231650917099
40.650000000000006,88.46961977963545
40.675000000000004,88.50690864119903
40.7,88.5441830994266
40.725,88.58144315988095
40.75,88.61868882812261
40.775000000000006,88.65592010971018
40.800000000000004,88.69313701019985
40.825,88.7303395351459
40.85,88.76752769010032
40.875,88.804701480613
40.900000000000006,88.84186091223174
40.925000000000004,88.87900599050208
40.95,88.91613672096754
40.975,88.95325310916944
41.0,88.99035516064697
41.025000000000006,89.02744288093704
41.050000000000004,89.06451627557468
41.075,89.10157535009267
41.1,89.13862011002162
41.125,89.17565056089006
41.150000000000006,89.21266670822429
41.175000000000004,89.24966855754857
41.2,89.28665611438502
41.225,89.32362938425359
41.25,89.36058837267203
41.275000000000006,89.3975330851561
41.300000000000004,89.43446352721939
41.325,89.47137970437342
41.35,89.50828162212737
41.375,89.54516928598855
41.400000000000006,89.58204270146187
41.425000000000004,89.61890187405031
41.45,89.65574680925475
41.475,89.69257751257379
41.5,89.72939398950412
41.525000000000006,89.76619624554009
41.550000000000004,89.80298428617398
41.575,89.83975811689604
41.6,89.87651774319437
41.625,89.91326317055488
41.650000000000006,89.94999440446148
41.675000000000004,89.98671145039577
41.7,90.02341431383745
41.725,90.06010300026398
41.75,90.09677751515082
41.775000000000006,90.13343786397118
41.800000000000004,90.1700840521962
41.825,90.20671608529487
41.85,90.24333396873413
41.875,90.27993770797875
41.900000000000006,90.31652730849143
41.925000000000004,90.35310277573284
41.95,90.38966411516145
41.975,90.42621133223366
42.0,90.46274443240371
42.025000000000006,90.49926342112367
42.050000000000004,90.53576830384372
42.075,90.57225908601183
42.1,90.60873577307383
42.125,90.64519837047334
42.150000000000006,90.68164688365218
42.175000000000004,90.71808131804971
42.2,90.75450167910356
42.225,90.7909079722489
42.25,90.82730020291913
42.275000000000006,90.86367837654527
42.300000000000004,90.90004249855646
42.325,90.93639257437961
42.35,90.97272860943953
42.375,91.00905060915912
42.400000000000006,91.04535857895893
42.425000000000004,91.08165252425754
42.45,91.1179324504715
42.475,91.15419836301524
42.5,91.19045026730089
42.525000000000006,91.22668816873876
42.550000000000004,91.26291207273695
42.575,91.29912198470149
42.6,91.33531791003637
42.625,91.37149985414342
42.650000000000006,91.40766782242244
42.675000000000004,91.4438218202711
42.7,91.47996185308494
42.725,91.51608792625758
42.75,91.55220004518046
42.775000000000006,91.58829821524293
42.800000000000004,91.62438244183213
42.825,91.66045273033333
42.85,91.69650908612975
42.875,91.73255151460228
42.900000000000006,91.76858002112992
42.925000000000004,91.8045946110897
42.95,91.84059528985621
42.975,91.87658206280231
43.0,91.91255493529859
43.025000000000006,91.94851391271368
43.050000000000004,91.98445900041402
43.075,92.02039020376405
43.1,92.05630752812627
43.125,92.09221097886079
43.150000000000006,92.12810056132591
43.175000000000004,92.16397628087786
43.2,92.19983814287066
43.225,92.23568615265634
43.25,92.2715203155848
43.275000000000006,92.30734063700399
43.300000000000004,92.34314712225965
43.325,92.3789397766956
43.35,92.41471860565358
43.375,92.45048361447316
43.400000000000006,92.48623480849193
43.425000000000004,92.5219721930454
43.45,92.55769577346702
43.475,92.5934055550882
43.5,92.6291015432382
43.525000000000006,92.66478374324436
43.550000000000004,92.70045216043188
43.575,92.73610680012384
43.6,92.77174766764143
43.625,92.80737476830375
43.650000000000006,92.84298810742766
43.675000000000004,92.87858769032812
43.7,92.91417352231812
43.725,92.94974560870843
43.75,92.98530395480789
43.775000000000006,93.0208485659232
43.800000000000004,93.05637944735896
43.825,93.09189660441797
43.85,93.12740004240074
43.875,93.16288976660577
43.900000000000006,93.19836578232967
43.925000000000004,93.23382809486671
43.95,93.26927670950955
43.975,93.30471163154834
44.0,93.3401328662715
44.025000000000006,93.37554041896534
44.050000000000004,93.41093429491406
44.075,93.4463144993999
44.1,93.48168103770286
44.125,93.51703391510122
44.150000000000006,93.55237313687103
44.175000000000004,93.5876987082864
44.2,93.62301063461923
44.225,93.65830892113954
44.25,93.69359357311517
44.275000000000006,93.72886459581215
44.300000000000004,93.76412199449436
44.325,93.79936577442359
44.35,93.83459594085956
44.375,93.86981249906017
44.400000000000006,93.90501545428116
44.425000000000004,93.9402048117762
44.45,93.97538057679694
44.475,94.01054275459308
44.5,94.04569135041224
44.525000000000006,94.08082636950004
44.550000000000004,94.11594781710005
44.575,94.15105569845379
44.6,94.18615001880083
44.625,94.22123078337877
44.650000000000006,94.256297997423
44.675000000000004,94.291351666167
44.7,94.32639179484212
44.725,94.3614183886779
44.75,94.39643145290177
44.775000000000006,94.43143099273895
44.800000000000004,94.46641701341296
44.825,94.50138952014507
44.85,94.53634851815464
44.875,94.57129401265901
44.900000000000006,94.60622600887338
44.925000000000004,94.64114451201121
44.95,94.67604952728371
44.975,94.71094105990004
45.0,94.74581911506752
45.025000000000006,94.78068369799134
45.050000000000004,94.81553481387483
45.075,94.8503724679192
45.1,94.88519666532363
45.125,94.92000741128533
45.150000000000006,94.95480471099957
45.175000000000004,94.98958856965947
45.2,95.02435899245627
45.225,95.05911598457917
45.25,95.09385955121523
45.275000000000006,95.12858969754971
45.300000000000004,95.16330642876571
45.325,95.19800975004445
45.35,95.23269966656508
45.375,95.2673761835049
45.400000000000006,95.30203930603895
45.425000000000004,95.33668903934038
45.45,95.37132538858053
45.475,95.40594835892847
45.5,95.44055795555141
45.525000000000006,95.47515418361446
45.550000000000004,95.50973704828085
45.575,95.5443065547119
45.6,95.57886270806665
45.625,95.61340551350243
45.650000000000006,95.64793497617445
45.675000000000004,95.68245110123594
45.7,95.71695389383807
45.725,95.75144335913016
45.75,95.78591950225955
45.775000000000006,95.82038232837131
45.800000000000004,95.85483184260895
45.825,95.88926805011367
45.85,95.92369095602476
45.875,95.9581005654796
45.900000000000006,95.99249688361358
45.925000000000004,96.02687991556004
45.95,96.0612496664504
45.975,96.09560614141397
46.0,96.12994934557827
46.025000000000006,96.16427928406864
46.050000000000004,96.19859596200861
46.075,96.23289938451973
46.1,96.26718955672148
46.125,96.30146648373136
46.150000000000006,96.33573017066486
46.175000000000004,96.36998062263564
46.2,96.40421784475528
46.225,96.43844184213344
46.25,96.47265261987782
46.275000000000006,96.506850183094
46.300000000000004,96.54103453688579
46.325,96.57520568635489
46.35,96.60936363660103
46.375,96.64350839272215
46.400000000000006,96.677639959814
46.425000000000004,96.71175834297043
46.45,96.74586354728336
46.475,96.77995557784274
46.5,96.81403443973657
46.525000000000006,96.8481001380508
46.550000000000004,96.88215267786941
46.575,96.91619206427453
46.6,96.9502183023464
46.625,96.9842313971631
46.650000000000006,97.01823135380076
46.675000000000004,97.05221817733371
46.7,97.0861918728342
46.725,97.12015244537243
46.75,97.15409990001689
46.775000000000006,97.18803424183389
46.800000000000004,97.22195547588795
46.825,97.25586360724152
46.85,97.28975864095524
46.875,97.32364058208758
46.900000000000006,97.35750943569526
46.925000000000004,97.39136520683275
46.95,97.4252079005529
46.975,97.45903752190647
47.0,97.49285407594242
47.025000000000006,97.52665756770733
47.050000000000004,97.56044800224635
47.075,97.59422538460235
47.1,97.62798971981647
47.125,97.6617410129276
47.150000000000006,97.69547926897313
47.175000000000004,97.72920449298812
47.2,97.7629166900057
47.225,97.79661586505732
47.25,97.83030202317225
47.275000000000006,97.86397516937795
47.300000000000004,97.89763530869992
47.325,97.93128244616169
47.35,97.96491658678484
47.375,97.99853773558904
47.400000000000006,98.03214589759199
47.425000000000004,98.06574107780945
47.45,98.09932328125521
47.475,98.13289251294134
47.5,98.16644877787769
47.525000000000006,98.19999208107234
47.550000000000004,98.23352242753143
47.575,98.26703982225901
47.6,98.30054427025738
47.625,98.33403577652686
47.650000000000006,98.36751434606578
47.675000000000004,98.40097998387064
47.7,98.43443269493596
47.725,98.46787248425437
47.75,98.50129935681647
47.775000000000006,98.53471331761097
47.800000000000004,98.56811437162469
47.825,98.60150252384246
47.85,98.63487777924736
47.875,98.66824014282032
47.900000000000006,98.70158961954036
47.925000000000004,98.73492621438496
47.95,98.76824993232914
47.975,98.80156077834636
48.0,98.83485875740791
48.025000000000006,98.86814387448337
48.050000000000004,98.90141613454033
48.075,98.93467554254448
48.1,98.96792210345946
48.125,99.00115582224724
48.150000000000006,99.03437670386768
48.175000000000004,99.06758475327872
48.2,99.10077997543642
48.225,99.13396237529511
48.25,99.1671319578069
48.275000000000006,99.20028872792216
48.300000000000004,99.23343269058931
48.325,99.26656385075508
48.35,99.29968221336394
48.375,99.33278778335847
48.400000000000006,99.36588056567952
48.425000000000004,99.39896056526604
48.45,99.43202778705509
48.475,99.46508223598155
48.5,99.49812391697874
48.525000000000006,99.53115283497782
48.550000000000004,99.56416899490826
48.575,99.59717240169736
48.6,99.63016306027077
48.625,99.66314097555211
48.650000000000006,99.69610615246326
48.675000000000004,99.72905859592397
48.7,99.76199831085209
48.725,99.79492530216375
48.75,99.8278395747731
48.775000000000006,99.86074113359246
48.800000000000004,99.89362998353207
48.825,99.9265061295005
48.85,99.95936957640419
48.875,99.99222032914794
48.900000000000006,100.02505839263445
48.925000000000004,100.05788377176465
48.95,100.09069647143743
48.975,100.12349649655012
49.0,100.15628385199773
49.025000000000006,100.1890585426735
49.050000000000004,100.22182057346899
49.075,100.25456994927377
49.1,100.2873066749755
49.125,100.32003075545987
49.150000000000006,100.35274219561073
49.175000000000004,100.38544100031018
49.2,100.41812717443817
49.225,100.45080072287308
49.25,100.48346165049124
49.275000000000006,100.516109962167
49.300000000000004,100.54874566277296
49.325,100.58136875717986
49.35,100.61397925025645
49.375,100.64657714686983
49.400000000000006,100.67916245188476
49.425000000000004,100.71173517016466
49.45,100.74429530657066
49.475,100.77684286596228
49.5,100.80937785319699
49.525000000000006,100.84190027313048
49.550000000000004,100.87441013061652
49.575,100.90690743050715
49.6,100.93939217765238
49.625,100.97186437690019
49.650000000000006,101.004324033097
49.675000000000004,101.03677115108731
49.7,101.06920573571362
49.725,101.10162779181653
49.75,101.13403732423502
49.775000000000006,101.16643433780587
49.800000000000004,101.19881883736421
49.825,101.23119082774335
49.85,101.26355031377459
49.875,101.29589730028734
49.900000000000006,101.32823179210926
49.925000000000004,101.36055379406615
49.95,101.39286331098175
49.975,101.42516034767823
50.0,101.45744490897572
50.025000000000006,101.48971699969243
50.050000000000004,101.52197662464498
50.075,101.5542237886478
50.1,101.58645849651366
50.125,101.61868075305338
50.150000000000006,101.65089056307598
50.175000000000004,101.68308793138864
50.2,101.71527286279668
50.225,101.74744536210352
50.25,101.77960543411082
50.275000000000006,101.8117530836181
50.300000000000004,101.8438883154234
50.325,101.87601113432268
50.35,101.90812154511018
50.375,101.94021955257817
50.400000000000006,101.97230516151708
50.425000000000004,102.00437837671558
50.45,102.03643920296034
50.475,102.06848764503643
50.5,102.10052370772685
50.525000000000006,102.13254739581272
50.550000000000004,102.16455871407365
50.575,102.19655766728697
50.6,102.22854426022846
50.625,102.26051849767197
50.650000000000006,102.29248038438945
50.675000000000004,102.32442992515108
50.7,102.3563671247252
50.725,102.38829198787828
50.75,102.42020451937496
50.775000000000006,102.45210472397805
50.800000000000004,102.48399260644841
50.825,102.51586817154535
50.85,102.54773142402594
50.875,102.57958236864577
50.900000000000006,102.61142101015838
50.925000000000004,102.64324735331554
50.95,102.67506140286717
50.975,102.70686316356141
51.0,102.73865264014454
51.025000000000006,102.77042983736098
51.050000000000004,102.8021947599533
51.075,102.8339474126623
51.1,102.8656878002269
51.125,102.89741592738416
51.150000000000006,102.92913179886948
51.175000000000004,102.96083541941626
51.2,102.99252679375613
51.225,103.02420592661892
51.25,103.05587282273252
51.275000000000006,103.0875274868231
51.300000000000004,103.11916992361502
51.325,103.15080013783079
51.35,103.18241813419105
51.375,103.21402391741464
51.400000000000006,103.24561749221866
51.425000000000004,103.27719886331826
51.45,103.30876803542678
51.475,103.34032501325592
51.5,103.37186980151536
51.525000000000006,103.40340240491287
51.550000000000004,103.43492282815475
51.575,103.46643107594517
51.6,103.49792715298676
51.625,103.52941106398005
51.650000000000006,103.56088281362389
51.675000000000004,103.59234240661529
51.7,103.62378984764959
51.725,103.65522514142013
51.75,103.68664829261849
51.775000000000006,103.71805930593457
51.800000000000004,103.74945818605619
51.825,103.78084493766957
51.85,103.812219565459
51.875,103.84358207410706
51.900000000000006,103.8749324682944
51.925000000000004,103.90627075269998
51.95,103.93759693200099
51.975,103.96891101087274
52.0,104.00021299398878
52.025000000000006,104.0315028860207
52.050000000000004,104.06278069163844
52.075,104.09404641551006
52.1,104.12530006230185
52.125,104.15654163667837
52.150000000000006,104.1877711433023
52.175000000000004,104.21898858683454
52.2,104.25019397193401
52.225,104.28138730325819
52.25,104.3125685854625
52.275000000000006,104.3437378232006
52.300000000000004,104.37489502112446
52.325,104.40604018388416
52.35,104.43717331612793
52.375,104.46829442250232
52.400000000000006,104.49940350765203
52.425000000000004,104.53050057622009
52.45,104.56158563284741
52.475,104.59265868217352
52.5,104.62371972883594
52.525000000000006,104.65476877747035
52.550000000000004,104.68580583271077
52.575,104.71683089918925
52.6,104.74784398153628
52.625,104.77884508438048
52.650000000000006,104.80983421234868
52.675000000000004,104.8408113700659
52.7,104.87177656215528
52.725,104.90272979323832
52.75,104.9336710679347
52.775000000000006,104.96460039086222
52.800000000000004,104.99551776663708
52.825,105.02642319987352
52.85,105.05731669518418
52.875,105.08819825717978
52.900000000000006,105.11906789046934
52.925000000000004,105.14992559965991
52.95,105.18077138935689
52.975,105.21160526416416
53.0,105.24242722868333
53.025000000000006,105.27323728751465
53.050000000000004,105.30403544525632
53.075,105.33482170650493
53.1,105.36559607585515
53.125,105.39635855790004
53.150000000000006,105.42710915723075
53.175000000000004,105.45784787843685
53.2,105.4885747261059
53.225,105.51928970482373
53.25,105.54999281917453
53.275000000000006,105.58068407374068
53.300000000000004,105.61136347310261
53.325,105.64203102183933
53.35,105.67268672452767
53.375,105.70333058574307
53.400000000000006,105.73396261005905
53.425000000000004,105.76458280204727
53.45,105.79519116627769
53.475,105.82578770731865
53.5,105.85637242973651
53.525000000000006,105.8869453380959
53.550000000000004,105.91750643695981
53.575,105.94805573088942
53.6,105.978593224444
53.625,106.00911892218133
53.650000000000006,106.03963282865723
53.675000000000004,106.07013494842585
53.7,106.10062528603957
53.725,106.13110384604887
53.75,106.16157063300277
53.775000000000006,106.19202565144822
53.800000000000004,106.22246890593068
53.825,106.2529004009937
53.85,106.28332014117903
53.875,106.31372813102665
53.900000000000006,106.34412437507503
53.925000000000004,106.37450887786073
53.95,106.40488164391844
53.975,106.4352426777813
54.0,106.46559198398069
54.025000000000006,106.49592956704608
54.050000000000004,106.52625543150535
54.075,106.5565695818844
54.1,106.58687202270771
54.125,106.61716275849784
54.150000000000006,106.6474417937755
54.175000000000004,106.6777091330598
54.2,106.70796478086812
54.225,106.7382087417161
54.25,106.76844102011742
54.275000000000006,106.79866162058434
54.300000000000004,106.82887054762715
54.325,106.8590678057544
54.35,106.88925339947313
54.375,106.91942733328838
54.400000000000006,106.9495896117035
54.425000000000004,106.97974023922019
54.45,107.00987922033835
54.475,107.04000655955608
54.5,107.07012226136999
54.525000000000006,107.10022633027465
54.550000000000004,107.13031877076314
54.575,107.16039958732667
54.6,107.19046878445464
54.625,107.22052636663494
54.650000000000006,107.25057233835344
54.675000000000004,107.28060670409458
54.7,107.31062946834086
54.725,107.34064063557324
54.75,107.37064021027074
54.775000000000006,107.40062819691077
54.800000000000004,107.43060459996889
54.825,107.46056942391917
54.85,107.49052267323363
54.875,107.5204643523829
54.900000000000006,107.5503944658356
54.925000000000004,107.58031301805873
54.95,107.6102200135178
54.975,107.6401154566761
55.0,107.66999935199563
55.025000000000006,107.69987170393651
55.050000000000004,107.72973251695701
55.075,107.759581795514
55.1,107.7894195440623
55.125,107.81924576705514
55.150000000000006,107.84906046894407
55.175000000000004,107.87886365417894
55.2,107.9086553272078
55.225,107.93843549247693
55.25,107.96820415443096
55.275000000000006,107.99796131751297
55.300000000000004,108.02770698616403
55.325,108.05744116482371
55.35,108.0871638579298
55.375,108.11687506991827
55.400000000000006,108.14657480522354
55.425000000000004,108.17626306827822
55.45,108.20593986351324
55.475,108.2356051953578
55.5,108.26525906823944
55.525000000000006,108.29490148658402
55.550000000000004,108.32453245481568
55.575,108.35415197735662
55.6,108.3837600586277
55.625,108.41335670304774
55.650000000000006,108.44294191503403
55.675000000000004,108.47251569900217
55.7,108.50207805936597
55.725,108.53162900053754
55.75,108.56116852692739
55.775000000000006,108.59069664294421
55.800000000000004,108.62021335299508
55.825,108.64971866148524
55.85,108.67921257281843
55.875,108.70869509139659
55.900000000000006,108.73816622161988
55.925000000000004,108.76762596788687
55.95,108.79707433459437
55.975,108.8265113261375
56.0,108.8559369469098
56.025000000000006,108.88535120130288
56.050000000000004,108.914754093707
56.075,108.94414562851027
56.1,108.9735258100995
56.125,109.0028946428596
56.150000000000006,109.03225213117379
56.175000000000004,109.0615982794237
56.2,109.0909330919893
56.225,109.12025657324857
56.25,109.1495687275782
56.275000000000006,109.1788695593529
56.300000000000004,109.20815907294582
56.325,109.23743727272839
56.35,109.2667041630704
56.375,109.2959597483398
56.400000000000006,109.3252040329031
56.425000000000004,109.35443702112484
56.45,109.38365871736809
56.475,109.41286912599435
56.5,109.44206825136297
56.525000000000006,109.47125609783208
56.550000000000004,109.50043266975787
56.575,109.52959797149492
56.6,109.55875200739612
56.625,109.58789478181268
56.650000000000006,109.61702629909418
56.675000000000004,109.64614656358849
56.7,109.67525557964187
56.725,109.70435335159868
56.75,109.73343988380184
56.775000000000006,109.7625151805925
56.800000000000004,109.79157924631008
56.825,109.82063208529232
56.85,109.8496737018754
56.875,109.87870410039388
56.900000000000006,109.9077232851804
56.925000000000004,109.93673126056605
56.95,109.96572803088033
56.975,109.99471360045094
57.0,110.02368797360403
57.025000000000006,110.05265115466396
57.050000000000004,110.08160314795357
57.075,110.11054395779381
57.1,110.13947358850416
57.125,110.16839204440237
57.150000000000006,110.19729932980432
57.175000000000004,110.22619544902462
57.2,110.2550804063759
57.225,110.2839542061693
57.25,110.31281685271418
57.275000000000006,110.34166835031832
57.300000000000004,110.37050870328785
57.325,110.39933791592722
57.35,110.42815599253908
57.375,110.45696293742445
57.400000000000006,110.48575875488294
57.425000000000004,110.51454344921223
57.45,110.54331702470844
57.475,110.57207948566601
57.5,110.60083083637785
57.525000000000006,110.62957108113491
57.550000000000004,110.65830022422685
57.575,110.68701826994135
57.6,110.7157252225646
57.625,110.7444210863812
57.650000000000006,110.77310586567384
57.675000000000004,110.80177956472386
57.7,110.8304421878108
57.725,110.85909373921257
57.75,110.88773422320547
57.775000000000006,110.9163636440639
57.800000000000004,110.9449820060611
57.825,110.97358931346815
57.85,111.00218557055477
57.875,111.03077078158894
57.900000000000006,111.05934495083694
57.925000000000004,111.08790808256362
57.95,111.11646018103188
57.975,111.14500125050317
58.0,111.17353129523735
58.025000000000006,111.20205031949246
58.050000000000004,111.2305583275249
58.075,111.25905532358969
58.1,111.28754131193982
58.125,111.31601629682693
58.150000000000006,111.34448028250095
58.175000000000004,111.37293327321012
58.2,111.40137527320101
58.225,111.42980628671874
58.25,111.45822631800655
58.275000000000006,111.48663537130614
58.300000000000004,111.51503345085756
58.325,111.54342056089922
58.35,111.57179670566798
58.375,111.60016188939892
58.400000000000006,111.62851611632556
58.425000000000004,111.65685939067983
58.45,111.68519171669203
58.475,111.7135130985906
58.5,111.74182354060277
58.525000000000006,111.77012304695377
58.550000000000004,111.79841162186723
58.575,111.82668926956539
58.6,111.85495599426855
58.625,111.88321180019574
58.650000000000006,111.91145669156404
58.675000000000004,111.93969067258895
58.7,111.96791374748453
58.725,111.99612592046311
58.75,112.02432719573521
58.775000000000006,112.05251757751012
58.800000000000004,112.08069706999517
58.825,112.10886567739614
58.85,112.13702340391727
58.875,112.16517025376108
58.900000000000006,112.1933062311286
58.925000000000004,112.22143134021901
58.95,112.24954558523007
58.975,112.27764897035792
59.0,112.30574149979697
59.025000000000006,112.33382317774003
59.050000000000004,112.36189400837844
59.075,112.38995399590169
59.1,112.41800314449782
59.125,112.44604145835298
59.150000000000006,112.47406894165222
59.175000000000004,112.50208559857845
59.2,112.53009143331337
59.225,112.55808645003682
59.25,112.58607065292699
59.275000000000006,112.61404404616066
59.300000000000004,112.64200663391287
59.325,112.6699584203571
59.35,112.69789940966506
59.375,112.7258296060071
59.400000000000006,112.75374901355173
59.425000000000004,112.78165763646605
59.45,112.8095554789154
59.475,112.8374425450636
59.5,112.8653188390728
59.525000000000006,112.89318436510368
59.550000000000004,112.92103912731503
59.575,112.9488831298644
59.6,112.97671637690749
59.625,113.00453887259842
59.650000000000006,113.03235062108972
59.675000000000004,113.06015162653232
59.7,113.08794189307548
59.725,113.11572142486716
59.75,113.14349022605339
59.775000000000006,113.1712483007786
59.800000000000004,113.1989956531858
59.825,113.2267322874164
59.85,113.25445820760997
59.875,113.28217341790477
59.900000000000006,113.30987792243734
59.925000000000004,113.33757172534264
59.95,113.36525483075394
59.975,113.392927242803
60.0,113.42058896561994
60.025000000000006,113.44824000333342
60.050000000000004,113.47588036007043
60.075,113.50351003995624
60.1,113.53112904711462
60.125,113.55873738566777
60.150000000000006,113.58633505973631
60.175000000000004,113.61392207343926
60.2,113.641498430894
60.225,113.66906413621635
60.25,113.69661919352046
60.275000000000006,113.72416360691916
60.300000000000004,113.75169738052342
60.325,113.77922051844261
60.35,113.8067330247847
60.375,113.83423490365594
60.400000000000006,113.86172615916112
60.425000000000004,113.88920679540318
60.45,113.91667681648391
60.475,113.94413622650309
60.5,113.97158502955912
60.525000000000006,113.99902322974884
60.550000000000004,114.02645083116744
60.575,114.05386783790838
60.6,114.08127425406386
60.625,114.10867008372436
60.650000000000006,114.13605533097872
60.675000000000004,114.16342999991438
60.7,114.19079409461695
60.725,114.21814761917054
60.75,114.24549057765772
60.775000000000006,114.2728229741596
60.800000000000004,114.30014481275543
60.825,114.32745609752314
60.85,114.35475683253898
60.875,114.3820470218777
60.900000000000006,114.40932666961245
60.925000000000004,114.43659577981467
60.95,114.46385435655434
60.975,114.49110240389992
61.0,114.51833992591824
61.025000000000006,114.54556692667467
61.050000000000004,114.5727834102327
61.075,114.59998938065456
61.1,114.62718484200079
61.125,114.65436979833039
61.150000000000006,114.68154425370068
61.175000000000004,114.70870821216768
61.2,114.73586167778564
61.225,114.76300465460714
61.25,114.79013714668343
61.275000000000006,114.81725915806416
61.300000000000004,114.84437069279734
61.325,114.87147175492932
61.35,114.8985623485052
61.375,114.92564247756808
61.400000000000006,114.9527121461598
61.425000000000004,114.9797713583207
61.45,115.00682011808934
61.475,115.03385842950284
61.5,115.06088629659679
61.525000000000006,115.08790372340515
61.550000000000004,115.11491071396031
61.575,115.14190727229307
61.6,115.1688934024328
61.625,115.19586910840738
61.650000000000006,115.22283439424287
61.675000000000004,115.24978926396395
61.7,115.27673372159366
61.725,115.30366777115354
61.75,115.33059141666357
61.775000000000006,115.35750466214216
61.800000000000004,115.38440751160627
61.825,115.41129996907125
61.85,115.43818203855074
61.875,115.46505372405723
61.900000000000006,115.49191502960103
61.925000000000004,115.51876595919151
61.95,115.54560651683626
61.975,115.57243670654118
62.0,115.59925653231085
62.025000000000006,115.62606599814818
62.050000000000004,115.65286510805446
62.075,115.67965386602974
62.1,115.70643227607218
62.125,115.73320034217863
62.150000000000006,115.75995806834428
62.175000000000004,115.78670545856271
62.2,115.81344251682606
62.225,115.84016924712493
62.25,115.86688565344853
62.275000000000006,115.89359173978423
62.300000000000004,115.92028751011799
62.325,115.94697296843428
62.35,115.97364811871596
62.375,116.00031296494447
62.400000000000006,116.02696751109949
62.425000000000004,116.0536117611593
62.45,116.08024571910073
62.475,116.10686938889897
62.5,116.1334827745277
62.525000000000006,116.16008587995906
62.550000000000004,116.18667870916357
62.575,116.21326126611042
62.6,116.23983355476692
62.625,116.26639557909937
62.650000000000006,116.2929473430721
62.675000000000004,116.31948885064801
62.7,116.3460201057885
62.725,116.37254111245353
62.75,116.39905187460145
62.775000000000006,116.42555239618906
62.800000000000004,116.45204268117166
62.825,116.478522733503
62.85,116.50499255713517
62.875,116.53145215601909
62.900000000000006,116.55790153410393
62.925000000000004,116.58434069533745
62.95,116.61076964366559
62.975,116.63718838303299
63.0,116.66359691738283
63.025000000000006,116.68999525065661
63.050000000000004,116.71638338679448
63.075,116.74276132973485
63.1,116.76912908341477
63.125,116.79548665176968
63.150000000000006,116.82183403873358
63.175000000000004,116.84817124823901
63.2,116.87449828421671
63.225,116.90081515059617
63.25,116.92712185130537
63.275000000000006,116.95341839027061
63.300000000000004,116.97970477141662
63.325,117.00598099866701
63.35,117.0322470759434
63.375,117.05850300716611
63.400000000000006,117.08474879625396
63.425000000000004,117.11098444712438
63.45,117.13720996369305
63.475,117.16342534987426
63.5,117.18963060958076
63.525000000000006,117.21582574672372
63.550000000000004,117.2420107652128
63.575,117.26818566895646
63.6,117.29435046186126
63.625,117.32050514783229
63.650000000000006,117.34664973077341
63.675000000000004,117.37278421458667
63.7,117.39890860317288
63.725,117.42502290043113
63.75,117.4511271102592
63.775000000000006,117.47722123655313
63.800000000000004,117.50330528320764
63.825,117.52937925411584
63.85,117.55544315316932
63.875,117.58149698425841
63.900000000000006,117.60754075127161
63.925000000000004,117.63357445809615
63.95,117.65959810861754
63.975,117.68561170672005
64.0,117.71161525628631
64.025,117.73760876119722
64.05,117.76359222533269
64.075,117.78956565257074
64.10000000000001,117.81552904678807
64.125,117.84148241185987
64.15,117.86742575165977
64.175,117.89335907005987
64.2,117.91928237093086
64.22500000000001,117.94519565814197
64.25,117.97109893556073
64.275,117.99699220705351
64.3,118.02287547648487
64.325,118.04874874771808
64.35000000000001,118.07461202461468
64.375,118.10046531103491
64.4,118.12630861083763
64.425,118.15214192787995
64.45,118.1779652660178
64.47500000000001,118.20377862910523
64.5,118.22958202099505
64.525,118.25537544553865
64.55,118.2811589065856
64.575,118.30693240798433
64.60000000000001,118.33269595358158
64.625,118.35844954722283
64.65,118.38419319275174
64.675,118.4099268940109
64.7,118.43565065484108
64.72500000000001,118.46136447908157
64.75,118.48706837057036
64.775,118.51276233314395
64.8,118.53844637063717
64.825,118.56412048688345
64.85000000000001,118.5897846857149
64.875,118.615438970962
64.9,118.64108334645378
64.925,118.66671781601771
64.95,118.69234238348001
64.97500000000001,118.71795705266513
65.0,118.74356182739614
65.025,118.76915671149477
65.05,118.7947417087812
65.075,118.82031682307407
65.10000000000001,118.84588205819063
65.125,118.87143741794658
65.15,118.89698290615624
65.175,118.92251852663243
65.2,118.94804428318633
65.22500000000001,118.97356017962791
65.25,118.99906621976554
65.275,119.02456240740614
65.3,119.05004874635499
65.325,119.07552524041623
65.35000000000001,119.10099189339229
65.375,119.12644870908406
65.4,119.1518956912913
65.425,119.17733284381198
65.45,119.20276017044283
65.47500000000001,119.22817767497898
65.5,119.25358536121406
65.525,119.27898323294033
65.55,119.30437129394862
65.575,119.3297495480282
65.60000000000001,119.35511799896685
65.625,119.38047665055099
65.65,119.40582550656556
65.675,119.4311645707941
65.7,119.45649384701846
65.72500000000001,119.48181333901918
65.75,119.5071230505754
65.775,119.53242298546459
65.8,119.55771314746299
65.825,119.58299354034536
65.85000000000001,119.60826416788484
65.875,119.63352503385322
65.9,119.65877614202074
65.925,119.68401749615656
65.95,119.70924910002793
65.97500000000001,119.73447095740072
66.0,119.75968307203954
66.025,119.7848854477074
66.05,119.8100780881659
66.075,119.83526099717506
66.10000000000001,119.8604341784937
66.125,119.88559763587912
66.15,119.91075137308697
66.175,119.93589539387168
66.2,119.96102970198608
66.22500000000001,119.98615430118157
66.25,120.01126919520821
66.275,120.03637438781448
66.3,120.06146988274764
66.325,120.08655568375308
66.35000000000001,120.11163179457515
66.375,120.13669821895664
66.4,120.16175496063873
66.425,120.18680202336152
66.45,120.21183941086329
66.47500000000001,120.23686712688092
66.5,120.26188517515006
66.525,120.28689355940475
66.55,120.31189228337759
66.575,120.33688135079986
66.60000000000001,120.36186076540126
66.625,120.38683053091026
66.65,120.41179065105369
66.675,120.43674112955688
66.7,120.46168197014397
66.72500000000001,120.48661317653746
66.75,120.5115347524584
66.775,120.53644670162676
66.8,120.56134902776058
66.825,120.58624173457673
66.85000000000001,120.61112482579064
66.875,120.63599830511622
66.9,120.66086217626592
66.925,120.68571644295092
66.95,120.7105611088808
66.97500000000001,120.73539617776387
67.0,120.76022165330691
67.025,120.78503753921521
67.05,120.80984383919275
67.075,120.834640556942
67.10000000000001,120.85942769616406
67.125,120.88420526055845
67.15,120.90897325382339
67.175,120.9337316796559
67.2,120.95848054175107
67.22500000000001,120.98321984380289
67.25,121.00794958950392
67.275,121.03266978254517
67.3,121.0573804266162
67.325,121.08208152540544
67.35000000000001,121.10677308259943
67.375,121.13145510188392
67.4,121.1561275869424
67.425,121.1807905414577
67.45,121.20544396911083
67.47500000000001,121.2300878735815
67.5,121.25472225854803
67.525,121.27934712768709
67.55,121.30396248467441
67.575,121.32856833318364
67.60000000000001,121.35316467688763
67.625,121.37775151945736
67.65,121.40232886456268
67.675,121.42689671587195
67.7,121.45145507705196
67.72500000000001,121.47600395176832
67.75,121.5005433436851
67.775,121.52507325646485
67.8,121.5495936937689
67.825,121.57410465925709
67.85000000000001,121.59860615658796
67.875,121.62309818941839
67.9,121.64758076140399
67.925,121.67205387619899
67.95,121.69651753745613
67.97500000000001,121.72097174882687
68.0,121.74541651396096
68.025,121.7698518365072
68.05,121.79427772011262
68.075,121.81869416842288
68.10000000000001,121.84310118508239
68.125,121.86749877373386
68.15,121.89188693801911
68.175,121.91626568157817
68.2,121.94063500804957
68.22500000000001,121.96499492107078
68.25,121.98934542427763
68.275,122.01368652130456
68.3,122.03801821578469
68.325,122.06234051134967
68.35000000000001,122.08665341162973
68.375,122.11095692025376
68.4,122.13525104084927
68.425,122.1595357770423
68.45,122.1838111324575
68.47500000000001,122.20807711071812
68.5,122.23233371544617
68.525,122.25658095026206
68.55,122.28081881878485
68.575,122.3050473246323
68.60000000000001,122.3292664714205
68.625,122.35347626276447
68.65,122.37767670227751
68.675,122.40186779357194
68.7,122.42604954025843
68.72500000000001,122.45022194594625
68.75,122.47438501424315
68.775,122.49853874875588
68.8,122.52268315308937
68.825,122.54681823084744
68.85000000000001,122.57094398563231
68.875,122.59506042104508
68.9,122.61916754068535
68.925,122.64326534815117
68.95,122.66735384703928
68.97500000000001,122.69143304094521
69.0,122.71550293346289
69.025,122.7395635281848
69.05,122.76361482870229
69.075,122.78765683860514
69.10000000000001,122.81168956148188
69.125,122.83571300091954
69.15,122.85972716050378
69.175,122.88373204381888
69.2,122.90772765444791
69.22500000000001,122.93171399597219
69.25,122.95569107197194
69.275,122.97965888602594
69.3,123.00361744171151
69.325,123.02756674260463
69.35000000000001,123.05150679228001
69.375,123.07543759431098
69.4,123.09935915226924
69.425,123.1232714697252
69.45,123.14717455024802
69.47500000000001,123.17106839740556
69.5,123.19495301476395
69.525,123.21882840588832
69.55,123.24269457434204
69.575,123.26655152368754
69.60000000000001,123.29039925748565
69.625,123.31423777929581
69.65,123.33806709267603
69.675,123.36188720118297
69.7,123.38569810837207
69.72500000000001,123.40949981779724
69.75,123.43329233301115
69.775,123.457075657565
69.8,123.48084979500865
69.825,123.50461474889048
69.85000000000001,123.5283705227576
69.875,123.55211712015586
69.9,123.57585454462964
69.925,123.59958279972189
69.95,123.62330188897424
69.97500000000001,123.6470118159269
70.0,123.67071258411889
70.025,123.69440419708754
70.05,123.71808665836919
70.075,123.74175997149855
70.10000000000001,123.76542414000912
70.125,123.78907916743299
70.15,123.81272505730082
70.175,123.83636181314198
70.2,123.85998943848436
70.22500000000001,123.88360793685457
70.25,123.90721731177797
70.275,123.93081756677839
70.3,123.9544087053785
70.325,123.97799073109935
70.35000000000001,124.00156364746057
70.375,124.02512745798076
70.4,124.04868216617719
70.425,124.07222777556544
70.45,124.09576428965997
70.47500000000001,124.1192917119737
70.5,124.14281004601827
70.525,124.1663192953041
70.55,124.18981946334007
70.575,124.21331055363385
70.60000000000001,124.23679256969159
70.625,124.26026551501829
70.65,124.28372939311737
70.675,124.30718420749108
70.7,124.33062996164017
70.72500000000001,124.3540666590642
70.75,124.37749430326113
70.775,124.40091289772798
70.8,124.42432244596002
70.825,124.44772295145134
70.85000000000001,124.4711144176948
70.875,124.49449684818163
70.9,124.51787024640191
70.925,124.54123461584433
70.95,124.56458995999616
70.97500000000001,124.58793628234345
71.0,124.6112735863709
71.025,124.63460187556173
71.05,124.65792115339781
71.075,124.68123142335996
71.10000000000001,124.7045326889273
71.125,124.72782495357775
71.15,124.7511082207878
71.175,124.7743824940329
71.2,124.79764777678675
71.22500000000001,124.82090407252201
71.25,124.84415138470979
71.275,124.86738971682007
71.3,124.89061907232117
71.325,124.91383945468046
71.35000000000001,124.93705086736374
71.375,124.9602533138355
71.4,124.98344679755888
71.425,125.00663132199584
71.45,125.02980689060672
71.47500000000001,125.05297350685079
71.5,125.07613117418592
71.525,125.09927989606851
71.55,125.1224196759537
71.575,125.14555051729543
71.60000000000001,125.1686724235461
71.625,125.191785398157
71.65,125.21488944457762
71.675,125.23798456625669
71.7,125.26107076664124
71.72500000000001,125.28414804917716
71.75,125.30721641730895
71.775,125.3302758744799
71.8,125.3533264241316
71.825,125.37636806970471
71.85000000000001,125.39940081463847
71.875,125.42242466237064
71.9,125.44543961633768
71.925,125.46844567997492
71.95,125.49144285671613
71.97500000000001,125.5144311499939
72.0,125.53741056323939
72.025,125.56038109988249
72.05,125.58334276335182
72.075,125.60629555707449
72.10000000000001,125.62923948447656
72.125,125.65217454898256
72.15,125.67510075401586
72.175,125.69801810299833
72.2,125.72092659935073
72.22500000000001,125.74382624649215
72.25,125.76671704784071
72.275,125.78959900681303
72.3,125.81247212682437
72.325,125.83533641128895
72.35000000000001,125.85819186361947
72.375,125.88103848722727
72.4,125.90387628552237
72.425,125.92670526191343
72.45,125.949525419808
72.47500000000001,125.97233676261237
72.5,125.9951392937312
72.525,126.01793301656808
72.55,126.04071793452496
72.575,126.0634940510029
72.60000000000001,126.08626136940138
72.625,126.1090198931187
72.65,126.13176962555171
72.675,126.15451057009616
72.7,126.1772427301463
72.72500000000001,126.19996610909506
72.75,126.22268071033409
72.775,126.24538653725388
72.8,126.26808359324349
72.825,126.2907718816907
72.85000000000001,126.31345140598181
72.875,126.33612216950203
72.9,126.35878417563531
72.925,126.38143742776398
72.95,126.40408192926948
72.97500000000001,126.4267176835316
73.0,126.44934469392884
73.025,126.47196296383888
73.05,126.49457249663725
73.075,126.51717329569892
73.10000000000001,126.5397653643972
73.125,126.56234870610419
73.15,126.58492332419071
73.175,126.60748922202623
73.2,126.63004640297899
73.22500000000001,126.65259487041578
73.25,126.67513462770218
73.275,126.69766567820263
73.3,126.72018802527998
73.325,126.74270167229598
73.35000000000001,126.76520662261092
73.375,126.7877028795839
73.4,126.81019044657282
73.425,126.83266932693407
73.45,126.85513952402292
73.47500000000001,126.87760104119332
73.5,126.90005388179782
73.525,126.92249804918757
73.55,126.94493354671287
73.575,126.96736037772233
73.60000000000001,126.98977854556331
73.625,127.01218805358205
73.65,127.03458890512329
73.675,127.05698110353073
73.7,127.07936465214655
73.72500000000001,127.10173955431182
73.75,127.12410581336614
73.775,127.14646343264795
73.8,127.16881241549414
73.825,127.19115276524093
73.85000000000001,127.21348448522248
73.875,127.23580757877225
73.9,127.25812204922214
73.925,127.28042789990273
73.95,127.30272513414357
73.97500000000001,127.32501375527261
74.0,127.34729376661667
74.025,127.36956517150138
74.05,127.39182797325084
74.075,127.41408217518808
74.10000000000001,127.43632778063493
74.125,127.45856479291149
74.15,127.48079321533703
74.175,127.50301305122939
74.2,127.52522430390505
74.22500000000001,127.54742697667928
74.25,127.56962107286596
74.275,127.59180659577808
74.3,127.6139835487268
74.325,127.63615193502248
74.35000000000001,127.65831175797389
74.375,127.68046302088858
74.4,127.70260572707276
74.425,127.72473987983172
74.45,127.74686548246898
74.47500000000001,127.76898253828716
74.5,127.79109105058748
74.525,127.8131910226699
74.55,127.83528245783302
74.575,127.85736535937423
74.60000000000001,127.87943973058957
74.625,127.90150557477406
74.65,127.92356289522111
74.675,127.94561169522309
74.7,127.96765197807092
74.72500000000001,127.98968374705446
74.75,128.01170700546197
74.775,128.03372175658106
74.8,128.05572800369737
74.825,128.07772575009568
74.85000000000001,128.0997149990594
74.875,128.12169575387057
74.9,128.14366801781017
74.925,128.16563179415775
74.95,128.1875870861916
74.97500000000001,128.20953389718878
75.0,128.23147223042528
75.025,128.25340208917555
75.05,128.27532347671288
75.075,128.29723639630916
75.10000000000001,128.31914085123523
75.125,128.34103684476062
75.15,128.36292438015346
75.175,128.38480346068067
75.2,128.40667408960803
75.22500000000001,128.42853627020006
75.25,128.4503900057198
75.275,128.47223529942917
75.3,128.4940721545888
75.325,128.51590057445821
75.35000000000001,128.5377205622954
75.375,128.55953212135736
75.4,128.58133525489953
75.425,128.60312996617654
75.45,128.62491625844135
75.47500000000001,128.64669413494585
75.5,128.66846359894055
75.525,128.69022465367485
75.55,128.71197730239686
75.575,128.73372154835346
75.60000000000001,128.75545739479017
75.625,128.77718484495122
75.65,128.79890390207976
75.675,128.82061456941756
75.7,128.84231685020518
75.72500000000001,128.8640107476821
75.75,128.88569626508618
75.775,128.90737340565443
75.8,128.92904217262236
75.825,128.9507025692242
75.85000000000001,128.97235459869302
75.875,128.9939982642605
75.9,129.01563356915742
75.925,129.0372605166131
75.95,129.05887910985544
75.97500000000001,129.08048935211156
76.0,129.1020912466069
76.025,129.1236847965657
76.05,129.1452700052112
76.075,129.16684687576515
76.10000000000001,129.18841541144806
76.125,129.20997561547932
76.15,129.2315274910773
76.175,129.2530710414585
76.2,129.27460626983876
76.22500000000001,129.29613317943253
76.25,129.31765177345278
76.275,129.33916205511147
76.3,129.3606640276193
76.325,129.38215769418562
76.35000000000001,129.40364305801873
76.375,129.4251201223254
76.4,129.44658889031146
76.425,129.4680493651815
76.45,129.4895015501385
76.47500000000001,129.51094544838452
76.5,129.53238106312048
76.525,129.5538083975458
76.55,129.57522745485875
76.575,129.59663823825628
76.60000000000001,129.6180407509344
76.625,129.63943499608763
76.65,129.66082097690926
76.675,129.68219869659148
76.7,129.70356815832488
76.72500000000001,129.7249293652995
76.75,129.7462823207038
76.775,129.76762702772456
76.80000000000001,129.78896348954814
76.825,129.81029170935906
76.85000000000001,129.83161169034085
76.875,129.85292343567568
76.9,129.87422694854473
76.92500000000001,129.8955222321277
76.95,129.9168092896032
76.97500000000001,129.93808812414866
77.0,129.9593587389401
77.025,129.98062113715255
77.05000000000001,130.00187532195955
77.075,130.02312129653365
77.10000000000001,130.04435906404598
77.125,130.06558862766659
77.15,130.0868099905642
77.17500000000001,130.10802315590635
77.2,130.12922812685954
77.22500000000001,130.15042490658868
77.25,130.17161349825784
77.275,130.19279390502956
77.30000000000001,130.2139661300653
77.325,130.2351301765252
77.35000000000001,130.25628604756827
77.375,130.2774337463523
77.4,130.2985732760338
77.42500000000001,130.3197046397684
77.45,130.3408278407099
77.47500000000001,130.36194288201133
77.5,130.3830497668244
77.525,130.4041484982995
77.55000000000001,130.4252390795858
77.575,130.4463215138315
77.60000000000001,130.46739580418344
77.625,130.48846195378715
77.65,130.50951996578706
77.67500000000001,130.53056984332633
77.7,130.55161158954684
77.72500000000001,130.57264520758935
77.75,130.59367070059344
77.775,130.61468807169734
77.80000000000001,130.63569732403832
77.825,130.65669846075218
77.85000000000001,130.67769148497365
77.875,130.69867639983605
77.9,130.71965320847178
77.92500000000001,130.74062191401188
77.95,130.76158251958623
77.97500000000001,130.78253502832345
78.0,130.80347944335105
78.025,130.82441576779516
78.05000000000001,130.84534400478074
78.075,130.8662641574317
78.10000000000001,130.88717622887052
78.125,130.90808022221879
78.15,130.92897614059655
78.17500000000001,130.9498639871228
78.2,130.97074376491545
78.22500000000001,130.9916154770908
78.25,131.0124791267644
78.275,131.03333471705042
78.30000000000001,131.05418225106175
78.325,131.07502173191028
78.35000000000001,131.09585316270656
78.375,131.11667654655997
78.4,131.13749188657852
78.42500000000001,131.1582991858692
78.45,131.17909844753794
78.47500000000001,131.1998896746892
78.5,131.22067287042637
78.525,131.24144803785154
78.55000000000001,131.2622151800655
78.575,131.2829743001683
78.60000000000001,131.30372540125856
78.625,131.32446848643355
78.65,131.34520355878928
78.67500000000001,131.3659306214211
78.7,131.3866496774224
78.72500000000001,131.407360729886
78.75,131.4280637819032
78.775,131.44875883656437
78.80000000000001,131.4694458969582
78.825,131.49012496617294
78.85000000000001,131.51079604729497
78.875,131.53145914340965
78.9,131.55211425760143
78.92500000000001,131.5727613929532
78.95,131.59340055254688
78.97500000000001,131.6140317394632
79.0,131.63465495678156
79.025,131.65527020758014
79.05000000000001,131.6758774949363
79.075,131.69647682192561
79.10000000000001,131.71706819162324
79.125,131.73765160710244
79.15,131.75822707143553
79.17500000000001,131.77879458769382
79.2,131.7993541589471
79.22500000000001,131.81990578826426
79.25,131.84044947871303
79.275,131.86098523335977
79.30000000000001,131.88151305526975
79.325,131.90203294750708
79.35000000000001,131.92254491313426
79.375,131.9430489552132
79.4,131.9635450768046
79.42500000000001,131.98403328096742
79.45,132.00451357076014
79.47500000000001,132.02498594923972
79.5,132.04545041946167
79.525,132.0659069844808
79.55000000000001,132.08635564735044
79.575,132.10679641112293
79.60000000000001,132.12722927884928
79.625,132.14765425357922
79.65,132.16807133836167
79.67500000000001,132.1884805362441
79.7,132.20888185027283
79.72500000000001,132.22927528349314
79.75,132.24966083894893
79.775,132.2700385196829
79.80000000000001,132.29040832873702
79.825,132.31077026915145
79.85000000000001,132.33112434396577
79.875,132.35147055621786
79.9,132.37180890894484
79.92500000000001,132.39213940518238
79.95,132.4124620479652
79.97500000000001,132.43277684032662
80.0,132.45308378529901
80.025,132.47338288591342
80.05000000000001,132.49367414519975
80.075,132.51395756618683
80.10000000000001,132.5342331519021
80.125,132.55450090537204
80.15,132.574760829622
80.17500000000001,132.59501292767604
80.2,132.6152572025569
80.22500000000001,132.63549365728656
80.25,132.6557222948854
80.275,132.67594311837289
80.30000000000001,132.69615613076726
80.325,132.71636133508568
80.35000000000001,132.73655873434404
80.375,132.75674833155702
80.4,132.7769301297382
80.42500000000001,132.7971041319001
80.45,132.81727034105367
80.47500000000001,132.8374287602093
80.5,132.85757939237587
80.525,132.877722240561
80.55000000000001,132.89785730777157
80.575,132.9179845970128
80.60000000000001,132.93810411128902
80.625,132.95821585360358
80.65,132.97831982695814
80.67500000000001,132.99841603435368
80.7,133.01850447878988
80.72500000000001,133.03858516326505
80.75,133.05865809077656
80.775,133.07872326432062
80.80000000000001,133.0987806868923
80.825,133.1188303614853
80.85000000000001,133.13887229109244
80.875,133.1589064787054
80.9,133.17893292731435
80.92500000000001,133.19895163990859
80.95,133.21896261947623
80.97500000000001,133.23896586900415
81.0,133.2589613914781
81.025,133.2789491898829
81.05000000000001,133.29892926720186
81.075,133.31890162641724
81.10000000000001,133.33886627051035
81.125,133.35882320246108
81.15,133.3787724252485
81.17500000000001,133.39871394185
81.2,133.41864775524232
81.22500000000001,133.4385738684009
81.25,133.4584922843
81.275,133.4784030059126
81.30000000000001,133.4983060362109
81.325,133.51820137816551
81.35000000000001,133.53808903474626
81.375,133.5579690089215
81.4,133.5778413036589
81.42500000000001,133.5977059219244
81.45,133.61756286668316
81.47500000000001,133.63741214089916
81.5,133.6572537475353
81.525,133.67708768955308
81.55000000000001,133.69691396991283
81.575,133.7167325915743
81.60000000000001,133.73654355749557
81.625,133.7563468706336
81.65,133.7761425339444
81.67500000000001,133.79593055038285
81.7,133.8157109229026
81.72500000000001,133.83548365445594
81.75,133.8552487479945
81.775,133.8750062064684
81.80000000000001,133.8947560328268
81.825,133.9144982300176
81.85000000000001,133.93423280098753
81.875,133.95395974868254
81.9,133.9736790760471
81.92500000000001,133.99339078602438
81.95,134.01309488155675
81.97500000000001,134.03279136558552
82.0,134.05248024105055
82.025,134.07216151089062
82.05000000000001,134.0918351780436
82.075,134.11150124544602
82.10000000000001,134.1311597160334
82.125,134.15081059273993
82.15,134.17045387849896
82.17500000000001,134.19008957624226
82.2,134.20971768890104
82.22500000000001,134.2293382194051
82.25,134.248951170683
82.275,134.2685565456623
82.30000000000001,134.2881543472694
82.325,134.30774457842946
82.35000000000001,134.32732724206676
82.375,134.34690234110423
82.4,134.36646987846385
82.42500000000001,134.38602985706615
82.45,134.40558227983098
82.47500000000001,134.42512714967674
82.5,134.44466446952094
82.525,134.46419424227963
82.55000000000001,134.48371647086802
82.575,134.50323115820015
82.60000000000001,134.52273830718877
82.625,134.54223792074575
82.65,134.56173000178157
82.67500000000001,134.58121455320585
82.7,134.60069157792705
82.72500000000001,134.6201610788522
82.75,134.63962305888737
82.775,134.65907752093767
82.80000000000001,134.67852446790715
82.825,134.6979639026984
82.85000000000001,134.71739582821291
82.875,134.7368202473514
82.9,134.7562371630133
82.92500000000001,134.77564657809683
82.95,134.795048495499
82.97500000000001,134.81444291811607
83.0,134.8338298488428
83.025,134.85320929057306
83.05000000000001,134.8725812461997
83.075,134.89194571861415
83.10000000000001,134.9113027107067
83.125,134.9306522253669
83.15,134.9499942654829
83.17500000000001,134.9693288339418
83.2,134.98865593362947
83.22500000000001,135.007975567431
83.25,135.02728773823003
83.275,135.046592448909
83.30000000000001,135.0658897023497
83.325,135.08517950143252
83.35000000000001,135.1044618490368
83.375,135.12373674804067
83.4,135.14300420132113
83.42500000000001,135.16226421175432
83.45,135.18151678221506
83.47500000000001,135.200761915577
83.5,135.21999961471286
83.525,135.2392298824941
83.55000000000001,135.25845272179114
83.575,135.2776681354736
83.60000000000001,135.2968761264093
83.625,135.31607669746555
83.65,135.3352698515083
83.67500000000001,135.35445559140226
83.7,135.37363392001137
83.72500000000001,135.3928048401984
83.75,135.41196835482478
83.775,135.43112446675107
83.80000000000001,135.45027317883654
83.825,135.46941449393933
83.85000000000001,135.48854841491672
83.875,135.50767494462477
83.9,135.5267940859184
83.92500000000001,135.54590584165157
83.95,135.5650102146768
83.97500000000001,135.58410720784588
84.0,135.60319682400927
84.025,135.62227906601643
84.05000000000001,135.6413539367157
84.075,135.6604214389541
84.10000000000001,135.6794815755779
84.125,135.6985343494324
84.15,135.7175797633613
84.17500000000001,135.73661782020739
84.2,135.7556485228124
84.22500000000001,135.77467187401732
84.25,135.79368787666115
84.275,135.8126965335827
84.30000000000001,135.8316978476192
84.325,135.85069182160703
84.35000000000001,135.8696784583812
84.375,135.88865776077586
84.4,135.90762973162393
84.42500000000001,135.92659437375733
84.45,135.94555169000688
84.47500000000001,135.9645016832022
84.5,135.983444356172
84.525,136.00237971174357
84.55000000000001,136.02130775274352
84.575,136.0402284819971
84.60000000000001,136.05914190232843
84.625,136.07804801656087
84.65,136.09694682751632
84.67500000000001,136.11583833801566
84.7,136.13472255087888
84.72500000000001,136.1535994689248
84.75,136.17246909497112
84.775,136.1913314318343
84.80000000000001,136.21018648232993
84.825,136.22903424927247
84.85000000000001,136.24787473547525
84.875,136.2667079437504
84.9,136.28553387690934
84.92500000000001,136.304352537762
84.95,136.32316392911744
84.97500000000001,136.34196805378363
85.0,136.36076491456723
85.025,136.37955451427408
85.05000000000001,136.3983368557086
85.075,136.4171119416747
85.10000000000001,136.4358797749747
85.125,136.45464035841013
85.15,136.47339369478127
85.17500000000001,136.49213978688744
85.2,136.51087863752667
85.22500000000001,136.52961024949605
85.25,136.5483346255917
85.275,136.5670517686086
85.30000000000001,136.5857616813403
85.325,136.60446436657998
85.35000000000001,136.62315982711888
85.375,136.64184806574798
85.4,136.66052908525663
85.42500000000001,136.6792028884334
85.45,136.69786947806543
85.47500000000001,136.71652885693922
85.5,136.73518102784016
85.525,136.75382599355225
85.55000000000001,136.77246375685854
85.575,136.79109432054085
85.60000000000001,136.80971768738027
85.625,136.82833386015682
85.65,136.84694284164908
85.67500000000001,136.86554463463483
85.7,136.88413924189064
85.72500000000001,136.90272666619225
85.75,136.9213069103139
85.775,136.93987997702925
85.80000000000001,136.95844586911048
85.825,136.97700458932877
85.85000000000001,136.99555614045465
85.875,137.01410052525708
85.9,137.0326377465041
85.92500000000001,137.05116780696267
85.95,137.06969070939877
85.97500000000001,137.08820645657738
86.0,137.10671505126214
86.025,137.12521649621576
86.05000000000001,137.14371079419993
86.075,137.16219794797536
86.10000000000001,137.18067796030135
86.125,137.19915083393664
86.15,137.2176165716384
86.17500000000001,137.23607517616296
86.2,137.25452665026572
86.22500000000001,137.2729709967009
86.25,137.29140821822148
86.275,137.30983831757965
86.30000000000001,137.32826129752632
86.325,137.34667716081162
86.35000000000001,137.3650859101843
86.375,137.38348754839228
86.4,137.40188207818233
86.42500000000001,137.42026950229996
86.45,137.43864982349
86.47500000000001,137.45702304449583
86.5,137.47538916806022
86.525,137.49374819692443
86.55000000000001,137.5121001338292
86.575,137.53044498151363
86.60000000000001,137.54878274271587
86.625,137.56711342017343
86.65,137.58543701662228
86.67500000000001,137.60375353479776
86.7,137.62206297743373
86.72500000000001,137.64036534726316
86.75,137.65866064701808
86.775,137.67694887942955
86.80000000000001,137.6952300472272
86.825,137.7135041531399
86.85000000000001,137.73177119989532
86.875,137.7500311902201
86.9,137.76828412684014
86.92500000000001,137.7865300124798
86.95,137.8047688498626
86.97500000000001,137.8230006417111
87.0,137.84122539074656
87.025,137.85944309968934
87.05000000000001,137.87765377125888
87.075,137.89585740817355
87.10000000000001,137.91405401315046
87.125,137.93224358890575
87.15,137.95042613815437
87.17500000000001,137.96860166361074
87.2,137.9867701679876
87.22500000000001,138.00493165399703
87.25,138.02308612434993
87.275,138.04123358175622
87.30000000000001,138.0593740289247
87.325,138.07750746856317
87.35000000000001,138.09563390337846
87.375,138.11375333607614
87.4,138.1318657693609
87.42500000000001,138.14997120593628
87.45,138.168069648505
87.47500000000001,138.18616109976836
87.5,138.204245562427
87.525,138.22232303918028
87.55000000000001,138.2403935327265
87.575,138.2584570457632
87.60000000000001,138.27651358098657
87.625,138.29456314109203
87.65,138.31260572877355
87.67500000000001,138.3306413467245
87.7,138.34866999763702
87.72500000000001,138.36669168420218
87.75,138.3847064091099
87.775,138.40271417504925
87.80000000000001,138.42071498470852
87.825,138.43870884077424
87.85000000000001,138.45669574593245
87.875,138.47467570286815
87.9,138.49264871426516
87.92500000000001,138.51061478280613
87.95,138.52857391117303
87.97500000000001,138.5465261020463
88.0,138.5644713581059
88.025,138.58240968203043
88.05000000000001,138.60034107649736
88.075,138.61826554418346
88.10000000000001,138.63618308776427
88.125,138.65409370991424
88.15,138.67199741330688
88.17500000000001,138.68989420061473
88.2,138.70778407450896
88.22500000000001,138.7256670376603
88.25,138.74354309273784
88.275,138.76141224241
88.30000000000001,138.77927448934412
88.325,138.79712983620652
88.35000000000001,138.81497828566222
88.375,138.83281984037555
88.4,138.85065450300962
88.42500000000001,138.8684822762268
88.45,138.88630316268817
88.47500000000001,138.9041171650537
88.5,138.92192428598253
88.525,138.93972452813267
88.55000000000001,138.95751789416104
88.575,138.97530438672376
88.60000000000001,138.99308400847576
88.625,139.010856762071
88.65,139.02862265016242
88.67500000000001,139.04638167540176
88.7,139.06413384044004
88.72500000000001,139.08187914792697
88.75,139.09961760051138
88.775,139.1173492008411
88.80000000000001,139.1350739515631
88.825,139.1527918553229
88.85000000000001,139.17050291476534
88.875,139.18820713253407
88.9,139.20590451127168
88.92500000000001,139.22359505361985
88.95,139.24127876221937
88.97500000000001,139.2589556397099
89.0,139.27662568873
89.025,139.29428891191714
89.05000000000001,139.311945311908
89.075,139.32959489133796
89.10000000000001,139.34723765284178
89.125,139.36487359905286
89.15,139.38250273260368
89.17500000000001,139.40012505612575
89.2,139.4177405722496
89.22500000000001,139.4353492836046
89.25,139.45295119281917
89.275,139.47054630252077
89.30000000000001,139.4881346153357
89.325,139.5057161338894
89.35000000000001,139.5232908608063
89.375,139.54085879870962
89.4,139.55841995022192
89.42500000000001,139.57597431796438
89.45,139.5935219045575
89.47500000000001,139.61106271262034
89.5,139.62859674477147
89.525,139.64612400362796
89.55000000000001,139.66364449180608
89.575,139.6811582119213
89.60000000000001,139.69866516658763
89.625,139.7161653584185
89.65,139.7336587900261
89.67500000000001,139.75114546402165
89.7,139.76862538301543
89.72500000000001,139.78609854961655
89.75,139.80356496643338
89.775,139.8210246360729
89.80000000000001,139.8384775611414
89.825,139.85592374424405
89.85000000000001,139.87336318798486
89.875,139.89079589496723
89.9,139.90822186779326
89.92500000000001,139.92564110906412
89.95,139.94305362138
89.97500000000001,139.96045940734018
90.0,139.97785846954244
90.025,139.9952508105842
90.05000000000001,140.01263643306146
90.075,140.03001533956962
90.10000000000001,140.04738753270254
90.125,140.06475301505355
90.15,140.08211178921457
90.17500000000001,140.09946385777687
90.2,140.11680922333056
90.22500000000001,140.13414788846472
90.25,140.15147985576763
90.275,140.16880512782623
90.30000000000001,140.1861237072269
90.325,140.2034355965545
90.35000000000001,140.2207407983932
90.375,140.23803931532632
90.4,140.2553311499358
90.42500000000001,140.272616304803
90.45,140.2898947825079
90.47500000000001,140.30716658562986
90.5,140.32443171674674
90.525,140.34169017843584
90.55000000000001,140.3589419732733
90.575,140.3761871038343
90.60000000000001,140.39342557269302
90.625,140.41065738242267
90.65,140.42788253559544
90.67500000000001,140.44510103478237
90.7,140.46231288255393
90.72500000000001,140.47951808147909
90.75,140.49671663412622
90.775,140.51390854306234
90.80000000000001,140.53109381085395
90.825,140.5482724400661
90.85000000000001,140.56544443326302
90.875,140.5826097930081
90.9,140.59976852186352
90.92500000000001,140.6169206223906
90.95,140.6340660971495
90.97500000000001,140.6512049486997
91.0,140.66833717959943
91.025,140.68546279240596
91.05000000000001,140.7025817896756
91.075,140.7196941739639
91.10000000000001,140.7367999478251
91.125,140.7538991138126
91.15,140.77099167447884
91.17500000000001,140.78807763237515
91.2,140.80515699005196
91.22500000000001,140.8222297500587
91.25,140.8392959149439
91.275,140.85635548725486
91.30000000000001,140.8734084695381
91.325,140.8904548643393
91.35000000000001,140.9074946742026
91.375,140.92452790167178
91.4,140.94155454928955
91.42500000000001,140.95857461959727
91.45,140.9755881151356
91.47500000000001,140.992595038444
91.5,141.00959539206121
91.525,141.02658917852494
91.55000000000001,141.04357640037173
91.575,141.06055706013737
91.60000000000001,141.07753116035653
91.625,141.0944987035629
91.65,141.1114596922892
91.67500000000001,141.1284141290673
91.7,141.14536201642773
91.72500000000001,141.16230335690062
91.75,141.1792381530146
91.775,141.19616640729768
91.80000000000001,141.21308812227662
91.825,141.23000330047753
91.85000000000001,141.24691194442508
91.875,141.2638140566434
91.9,141.28070963965536
91.92500000000001,141.29759869598308
91.95,141.31448122814763
91.97500000000001,141.33135723866886
92.0,141.34822673006585
92.025,141.3650897048569
92.05000000000001,141.38194616555916
92.075,141.39879611468865
92.10000000000001,141.4156395547606
92.125,141.43247648828924
92.15,141.44930691778785
92.17500000000001,141.46613084576882
92.2,141.48294827474334
92.22500000000001,141.49975920722179
92.25,141.51656364571346
92.275,141.53336159272686
92.30000000000001,141.55015305076944
92.325,141.5669380223476
92.35000000000001,141.58371650996708
92.375,141.60048851613195
92.4,141.61725404334607
92.42500000000001,141.63401309411205
92.45,141.6507656709316
92.47500000000001,141.6675117763052
92.5,141.68425141273246
92.525,141.70098458271232
92.55000000000001,141.71771128874252
92.575,141.73443153331976
92.60000000000001,141.75114531893993
92.625,141.76785264809797
92.65,141.78455352328783
92.67500000000001,141.8012479470022
92.7,141.8179359217333
92.72500000000001,141.83461744997214
92.75,141.85129253420882
92.775,141.86796117693228
92.80000000000001,141.88462338063067
92.825,141.90127914779123
92.85000000000001,141.91792848090012
92.875,141.9345713824428
92.9,141.9512078549033
92.92500000000001,141.96783790076532
92.95,141.98446152251083
92.97500000000001,142.00107872262151
93.0,142.0176895035776
93.025,142.03429386785868
93.05000000000001,142.0508918179435
93.075,142.06748335630942
93.10000000000001,142.0840684854333
93.125,142.10064720779047
93.15,142.117219525856
93.17500000000001,142.13378544210354
93.2,142.1503449590059
93.22500000000001,142.16689807903484
93.25,142.1834448046613
93.275,142.1999851383553
93.30000000000001,142.2165190825857
93.325,142.23304663982063
93.35000000000001,142.2495678125271
93.375,142.26608260317127
93.4,142.28259101421858
93.42500000000001,142.29909304813282
93.45,142.3155887073775
93.47500000000001,142.3320779944149
93.5,142.34856091170641
93.525,142.3650374617124
93.55000000000001,142.38150764689252
93.575,142.39797146970506
93.60000000000001,142.41442893260768
93.625,142.43088003805693
93.65,142.44732478850864
93.67500000000001,142.46376318641745
93.7,142.48019523423716
93.72500000000001,142.49662093442063
93.75,142.51304028941976
93.775,142.52945330168535
93.80000000000001,142.54585997366735
93.825,142.56226030781497
93.85000000000001,142.57865430657625
93.875,142.5950419723984
93.9,142.61142330772768
93.92500000000001,142.62779831500907
93.95,142.64416699668706
93.97500000000001,142.66052935520506
94.0,142.67688539300545
94.025,142.69323511252963
94.05000000000001,142.70957851621836
94.075,142.7259156065111
94.10000000000001,142.74224638584647
94.125,142.75857085666226
94.15,142.77488902139535
94.17500000000001,142.79120088248138
94.2,142.80750644235533
94.22500000000001,142.82380570345117
94.25,142.84009866820185
94.275,142.85638533903938
94.30000000000001,142.87266571839504
94.325,142.8889398086989
94.35000000000001,142.9052076123804
94.375,142.92146913186787
94.4,142.93772436958852
94.42500000000001,142.9539733279688
94.45,142.9702160094343
94.47500000000001,142.9864524164095
94.5,143.0026825513181
94.525,143.0189064165828
94.55000000000001,143.03512401462535
94.575,143.05133534786654
94.60000000000001,143.0675404187264
94.625,143.0837392296236
94.65,143.09993178297637
94.67500000000001,143.11611808120176
94.7,143.1322981267159
94.72500000000001,143.14847192193412
94.75,143.16463946927053
94.775,143.1808007711386
94.80000000000001,143.19695582995072
94.825,143.21310464811836
94.85000000000001,143.22924722805215
94.875,143.2453835721618
94.9,143.2615136828557
94.92500000000001,143.27763756254203
94.95,143.2937552136272
94.97500000000001,143.30986663851758
95.0,143.32597183961764
95.025,143.34207081933184
95.05000000000001,143.3581635800632
95.075,143.37425012421377
95.10000000000001,143.39033045418492
95.125,143.40640457237714
95.15,143.4224724811896
95.17500000000001,143.4385341830209
95.2,143.45458968026836
95.22500000000001,143.47063897532897
95.25,143.48668207059825
95.275,143.50271896847113
95.30000000000001,143.51874967134137
95.325,143.53477418160188
95.35000000000001,143.55079250164465
95.375,143.56680463386078
95.4,143.58281058064054
95.42500000000001,143.59881034437294
95.45,143.61480392744647
95.47500000000001,143.63079133224844
95.5,143.64677256116548
95.525,143.66274761658298
95.55000000000001,143.67871650088549
95.575,143.69467921645705
95.60000000000001,143.7106357656801
95.625,143.7265861509367
95.65,143.74253037460772
95.67500000000001,143.75846843907337
95.7,143.77440034671247
95.72500000000001,143.79032609990318
95.75,143.80624570102316
95.775,143.8221591524484
95.80000000000001,143.83806645655446
95.825,143.85396761571604
95.85000000000001,143.86986263230648
95.875,143.88575150869852
95.9,143.90163424726407
95.92500000000001,143.9175108503737
95.95,143.9333813203976
95.97500000000001,143.9492456597047
96.0,143.965103870663
96.025,143.98095595563998
96.05000000000001,143.99680191700162
96.075,144.01264175711353
96.10000000000001,144.02847547833989
96.125,144.04430308304444
96.15,144.06012457358977
96.17500000000001,144.07593995233748
96.2,144.09174922164834
96.22500000000001,144.10755238388234
96.25,144.1233494413985
96.275,144.13914039655484
96.30000000000001,144.15492525170842
96.325,144.17070400921554
96.35000000000001,144.1864766714316
96.375,144.20224324071103
96.4,144.21800371940736
96.42500000000001,144.23375810987312
96.45,144.24950641445992
96.47500000000001,144.26524863551876
96.5,144.2809847753994
96.525,144.29671483645072
96.55000000000001,144.3124388210208
96.575,144.3281567314569
96.60000000000001,144.34386857010517
96.625,144.35957433931108
96.65,144.37527404141915
96.67500000000001,144.3909676787727
96.7,144.4066552537145
96.72500000000001,144.42233676858606
96.75,144.4380122257284
96.775,144.45368162748142
96.80000000000001,144.4693449761841
96.825,144.48500227417458
96.85000000000001,144.50065352379013
96.875,144.51629872736697
96.9,144.53193788724036
96.92500000000001,144.54757100574503
96.95,144.56319808521445
96.97500000000001,144.57881912798143
97.0,144.59443413637763
97.025,144.61004311273396
97.05000000000001,144.6256460593804
97.075,144.64124297864603
97.10000000000001,144.65683387285927
97.125,144.672418744347
97.15,144.68799759543612
97.17500000000001,144.70357042845183
97.2,144.71913724571877
97.22500000000001,144.73469804956056
97.25,144.75025284230009
97.275,144.7658016262594
97.30000000000001,144.78134440375933
97.325,144.79688117712007
97.35000000000001,144.81241194866064
97.375,144.82793672069948
97.4,144.84345549555408
97.42500000000001,144.85896827554095
97.45,144.8744750629759
97.47500000000001,144.8899758601734
97.5,144.90547066944734
97.525,144.9209594931108
97.55000000000001,144.93644233347567
97.575,144.95191919285332
97.60000000000001,144.9673900735539
97.625,144.98285497788686
97.65,144.99831390816075
97.67500000000001,145.01376686668297
97.7,145.02921385576036
97.72500000000001,145.04465487769855
97.75,145.06008993480296
97.775,145.07551902937715
97.80000000000001,145.09094216372452
97.825,145.10635934014712
97.85000000000001,145.12177056094654
97.875,145.13717582842298
97.9,145.15257514487627
97.92500000000001,145.16796851260509
97.95,145.1833559339072
97.97500000000001,145.1987374110794
98.0,145.21411294641803
98.025,145.22948254221808
98.05000000000001,145.2448462007738
98.075,145.26020392437857
98.10000000000001,145.27555571532486
98.125,145.29090157590448
98.15,145.30624150840788
98.17500000000001,145.32157551512512
98.2,145.33690359834492
98.22500000000001,145.35222576035565
98.25,145.36754200344416
98.275,145.38285232989705
98.30000000000001,145.39815674199951
98.325,145.41345524203632
98.35000000000001,145.4287478322911
98.375,145.44403451504635
98.4,145.4593152925843
98.42500000000001,145.47459016718582
98.45,145.48985914113106
98.47500000000001,145.50512221669945
98.5,145.52037939616898
98.525,145.5356306818172
98.55000000000001,145.550876075921
98.575,145.56611558075593
98.60000000000001,145.58134919859677
98.625,145.59657693171775
98.65,145.6117987823917
98.67500000000001,145.62701475289086
98.7,145.64222484548694
98.72500000000001,145.65742906245003
98.75,145.6726274060498
98.775,145.68781987855505
98.80000000000001,145.70300648223355
98.825,145.7181872193521
98.85000000000001,145.7333620921769
98.875,145.74853110297326
98.9,145.76369425400532
98.92500000000001,145.77885154753682
98.95,145.79400298583005
98.97500000000001,145.80914857114686
99.0,145.82428830574804
99.025,145.83942219189365
99.05000000000001,145.85455023184264
99.075,145.86967242785332
99.10000000000001,145.8847887821829
99.125,145.89989929708815
99.15,145.9150039748246
99.17500000000001,145.93010281764668
99.2,145.94519582780865
99.22500000000001,145.96028300756313
99.25,145.9753643591624
99.275,145.9904398848577
99.30000000000001,146.00550958689936
99.325,146.02057346753702
99.35000000000001,146.03563152901927
99.375,146.05068377359382
99.4,146.06573020350768
99.42500000000001,146.0807708210068
99.45,146.09580562833634
99.47500000000001,146.11083462774081
99.5,146.1258578214634
99.525,146.14087521174673
99.55000000000001,146.1558868008325
99.575,146.17089259096159
99.60000000000001,146.18589258437396
99.625,146.2008867833087
99.65,146.21587519000423
99.67500000000001,146.23085780669757
99.7,146.24583463562544
99.72500000000001,146.26080567902343
99.75,146.27577093912657
99.775,146.29073041816847
99.80000000000001,146.3056841183823
99.825,146.32063204200034
99.85000000000001,146.3355741912538
99.875,146.35051056837327
99.9,146.36544117558842
99.92500000000001,146.38036601512778
99.95,146.39528508921939
99.97500000000001,146.41019840009017
100.0,146.4251059499663
100.025,146.44000774107323
100.05000000000001,146.4549037756353
100.075,146.4697940558761
100.10000000000001,146.48467858401835
100.125,146.49955736228412
100.15,146.51443039289424
100.17500000000001,146.5292976780688
100.2,146.54415922002735
100.22500000000001,146.55901502098803
100.25,146.57386508316856
100.275,146.58870940878592
100.30000000000001,146.6035480000556
100.325,146.61838085919288
100.35000000000001,146.6332079884119
100.375,146.64802938992588
100.4,146.66284506594718
100.42500000000001,146.67765501868755
100.45,146.69245925035762
100.47500000000001,146.7072577631673
100.5,146.72205055932577
100.525,146.73683764104112
100.55000000000001,146.75161901052073
100.575,146.76639466997105
100.60000000000001,146.7811646215977
100.625,146.7959288676053
100.65,146.81068741019803
100.67500000000001,146.82544025157873
100.7,146.84018739394972
100.72500000000001,146.85492883951252
100.75,146.8696645904674
100.775,146.88439464901427
100.80000000000001,146.8991190173519
100.825,146.91383769767805
100.85000000000001,146.92855069218993
100.875,146.9432580030839
100.9,146.9579596325553
100.92500000000001,146.97265558279867
100.95,146.98734585600786
100.97500000000001,147.00203045437578
101.0,147.01670938009454
101.025,147.03138263535507
101.05000000000001,147.04605022234784
101.075,147.06071214326246
101.10000000000001,147.07536840028746
101.125,147.09001899561062
101.15,147.10466393141894
101.17500000000001,147.1193032098986
101.2,147.13393683323474
101.22500000000001,147.14856480361192
101.25,147.1631871232137
101.275,147.17780379422274
101.30000000000001,147.19241481882105
101.325,147.20702019918946
101.35000000000001,147.22161993750845
101.375,147.23621403595723
101.4,147.25080249671444
101.42500000000001,147.26538532195758
101.45,147.27996251386364
101.47500000000001,147.2945340746086
101.5,147.30910000636771
101.525,147.3236603113152
101.55000000000001,147.33821499162454
101.575,147.3527640494684
101.60000000000001,147.3673074870187
101.625,147.38184530644634
101.65,147.3963775099214
101.67500000000001,147.41090409961322
101.7,147.42542507769016
101.72500000000001,147.4399404463198
101.75,147.4544502076691
101.775,147.46895436390378
101.80000000000001,147.4834529171893
101.825,147.49794586968954
101.85000000000001,147.5124332235682
101.875,147.5269149809878
101.9,147.54139114410998
101.92500000000001,147.55586171509597
101.95,147.5703266961056
101.97500000000001,147.58478608929812
102.0,147.59923989683205
102.025,147.613688120865
102.05000000000001,147.62813076355374
102.075,147.64256782705405
102.10000000000001,147.65699931352114
102.125,147.67142522510932
102.15,147.685845563972
102.17500000000001,147.70026033226176
102.2,147.71466953213033
102.22500000000001,147.72907316572858
102.25,147.7434712352066
102.275,147.7578637427139
102.30000000000001,147.7722506903988
102.325,147.78663208040885
102.35000000000001,147.80100791489076
102.375,147.8153781959906
102.4,147.82974292585348
102.42500000000001,147.8441021066238
102.45,147.85845574044492
102.47500000000001,147.87280382945943
102.5,147.88714637580915
102.525,147.9014833816352
102.55000000000001,147.9158148490776
102.575,147.93014078027596
102.60000000000001,147.94446117736834
102.625,147.95877604249267
102.65,147.97308537778585
102.67500000000001,147.9873891853839
102.7,148.00168746742173
102.72500000000001,148.01598022603403
102.75,148.03026746335445
102.775,148.04454918151535
102.80000000000001,148.05882538264905
102.825,148.07309606888637
102.85000000000001,148.08736124235764
102.875,148.10162090519233
102.9,148.11587505951897
102.92500000000001,148.13012370746543
102.95,148.1443668511585
102.97500000000001,148.15860449272446
103.0,148.17283663428879
103.025,148.18706327797585
103.05000000000001,148.20128442590922
103.075,148.2155000802121
103.10000000000001,148.2297102430062
103.125,148.24391491641288
103.15,148.25811410255258
103.17500000000001,148.2723078035448
103.2,148.28649602150836
103.22500000000001,148.30067875856122
103.25,148.3148560168206
103.275,148.3290277984026
103.30000000000001,148.343194105423
103.325,148.3573549399963
103.35000000000001,148.37151030423635
103.375,148.38566020025635
103.4,148.39980463016843
103.42500000000001,148.41394359608398
103.45,148.42807710011365
103.47500000000001,148.44220514436716
103.5,148.4563277309536
103.525,148.47044486198106
103.55000000000001,148.48455653955693
103.575,148.4986627657874
103.60000000000001,148.5127635427787
103.625,148.52685887263547
103.65,148.54094875746193
103.67500000000001,148.55503319936133
103.7,148.56911220043614
103.72500000000001,148.58318576278782
103.75,148.59725388851734
103.775,148.61131657972473
103.80000000000001,148.6253738385091
103.825,148.639425666969
103.85000000000001,148.653472067202
103.875,148.667513041305
103.9,148.68154859137383
103.92500000000001,148.6955787195037
103.95,148.70960342778886
103.97500000000001,148.72362271832296
104.0,148.73763659319872
104.025,148.75164505450817
104.05000000000001,148.76564810434235
104.075,148.7796457447915
104.10000000000001,148.79363797794517
104.125,148.80762480589206
104.15,148.82160623072028
104.17500000000001,148.83558225451674
104.2,148.84955287936756
104.22500000000001,148.86351810735852
104.25,148.87747794057415
104.275,148.8914323810983
104.30000000000001,148.90538143101412
104.325,148.9193250924038
104.35000000000001,148.93326336734873
104.375,148.94719625792973
104.4,148.96112376622665
104.42500000000001,148.97504589431844
104.45,148.9889626442833
104.47500000000001,149.00287401819853
104.5,149.0167800181411
104.525,149.03068064618648
104.55000000000001,149.04457590440987
104.575,149.05846579488565
104.60000000000001,149.07235031968725
104.625,149.08622948088703
104.65,149.10010328055685
104.67500000000001,149.11397172076792
104.7,149.12783480359047
104.72500000000001,149.14169253109384
104.75,149.15554490534663
104.775,149.1693919284168
104.80000000000001,149.18323360237116
104.825,149.1970699292761
104.85000000000001,149.21090091119711
104.875,149.2247265501987
104.9,149.23854684834478
104.92500000000001,149.2523618076983
104.95,149.2661714303216
104.97500000000001,149.279975718276
105.0,149.29377467362227
105.025,149.3075682984202
105.05000000000001,149.32135659472885
105.075,149.33513956460675
105.10000000000001,149.34891721011098
105.125,149.36268953329858
105.15,149.37645653622522
105.17500000000001,149.390218220946
105.2,149.4039745895153
105.22500000000001,149.41772564398647
105.25,149.43147138641208
105.275,149.4452118188444
105.30000000000001,149.45894694333452
105.325,149.4726767619326
105.35000000000001,149.48640127668824
105.375,149.50012048965013
105.4,149.51383440286614
105.42500000000001,149.52754301838374
105.45,149.54124633824895
105.47500000000001,149.55494436450758
105.5,149.56863709920438
105.525,149.58232454438334
105.55000000000001,149.5960067020878
105.575,149.60968357436002
105.60000000000001,149.62335516324168
105.625,149.63702147077356
105.65,149.6506824989957
105.67500000000001,149.66433824994755
105.7,149.67798872566752
105.72500000000001,149.69163392819334
105.75,149.7052738595618
105.775,149.71890852180917
105.80000000000001,149.73253791697067
105.825,149.7461620470809
105.85000000000001,149.75978091417366
105.875,149.77339452028178
105.9,149.78700286743762
105.92500000000001,149.80060595767245
105.95,149.81420379301701
105.97500000000001,149.82779637550112
106.0,149.84138370715385
106.025,149.85496579000332
106.05000000000001,149.86854262607716
106.075,149.88211421740215
106.10000000000001,149.895680566004
106.125,149.90924167390793
106.15,149.92279754313836
106.17500000000001,149.9363481757189
106.2,149.94989357367214
106.22500000000001,149.96343373902033
106.25,149.97696867378454
106.275,149.99049837998527
106.30000000000001,150.00402285964216
106.325,150.01754211477416
106.35000000000001,150.0310561473994
106.375,150.0445649595352
106.4,150.05806855319815
106.42500000000001,150.0715669304039
106.45,150.08506009316756
106.47500000000001,150.09854804350323
106.5,150.11203078342447
106.525,150.12550831494377
106.55000000000001,150.13898064007338
106.575,150.152447760824
106.60000000000001,150.16590967920612
106.625,150.1793663972293
106.65,150.1928179169024
106.67500000000001,150.20626424023322
106.7,150.21970536922908
106.72500000000001,150.23314130589657
106.75,150.2465720522412
106.775,150.25999761026787
106.80000000000001,150.27341798198074
106.825,150.2868331693832
106.85000000000001,150.3002431744778
106.875,150.31364799926638
106.9,150.32704764574993
106.92500000000001,150.34044211592874
106.95,150.3538314118024
106.97500000000001,150.3672155353693
107.0,150.3805944886276
107.025,150.3939682735746
107.05000000000001,150.4073368922066
107.075,150.4207003465192
107.10000000000001,150.43405863850717
107.125,150.44741177016473
107.15,150.46075974348514
107.17500000000001,150.4741025604609
107.2,150.4874402230838
107.22500000000001,150.50077273334506
107.25,150.51410009323467
107.275,150.52742230474223
107.30000000000001,150.54073936985625
107.325,150.55405129056481
107.35000000000001,150.56735806885519
107.375,150.58065970671356
107.4,150.59395620612568
107.42500000000001,150.60724756907652
107.45,150.6205337975499
107.47500000000001,150.63381489352946
107.5,150.64709085899753
107.525,150.660361695936
107.55000000000001,150.67362740632586
107.575,150.68688799214755
107.60000000000001,150.70014345538044
107.625,150.7133937980032
107.65,150.72663902199386
107.67500000000001,150.73987912932972
107.7,150.75311412198712
107.72500000000001,150.76634400194186
107.75,150.7795687711688
107.775,150.79278843164207
107.80000000000001,150.80600298533503
107.825,150.81921243422045
107.85000000000001,150.83241678027014
107.875,150.84561602545517
107.9,150.85881017174583
107.92500000000001,150.87199922111188
107.95,150.885183175522
107.97500000000001,150.89836203694443
108.0,150.91153580734627
108.025,150.92470448869406
108.05000000000001,150.93786808295386
108.075,150.95102659209044
108.10000000000001,150.96418001806816
108.125,150.97732836285067
108.15,150.99047162840048
108.17500000000001,151.0036098166798
108.2,151.01674292964967
108.22500000000001,151.02987096927066
108.25,151.04299393750247
108.275,151.0561118363041
108.30000000000001,151.0692246676338
108.325,151.082332433449
108.35000000000001,151.09543513570642
108.375,151.10853277636178
108.4,151.12162535737053
108.42500000000001,151.13471288068706
108.45,151.14779534826496
108.47500000000001,151.16087276205724
108.5,151.17394512401606
108.525,151.1870124360926
108.55000000000001,151.20007470023774
108.575,151.2131319184012
108.60000000000001,151.2261840925324
108.625,151.23923122457967
108.65,151.2522733164905
108.67500000000001,151.26531037021184
108.7,151.27834238768995
108.72500000000001,151.29136937087014
108.75,151.30439132169695
108.775,151.31740824211457
108.80000000000001,151.3304201340659
108.825,151.34342699949343
108.85000000000001,151.35642884033865
108.875,151.36942565854255
108.9,151.3824174560453
108.92500000000001,151.39540423478624
108.95,151.40838599670406
108.97500000000001,151.42136274373652
109.0,151.4343344778208
109.025,151.4473012008934
109.05000000000001,151.46026291488988
109.075,151.47321962174522
109.10000000000001,151.4861713233933
109.125,151.4991180217678
109.15,151.5120597188013
109.17500000000001,151.5249964164258
109.2,151.53792811657232
109.22500000000001,151.55085482117127
109.25,151.56377653215253
109.275,151.57669325144482
109.30000000000001,151.5896049809765
109.325,151.60251172267476
109.35000000000001,151.61541347846656
109.375,151.62831025027762
109.4,151.64120204003333
109.42500000000001,151.65408884965814
109.45,151.66697068107564
109.47500000000001,151.67984753620877
109.5,151.69271941698003
109.525,151.70558632531063
109.55000000000001,151.71844826312156
109.575,151.7313052323326
109.60000000000001,151.7441572348631
109.625,151.7570042726316
109.65,151.76984634755598
109.67500000000001,151.7826834615531
109.7,151.79551561653932
109.72500000000001,151.8083428144302
109.75,151.8211650571405
109.775,151.8339823465845
109.80000000000001,151.84679468467533
109.825,151.85960207332582
109.85000000000001,151.87240451444765
109.875,151.88520200995208
109.9,151.89799456174927
109.92500000000001,151.91078217174893
109.95,151.92356484186024
109.97500000000001,151.9363425739912
110.0,151.9491153700492
110.025,151.961883231941
110.05000000000001,151.97464616157248
110.075,151.98740416084897
110.10000000000001,152.0001572316749
110.125,152.01290537595412
110.15,152.02564859558967
110.17500000000001,152.03838689248377
110.2,152.05112026853794
110.22500000000001,152.063848725653
110.25,152.07657226572908
110.275,152.0892908906653
110.30000000000001,152.1020046023606
110.325,152.1147134027128
110.35000000000001,152.12741729361892
110.375,152.14011627697545
110.4,152.1528103546781
110.42500000000001,152.1654995286218
110.45,152.17818380070088
110.47500000000001,152.19086317280866
110.5,152.20353764683796
110.525,152.21620722468072
110.55000000000001,152.22887190822826
110.575,152.24153169937134
110.60000000000001,152.25418659999968
110.625,152.26683661200238
110.65,152.27948173726764
110.67500000000001,152.29212197768337
110.7,152.30475733513646
110.72500000000001,152.31738781151302
110.75,152.3300134086986
110.775,152.34263412857783
110.80000000000001,152.35524997303466
110.825,152.3678609439524
110.85000000000001,152.38046704321363
110.875,152.3930682727002
110.9,152.40566463429323
110.92500000000001,152.41825612987304
110.95,152.43084276131918
110.97500000000001,152.44342453051073
111.0,152.4560014393259
111.025,152.46857348964204
111.05000000000001,152.48114068333595
111.075,152.49370302228354
111.10000000000001,152.50626050836024
111.125,152.51881314344044
111.15,152.5313609293981
111.17500000000001,152.54390386810627
111.2,152.55644196143749
111.22500000000001,152.56897521126325
111.25,152.58150361945465
111.275,152.59402718788178
111.30000000000001,152.60654591841427
111.325,152.61905981292088
111.35000000000001,152.63156887326966
111.375,152.64407310132793
111.4,152.65657249896233
111.42500000000001,152.66906706803874
111.45,152.68155681042228
111.47500000000001,152.69404172797738
111.5,152.70652182256796
111.525,152.718997096057
111.55000000000001,152.73146755030686
111.575,152.74393318717878
111.60000000000001,152.7563940085339
111.625,152.76885001623208
111.65,152.78130121213292
111.67500000000001,152.79374759809528
111.7,152.80618917597695
111.72500000000001,152.81862594763527
111.75,152.83105791492682
111.775,152.8434850797074
111.80000000000001,152.85590744383188
111.825,152.868325009155
111.85000000000001,152.88073777753038
111.875,152.89314575081087
111.9,152.90554893084888
111.92500000000001,152.91794731949574
111.95,152.9303409186024
111.97500000000001,152.94272973001895
112.0,152.95511375559477
112.025,152.9674929971785
112.05000000000001,152.97986745661825
112.075,152.99223713576123
112.10000000000001,153.00460203645386
112.125,153.01696216054196
112.15,153.0293175098706
112.17500000000001,153.0416680862844
112.2,153.0540138916268
112.22500000000001,153.06635492774095
112.25,153.07869119646892
112.275,153.09102269965246
112.30000000000001,153.1033494391323
112.325,153.1156714167487
112.35000000000001,153.12798863434088
112.375,153.14030109374764
112.4,153.152608796807
112.42500000000001,153.16491174535628
112.45,153.17720994123198
112.47500000000001,153.18950338627002
112.5,153.20179208230545
112.525,153.2140760311728
112.55000000000001,153.22635523470578
112.575,153.23862969473734
112.60000000000001,153.25089941309986
112.625,153.26316439162505
112.65,153.2754246321438
112.67500000000001,153.28768013648616
112.7,153.2999309064818
112.72500000000001,153.31217694395932
112.75,153.32441825074696
112.775,153.33665482867215
112.80000000000001,153.34888667956142
112.825,153.3611138052407
112.85000000000001,153.37333620753543
112.875,153.3855538882701
112.9,153.3977668492685
112.92500000000001,153.40997509235382
112.95,153.42217861934847
112.97500000000001,153.43437743207417
113.0,153.44657153235198
113.025,153.45876092200237
113.05000000000001,153.4709456028447
113.075,153.48312557669797
113.10000000000001,153.49530084538057
113.125,153.5074714107098
113.15,153.5196372745025
113.17500000000001,153.53179843857484
113.2,153.5439549047425
113.22500000000001,153.55610667481974
113.25,153.56825375062084
113.275,153.58039613395903
113.30000000000001,153.59253382664704
113.325,153.60466683049648
113.35000000000001,153.6167951473188
113.375,153.62891877892454
113.4,153.6410377271234
113.42500000000001,153.65315199372446
113.45,153.6652615805362
113.47500000000001,153.67736648936645
113.5,153.68946672202222
113.525,153.70156228030956
113.55000000000001,153.71365316603425
113.575,153.72573938100135
113.60000000000001,153.73782092701484
113.625,153.74989780587833
113.65,153.7619700193948
113.67500000000001,153.77403756936633
113.7,153.78610045759424
113.72500000000001,153.7981586858794
113.75,153.81021225602166
113.775,153.8222611698206
113.80000000000001,153.83430542907485
113.825,153.84634503558237
113.85000000000001,153.85837999114028
113.875,153.87041029754513
113.9,153.88243595659299
113.92500000000001,153.894456970079
113.95,153.9064733397977
113.97500000000001,153.91848506754283
114.0,153.9304921551074
114.025,153.9424946042842
114.05000000000001,153.9544924168647
114.075,153.96648559463983
114.10000000000001,153.97847413939996
114.125,153.99045805293497
114.15,154.0024373370336
114.17500000000001,154.01441199348412
114.2,154.02638202407422
114.22500000000001,154.03834743059062
114.25,154.05030821481972
114.275,154.06226437854684
114.30000000000001,154.07421592355695
114.325,154.086162851634
114.35000000000001,154.09810516456164
114.375,154.11004286412256
114.4,154.1219759520986
114.42500000000001,154.13390443027134
114.45,154.14582830042153
114.47500000000001,154.15774756432901
114.5,154.16966222377323
114.525,154.1815722805327
114.55000000000001,154.1934777363852
114.575,154.2053785931082
114.60000000000001,154.21727485247817
114.625,154.22916651627102
114.65,154.24105358626218
114.67500000000001,154.2529360642259
114.7,154.26481395193593
114.72500000000001,154.27668725116558
114.75,154.28855596368712
114.775,154.30042009127246
114.80000000000001,154.31227963569265
114.825,154.32413459871808
114.85000000000001,154.33598498211845
114.875,154.3478307876628
114.9,154.3596720171194
114.92500000000001,154.37150867225586
114.95,154.38334075483934
114.97500000000001,154.39516826663612
115.0,154.4069912094117
115.025,154.418809584931
115.05000000000001,154.43062339495847
115.075,154.4424326412576
115.10000000000001,154.45423732559124
115.125,154.4660374497215
115.15,154.47783301541017
115.17500000000001,154.48962402441776
115.2,154.50141047850462
115.22500000000001,154.5131923794303
115.25,154.52496972895327
115.275,154.536742528832
115.30000000000001,154.54851078082385
115.325,154.5602744866856
115.35000000000001,154.5720336481735
115.375,154.5837882670426
115.4,154.59553834504806
115.42500000000001,154.60728388394364
115.45,154.6190248854827
115.47500000000001,154.63076135141807
115.5,154.64249328350158
115.525,154.6542206834848
115.55000000000001,154.66594355311835
115.575,154.67766189415215
115.60000000000001,154.6893757083356
115.625,154.70108499741727
115.65,154.7127897631452
115.67500000000001,154.72449000726658
115.7,154.7361857315282
115.72500000000001,154.74787693767593
115.75,154.7595636274549
115.775,154.7712458026099
115.80000000000001,154.7829234648846
115.825,154.7945966160226
115.85000000000001,154.80626525776628
115.875,154.81792939185743
115.9,154.82958902003762
115.92500000000001,154.8412441440471
115.95,154.85289476562576
115.97500000000001,154.8645408865129
116.0,154.8761825084471
116.025,154.88781963316632
116.05000000000001,154.89945226240758
116.075,154.91108039790748
116.10000000000001,154.9227040414019
116.125,154.93432319462596
116.15,154.94593785931414
116.17500000000001,154.9575480372004
116.2,154.9691537300178
116.22500000000001,154.98075493949892
116.25,154.99235166737552
116.275,155.00394391537895
116.30000000000001,155.01553168523938
116.325,155.027114978687
116.35000000000001,155.0386937974506
116.375,155.05026814325907
116.4,155.06183801784013
116.42500000000001,155.07340342292068
116.45,155.08496436022753
116.47500000000001,155.09652083148646
116.5,155.10807283842243
116.525,155.11962038276008
116.55000000000001,155.1311634662233
116.575,155.14270209053504
116.60000000000001,155.15423625741795
116.625,155.16576596859392
116.65,155.1772912257839
116.67500000000001,155.1888120307086
116.7,155.20032838508772
116.72500000000001,155.21184029064062
116.75,155.2233477490855
116.775,155.23485076214035
116.80000000000001,155.2463493315225
116.825,155.25784345894846
116.85000000000001,155.2693331461337
116.875,155.28081839479373
116.9,155.2922992066431
116.92500000000001,155.3037755833957
116.95,155.31524752676467
116.97500000000001,155.32671503846242
117.0,155.33817812020098
117.025,155.34963677369143
117.05000000000001,155.3610910006446
117.075,155.37254080277017
117.10000000000001,155.38398618177737
117.125,155.39542713937468
117.15,155.40686367727028
117.17500000000001,155.4182957971714
117.2,155.42972350078458
117.22500000000001,155.4411467898157
117.25,155.45256566597004
117.275,155.46398013095228
117.30000000000001,155.47539018646634
117.325,155.4867958342157
117.35000000000001,155.49819707590288
117.375,155.5095939132297
117.4,155.52098634789763
117.42500000000001,155.53237438160744
117.45,155.5437580160591
117.47500000000001,155.5551372529519
117.5,155.56651209398456
117.525,155.57788254085511
117.55000000000001,155.5892485952611
117.575,155.60061025889914
117.60000000000001,155.61196753346542
117.625,155.62332042065515
117.65,155.6346689221632
117.67500000000001,155.64601303968377
117.7,155.6573527749104
117.72500000000001,155.66868812953578
117.75,155.68001910525194
117.775,155.6913457037506
117.80000000000001,155.70266792672257
117.825,155.71398577585794
117.85000000000001,155.72529925284633
117.875,155.7366083593765
117.9,155.74791309713694
117.92500000000001,155.75921346781516
117.95,155.7705094730979
117.97500000000001,155.78180111467162
118.0,155.79308839422197
118.025,155.80437131343376
118.05000000000001,155.81564987399145
118.075,155.82692407757875
118.10000000000001,155.83819392587853
118.125,155.84945942057334
118.15,155.86072056334498
118.17500000000001,155.87197735587426
118.2,155.88322979984173
118.22500000000001,155.89447789692713
118.25,155.90572164880965
118.275,155.91696105716787
118.30000000000001,155.92819612367944
118.325,155.93942685002182
118.35000000000001,155.9506532378712
118.375,155.96187528890377
118.4,155.9730930047945
118.42500000000001,155.98430638721817
118.45,155.99551543784867
118.47500000000001,156.0067201583595
118.5,156.01792055042293
118.525,156.02911661571142
118.55000000000001,156.04030835589592
118.575,156.05149577264723
118.60000000000001,156.06267886763564
118.625,156.07385764253047
118.65,156.0850320990004
118.67500000000001,156.09620223871383
118.7,156.10736806333804
118.72500000000001,156.1185295745398
118.75,156.1296867739857
118.775,156.14083966334113
118.80000000000001,156.1519882442708
118.825,156.16313251843908
118.85000000000001,156.17427248750985
118.875,156.1854081531459
118.9,156.19653951700948
118.92500000000001,156.20766658076252
118.95,156.2187893460659
118.97500000000001,156.2299078145801
119.0,156.24102198796493
119.025,156.25213186787965
119.05000000000001,156.26323745598276
119.075,156.27433875393197
119.10000000000001,156.28543576338467
119.125,156.29652848599713
119.15,156.30761692342563
119.17500000000001,156.31870107732513
119.2,156.32978094935052
119.22500000000001,156.3408565411557
119.25,156.35192785439423
119.275,156.36299489071882
119.30000000000001,156.3740576517816
119.325,156.385116139234
119.35000000000001,156.39617035472662
119.375,156.40722029990997
119.4,156.41826597643342
119.42500000000001,156.42930738594598
119.45,156.44034453009584
119.47500000000001,156.4513774105309
119.5,156.46240602889785
119.525,156.4734303868432
119.55000000000001,156.48445048601263
119.575,156.49546632805146
119.60000000000001,156.50647791460386
119.625,156.5174852473139
119.65,156.5284883278246
119.67500000000001,156.53948715777872
119.7,156.55048173881798
119.72500000000001,156.5614720725837
119.75,156.57245816071676
119.775,156.5834400048569
119.80000000000001,156.59441760664365
119.825,156.60539096771575
119.85000000000001,156.6163600897114
119.875,156.62732497426805
119.9,156.63828562302257
119.92500000000001,156.64924203761103
119.95,156.66019421966922
119.97500000000001,156.67114217083193
120.0,156.68208589273368
120.025,156.69302538700808
120.05000000000001,156.7039606552882
120.075,156.7148916992065
120.10000000000001,156.72581852039488
120.125,156.7367411204844
120.15,156.7476595011055
120.17500000000001,156.75857366388823
120.2,156.76948361046195
120.22500000000001,156.78038934245515
120.25,156.79129086149598
120.275,156.80218816921195
120.30000000000001,156.81308126722965
120.325,156.8239701571752
120.35000000000001,156.83485484067427
120.375,156.84573531935172
120.4,156.8566115948317
120.42500000000001,156.86748366873778
120.45,156.87835154269328
120.47500000000001,156.88921521832037
120.5,156.9000746972408
120.525,156.91092998107587
120.55000000000001,156.9217810714459
120.575,156.9326279699709
120.60000000000001,156.94347067826988
120.625,156.9543091979617
120.65,156.96514353066422
120.67500000000001,156.97597367799497
120.7,156.98679964157054
120.72500000000001,156.99762142300722
120.75,157.00843902392032
120.775,157.0192524459249
120.80000000000001,157.03006169063505
120.825,157.04086675966448
120.85000000000001,157.05166765462627
120.875,157.0624643771325
120.9,157.0732569287954
120.92500000000001,157.08404531122562
120.95,157.09482952603406
120.97500000000001,157.1056095748304
121.0,157.11638545922412
121.025,157.12715718082364
121.05000000000001,157.13792474123701
121.075,157.1486881420718
121.10000000000001,157.15944738493477
121.125,157.17020247143196
121.15,157.18095340316893
121.17500000000001,157.19170018175066
121.2,157.2024428087814
121.22500000000001,157.21318128586498
121.25,157.22391561460435
121.275,157.23464579660202
121.30000000000001,157.24537183345984
121.325,157.25609372677897
121.35000000000001,157.26681147815992
121.375,157.27752508920275
121.4,157.28823456150698
121.42500000000001,157.29893989667093
121.45,157.3096410962931
121.47500000000001,157.3203381619708
121.5,157.33103109530109
121.525,157.34171989788
121.55000000000001,157.35240457130323
121.575,157.3630851171661
121.60000000000001,157.37376153706276
121.625,157.38443383258704
121.65,157.39510200533215
121.67500000000001,157.40576605689063
121.7,157.41642598885448
121.72500000000001,157.42708180281508
121.75,157.43773350036324
121.775,157.44838108308895
121.80000000000001,157.45902455258184
121.825,157.46966391043046
121.85000000000001,157.48029915822337
121.875,157.49093029754823
121.9,157.50155732999195
121.92500000000001,157.51218025714118
121.95,157.5227990805814
121.97500000000001,157.53341380189815
122.0,157.5440244226759
122.025,157.5546309444985
122.05000000000001,157.56523336894958
122.075,157.57583169761176
122.10000000000001,157.58642593206727
122.125,157.5970160738975
122.15,157.6076021246834
122.17500000000001,157.61818408600539
122.2,157.62876195944312
122.22500000000001,157.63933574657557
122.25,157.64990544898137
122.275,157.6604710682384
122.30000000000001,157.67103260592378
122.325,157.68159006361432
122.35000000000001,157.69214344288596
122.375,157.70269274531435
122.4,157.71323797247413
122.42500000000001,157.7237791259396
122.45,157.73431620728437
122.47500000000001,157.74484921808127
122.5,157.7553781599031
122.525,157.76590303432118
122.55000000000001,157.77642384290698
122.575,157.78694058723102
122.60000000000001,157.7974532688633
122.625,157.80796188937322
122.65,157.8184664503293
122.67500000000001,157.8289669532999
122.7,157.83946339985258
122.72500000000001,157.8499557915542
122.75,157.8604441299712
122.775,157.87092841666916
122.80000000000001,157.88140865321324
122.825,157.8918848411681
122.85000000000001,157.90235698209753
122.875,157.91282507756486
122.9,157.9232891291328
122.92500000000001,157.9337491383635
122.95,157.94420510681837
122.97500000000001,157.95465703605865
123.0,157.96510492764426
123.025,157.97554878313488
123.05000000000001,157.98598860408984
123.075,157.9964243920675
123.10000000000001,158.00685614862567
123.125,158.0172838753219
123.15,158.0277075737126
123.17500000000001,158.03812724535388
123.2,158.0485428918012
123.22500000000001,158.05895451460972
123.25,158.06936211533363
123.275,158.0797656955264
123.30000000000001,158.0901652581316
123.325,158.10056080525015
123.35000000000001,158.11095233852794
123.375,158.1213398595286
123.4,158.13172336980372
123.42500000000001,158.1421028709027
123.45,158.15247836437416
123.47500000000001,158.16284985176628
123.5,158.17321733462668
123.525,158.18358081450214
123.55000000000001,158.19394029293906
123.575,158.20429577148295
123.60000000000001,158.2146472516791
123.625,158.22499473507193
123.65,158.2353382232054
123.67500000000001,158.24567771762278
123.7,158.25601321986693
123.72500000000001,158.2663447314798
123.75,158.27667225400307
123.775,158.28699578897744
123.80000000000001,158.29731533794347
123.825,158.30763090244082
123.85000000000001,158.3179424840088
123.875,158.32825008418578
123.9,158.33855370450976
123.92500000000001,158.34885334651815
123.95,158.35914901174777
123.97500000000001,158.36944070173476
124.0,158.3797284180145
124.025,158.3900121621224
124.05000000000001,158.40029193559255
124.075,158.41056773995882
124.10000000000001,158.4208395767545
124.125,158.4311074475121
124.15,158.4413713537637
124.17500000000001,158.45163129704076
124.2,158.4618872788741
124.22500000000001,158.47213930079394
124.25,158.4823873643301
124.275,158.49263147101155
124.30000000000001,158.50287162236683
124.325,158.51310781992368
124.35000000000001,158.52334006520962
124.375,158.5335683597513
124.4,158.54379270507482
124.42500000000001,158.55401310270574
124.45,158.5642295541688
124.47500000000001,158.57444206098853
124.5,158.58465062468878
124.525,158.59485524679252
124.55000000000001,158.6050559288225
124.575,158.61525267230076
124.60000000000001,158.62544547874845
124.625,158.63563434968682
124.65,158.64581928663577
124.67500000000001,158.65600029111516
124.7,158.66617736464383
124.72500000000001,158.6763505087406
124.75,158.68651972492296
124.775,158.6966850147085
124.80000000000001,158.7068463796139
124.825,158.7170038211551
124.85000000000001,158.72715734084795
124.875,158.73730694020722
124.9,158.74745262074728
124.92500000000001,158.75759438398208
124.95,158.7677322314246
124.97500000000001,158.77786616458746
125.0,158.78799618498297
125.025,158.79812229412263
125.05000000000001,158.80824449351687
125.075,158.8183627846763
125.10000000000001,158.82847716911058
125.125,158.83858764832883
125.15,158.8486942238396
125.17500000000001,158.85879689715074
125.2,158.86889566976973
125.22500000000001,158.87899054320334
125.25,158.8890815189577
125.275,158.8991685985387
125.30000000000001,158.90925178345114
125.325,158.9193310751995
125.35000000000001,158.9294064752878
125.375,158.93947798521918
125.4,158.94954560649637
125.42500000000001,158.95960934062177
125.45,158.96966918909678
125.47500000000001,158.97972515342232
125.5,158.9897772350989
125.525,158.99982543562604
125.55000000000001,159.00986975650324
125.575,159.01991019922932
125.60000000000001,159.029946765302
125.625,159.03997945621913
125.65,159.05000827347737
125.67500000000001,159.06003321857327
125.7,159.0700542930024
125.72500000000001,159.08007149826003
125.75,159.09008483584094
125.775,159.10009430723903
125.80000000000001,159.11009991394778
125.825,159.12010165746014
125.85000000000001,159.13009953926837
125.875,159.14009356086416
125.9,159.1500837237386
125.92500000000001,159.16007002938233
125.95,159.17005247928535
125.97500000000001,159.1800310749373
126.0,159.1900058178267
126.025,159.19997670944204
126.05000000000001,159.20994375127117
126.075,159.21990694480095
126.10000000000001,159.22986629151802
126.125,159.23982179290837
126.15,159.24977345045738
126.17500000000001,159.25972126564977
126.2,159.26966523997007
126.22500000000001,159.2796053749018
126.25,159.2895416719281
126.275,159.29947413253157
126.30000000000001,159.3094027581941
126.325,159.3193275503972
126.35000000000001,159.32924851062148
126.375,159.33916564034726
126.4,159.3509911904115
126.42500000000001,159.36320602027766
126.45,159.3754715009914
126.47500000000001,159.38773833840614
126.5,159.40000019577283
126.525,159.4122562918953
126.55000000000001,159.4245065337854
126.575,159.4367509125883
126.60000000000001,159.44898942969303
126.625,159.4612220877331
126.65,159.47344888949257
126.67500000000001,159.48566983777246
126.7,159.49788493537451
126.72500000000001,159.51009418509966
126.75,159.5222975897473
126.775,159.53449515211574
126.80000000000001,159.5466868750018
126.825,159.55887276120092
126.85000000000001,159.5710528135073
126.875,159.5832270347137
126.9,159.59539542761163
126.92500000000001,159.6075579949912
126.95,159.61971473964124
126.97500000000001,159.6318656643492
127.0,159.6440107719013
127.025,159.65615006508224
127.05000000000001,159.66828354667544
127.075,159.68041121946322
127.10000000000001,159.69253308622626
127.125,159.7046491497442
127.15,159.7167594127951
127.17500000000001,159.72886387815586
127.2,159.74096254860183
127.22500000000001,159.7530554269071
127.25,159.76514251584467
127.275,159.77722381818592
127.30000000000001,159.7892993367011
127.325,159.80136907415914
127.35000000000001,159.8134330333274
127.375,159.82549121697215
127.4,159.83754362785848
127.42500000000001,159.84959026874958
127.45,159.86163114240776
127.47500000000001,159.87366625159413
127.5,159.88569559906813
127.525,159.89771918758802
127.55000000000001,159.90973701991092
127.575,159.92174909879228
127.60000000000001,159.93375542698647
127.625,159.94575600724644
127.65,159.95775084232383
127.67500000000001,159.969739934969
127.7,159.98172328793115
127.72500000000001,159.99370090395774
127.75,160.00567278579553
127.775,160.01763893618923
127.80000000000001,160.02959935788286
127.825,160.04155405361882
127.85000000000001,160.0535030261381
127.875,160.06544627818064
127.9,160.0773838124851
127.92500000000001,160.08931563178862
127.95,160.10124173882713
127.97500000000001,160.11316213633518
128.0,160.125076827046
128.025,160.13698581369164
128.05,160.14888909900282
128.07500000000002,160.16078668570884
128.1,160.17267857653792
128.125,160.18456477421665
128.15,160.19644528147035
128.175,160.2083201010234
128.20000000000002,160.2201892355984
128.225,160.2320526879172
128.25,160.24391046069982
128.275,160.2557625566653
128.3,160.26760897853111
128.32500000000002,160.27944972901358
128.35,160.29128481082785
128.375,160.3031142266877
128.4,160.31493797930537
128.425,160.32675607139205
128.45000000000002,160.33856850565772
128.475,160.35037528481072
128.5,160.3621764115585
128.525,160.3739718886069
128.55,160.38576171866052
128.57500000000002,160.39754590442277
128.6,160.40932444859564
128.625,160.42109735387993
128.65,160.4328646229752
128.675,160.44462625857943
128.70000000000002,160.4563822633895
128.725,160.46813264010106
128.75,160.4798773914088
128.775,160.4916165200052
128.8,160.5033500285822
128.82500000000002,160.51507791983033
128.85,160.5268001964387
128.875,160.53851686109516
128.9,160.55022791648634
128.925,160.56193336529725
128.95000000000002,160.57363321021222
128.975,160.5853274539138
129.0,160.5970160990834
129.025,160.60869914840129
129.05,160.62037660454635
129.07500000000002,160.6320484701961
129.1,160.64371474802684
129.125,160.65537544071364
129.15,160.66703055093026
129.175,160.67868008134909
129.20000000000002,160.69032403464155
129.225,160.70196241347722
129.25,160.71359522052478
129.275,160.72522245845167
129.3,160.736844129924
129.32500000000002,160.74846023760665
129.35,160.76007078416282
129.375,160.771675772255
129.4,160.78327520454425
129.425,160.7948690836901
129.45000000000002,160.80645741235097
129.475,160.81804019318403
129.5,160.82961742884527
129.525,160.84118912198932
129.55,160.8527552752693
129.57500000000002,160.86431589133747
129.6,160.8758709728445
129.625,160.88742052244007
129.65,160.89896454277218
129.675,160.9105030364882
129.70000000000002,160.92203600623364
129.725,160.93356345465298
129.75,160.9450853843893
129.775,160.95660179808473
129.8,160.9681126983798
129.82500000000002,160.97961808791416
129.85,160.99111796932553
129.875,161.0026123452511
129.9,161.0141012183265
129.925,161.02558459118583
129.95000000000002,161.0370624664624
129.975,161.04853484678793
130.0,161.06000173479325
130.025,161.07146313310724
130.05,161.0829190443581
130.07500000000002,161.09436947117294
130.1,161.1058144161768
130.125,161.11725388199426
130.15,161.1286878712483
130.175,161.1401163865609
130.20000000000002,161.15153943055196
130.225,161.1629570058413
130.25,161.17436911504686
130.275,161.18577576078513
130.3,161.19717694567183
130.32500000000002,161.20857267232105
130.35,161.21996294334605
130.375,161.23134776135842
130.4,161.24272712896865
130.425,161.254101048786
130.45000000000002,161.26546952341837
130.475,161.27683255547245
130.5,161.28819014755385
130.525,161.299542302267
130.55,161.31088902221458
130.57500000000002,161.32223030999847
130.6,161.33356616821948
130.625,161.3448965994766
130.65,161.3562216063679
130.675,161.3675411914901
130.70000000000002,161.37885535743868
130.725,161.3901641068081
130.75,161.4014674421914
130.775,161.41276536618037
130.8,161.42405788136557
130.82500000000002,161.43534499033623
130.85,161.44662669568058
130.875,161.45790299998552
130.9,161.46917390583653
130.925,161.48043941581813
130.95000000000002,161.49169953251325
130.975,161.50295425850385
131.0,161.51420359637083
131.025,161.5254475486934
131.05,161.53668611804972
131.07500000000002,161.54791930701697
131.1,161.55914711817064
131.125,161.57036955408537
131.15,161.58158661733452
131.175,161.59279831048988
131.20000000000002,161.6040046361225
131.225,161.6152055968018
131.25,161.62640119509607
131.275,161.6375914335726
131.3,161.64877631479732
131.32500000000002,161.65995584133464
131.35,161.671130015748
131.375,161.68229884059977
131.4,161.69346231845083
131.425,161.7046204518609
131.45000000000002,161.71577324338858
131.475,161.72692069559108
131.5,161.7380628110245
131.525,161.74919959224383
131.55,161.7603310418024
131.57500000000002,161.77145716225274
131.6,161.78257795614627
131.625,161.7936934260326
131.65,161.8048035744608
131.675,161.81590840397806
131.70000000000002,161.82700791713097
131.725,161.83810211646454
131.75,161.84919100452245
131.775,161.86027458384768
131.8,161.87135285698133
131.82500000000002,161.88242582646376
131.85,161.89349349483405
131.875,161.90455586462977
131.9,161.9156129383875
131.925,161.92666471864285
131.95000000000002,161.93771120792982
131.975,161.9487524087813
132.0,161.95978832372896
132.025,161.97081895530334
132.05,161.98184430603385
132.07500000000002,161.9928643784484
132.1,162.00387917507376
132.125,162.01488869843595
132.15,162.02589295105915
132.175,162.0368919354667
132.20000000000002,162.04788565418067
132.225,162.0588741097218
132.25,162.06985730460963
132.275,162.08083524136273
132.3,162.0918079224982
132.32500000000002,162.10277535053208
132.35,162.11373752797942
132.375,162.12469445735334
132.4,162.13564614116657
132.425,162.14659258193038
132.45000000000002,162.15753378215445
132.475,162.16846974434782
132.5,162.17940047101771
132.525,162.19032596467088
132.55,162.20124622781242
132.57500000000002,162.21216126294635
132.6,162.22307107257524
132.625,162.2339756592008
132.65,162.24487502532352
132.675,162.25576917344245
132.70000000000002,162.26665810605573
132.725,162.27754182565997
132.75,162.2884203347509
132.775,162.299293635823
132.8,162.3101617313696
132.82500000000002,162.32102462388255
132.85,162.33188231585254
132.875,162.34273480976927
132.9,162.35358210812134
132.925,162.36442421339592
132.95000000000002,162.37526112807913
132.975,162.3860928546557
133.0,162.39691939560947
133.025,162.4077407534227
133.05,162.41855693057693
133.07500000000002,162.4293679295524
133.1,162.4401737528278
133.125,162.4509744028809
133.15,162.46176988218832
133.175,162.47256019322555
133.20000000000002,162.48334533846648
133.225,162.49412532038434
133.25,162.50490014145097
133.275,162.5156698041369
133.3,162.5264343109117
133.32500000000002,162.53719366424363
133.35,162.54794786659954
133.375,162.5586969204455
133.4,162.5694408282463
133.425,162.58017959246558
133.45000000000002,162.59091321556554
133.475,162.60164170000738
133.5,162.61236504825118
133.525,162.62308326275567
133.55,162.6337963459787
133.57500000000002,162.64450430037684
133.6,162.65520712840515
133.625,162.6659048325179
133.65,162.67659741516783
133.675,162.68728487880688
133.70000000000002,162.69796722588563
133.725,162.70864445885354
133.75,162.71931658015887
133.775,162.72998359224883
133.8,162.74064549756923
133.82500000000002,162.75130229856464
133.85,162.76195399767883
133.875,162.77260059735428
133.9,162.7832421000321
133.925,162.79387850815243
133.95000000000002,162.80450982415428
133.975,162.8151360504752
134.0,162.82575718955178
134.025,162.83637324381954
134.05,162.84698421571255
134.07500000000002,162.85759010766395
134.1,162.86819092210555
134.125,162.87878666146838
134.15,162.8893773281818
134.175,162.89996292467433
134.20000000000002,162.91054345337318
134.225,162.92111891670436
134.25,162.93168931709303
134.275,162.94225465696266
134.3,162.95281493873625
134.32500000000002,162.96337016483488
134.35,162.97392033767903
134.375,162.98446545968784
134.4,162.9950055332792
134.425,163.00554056086992
134.45000000000002,163.01607054487576
134.475,163.0265954877111
134.5,163.03711539178948
134.525,163.04763025952286
134.55,163.05814009332244
134.57500000000002,163.0686448955979
134.6,163.07914466875815
134.625,163.08963941521074
134.65,163.10012913736207
134.675,163.11061383761762
134.70000000000002,163.12109351838123
134.725,163.13156818205593
134.75,163.14203783104358
134.775,163.15250246774485
134.8,163.16296209455922
134.82500000000002,163.17341671388502
134.85,163.18386632811982
134.875,163.19431093965926
134.9,163.20475055089844
134.925,163.2151851642312
134.95000000000002,163.22561478205017
134.975,163.23603940674673
135.0,163.24645904071122
135.025,163.25687368633308
135.05,163.26728334600008
135.07500000000002,163.27768802209928
135.1,163.28808771701645
135.125,163.29848243313617
135.15,163.30887217284206
135.175,163.31925693851628
135.20000000000002,163.3296367325402
135.225,163.3400115572939
135.25,163.3503814151562
135.275,163.36074630850504
135.3,163.37110623971685
135.32500000000002,163.38146121116736
135.35,163.39181122523098
135.375,163.40215628428072
135.4,163.4124963906888
135.425,163.42283154682605
135.45000000000002,163.43316175506254
135.475,163.4434870177669
135.5,163.45380733730667
135.525,163.46412271604825
135.55,163.4744331563569
135.57500000000002,163.4847386605967
135.6,163.49503923113093
135.625,163.50533487032138
135.65,163.51562558052902
135.675,163.52591136411326
135.70000000000002,163.53619222343275
135.725,163.54646816084465
135.75,163.55673917870553
135.775,163.56700527937033
135.8,163.5772664651931
135.82500000000002,163.58752273852664
135.85,163.59777410172265
135.875,163.6080205571319
135.9,163.618262107104
135.925,163.62849875398723
135.95000000000002,163.63873050012873
135.975,163.6489573478746
136.0,163.65917929956987
136.025,163.66939635755853
136.05,163.67960852418324
136.07500000000002,163.68981580178578
136.1,163.70001819270652
136.125,163.71021569928484
136.15,163.72040832385906
136.175,163.7305960687663
136.20000000000002,163.7407789363428
136.225,163.7509569289233
136.25,163.76113004884155
136.275,163.77129829843034
136.3,163.78146168002132
136.32500000000002,163.79162019594472
136.35,163.80177384853
136.375,163.81192264010537
136.4,163.82206657299795
136.425,163.8322056495336
136.45000000000002,163.84233987203746
136.475,163.85246924283308
136.5,163.86259376424314
136.525,163.8727134385893
136.55,163.88282826819193
136.57500000000002,163.89293825537024
136.6,163.90304340244253
136.625,163.91314371172592
136.65,163.92323918553646
136.675,163.93332982618884
136.70000000000002,163.94341563599687
136.725,163.95349661727332
136.75,163.96357277232983
136.775,163.9736441034766
136.8,163.98371061302325
136.82500000000002,163.99377230327798
136.85,164.00382917654755
136.875,164.01388123513857
136.9,164.02392848135557
136.925,164.03397091750244
136.95000000000002,164.04400854588204
136.975,164.0540413687957
137.0,164.0640693885442
137.025,164.0740926074269
137.05,164.08411102774204
137.07500000000002,164.0941246517868
137.1,164.10413348185756
137.125,164.11413752024907
137.15,164.12413676925536
137.175,164.13413123116928
137.20000000000002,164.1441209082825
137.225,164.1541058028856
137.25,164.16408591726832
137.275,164.17406125371878
137.3,164.18403181452467
137.32500000000002,164.19399760197177
137.35,164.20395861834547
137.375,164.2139148659299
137.4,164.22386634700794
137.425,164.23381306386156
137.45000000000002,164.24375501877137
137.475,164.2536922140173
137.5,164.26362465187756
137.525,164.27355233462984
137.55,164.28347526455073
137.57500000000002,164.29339344391514
137.6,164.30330687499784
137.625,164.31321556007168
137.65,164.3231195014087
137.675,164.33301870127983
137.70000000000002,164.342913161955
137.725,164.35280288570303
137.75,164.36268787479156
137.775,164.37256813148744
137.8,164.38244365805593
137.82500000000002,164.3923144567615
137.85,164.40218052986774
137.875,164.4120418796368
137.9,164.4218985083299
137.925,164.4317504182072
137.95000000000002,164.4415976115276
137.975,164.45144009054908
138.0,164.46127785752873
138.025,164.47111091472203
138.05,164.48093926438392
138.07500000000002,164.49076290876792
138.1,164.5005818501268
138.125,164.5103960907118
138.15,164.52020563277327
138.175,164.53001047856088
138.20000000000002,164.53981063032256
138.225,164.54960609030567
138.25,164.55939686075615
138.275,164.56918294391895
138.3,164.57896434203812
138.32500000000002,164.5887410573566
138.35,164.5985130921163
138.375,164.60828044855774
138.4,164.6180431289205
138.425,164.62780113544335
138.45000000000002,164.63755447036385
138.475,164.64730313591835
138.5,164.6570471343422
138.525,164.66678646786966
138.55,164.67652113873396
138.57500000000002,164.68625114916716
138.6,164.69597650140057
138.625,164.70569719766397
138.65,164.71541324018662
138.675,164.7251246311962
138.70000000000002,164.73483137291956
138.725,164.74453346758256
138.75,164.75423091740961
138.775,164.7639237246245
138.8,164.77361189144995
138.82500000000002,164.78329542010724
138.85,164.79297431281682
138.875,164.80264857179796
138.9,164.8123181992692
138.925,164.82198319744774
138.95000000000002,164.83164356854968
138.975,164.8412993147902
139.0,164.85095043838348
139.025,164.86059694154227
139.05,164.8702388264787
139.07500000000002,164.87987609540357
139.1,164.8895087505267
139.125,164.89913679405677
139.15,164.90876022820163
139.175,164.91837905516797
139.20000000000002,164.92799327716128
139.225,164.93760289638618
139.25,164.94720791504608
139.275,164.95680833534354
139.3,164.96640415947968
139.32500000000002,164.9759953896551
139.35,164.985582028069
139.375,164.99516407691954
139.4,165.00474153840378
139.425,165.01431441471811
139.45000000000002,165.0238827080573
139.475,165.0334464206156
139.5,165.04300555458573
139.525,165.05256011215988
139.55,165.06211009552865
139.57500000000002,165.0716555068819
139.6,165.08119634840858
139.625,165.09073262229631
139.65,165.10026433073168
139.675,165.1097914759003
139.70000000000002,165.11931405998698
139.725,165.12883208517505
139.75,165.1383455536469
139.775,165.1478544675842
139.8,165.15735882916732
139.82500000000002,165.1668586405753
139.85,165.17635390398675
139.875,165.18584462157895
139.9,165.19533079552798
139.925,165.20481242800906
139.95000000000002,165.21428952119658
139.975,165.22376207726336
140.0,165.2332300983813
140.025,165.24269358672183
140.05,165.2521525444549
140.07500000000002,165.2616069737492
140.1,165.2710568767727
140.125,165.28050225569223
140.15,165.2899431126737
140.175,165.29937944988194
140.20000000000002,165.30881126948063
140.225,165.31823857363258
140.25,165.32766136449942
140.275,165.3370796442417
140.3,165.3464934150192
140.32500000000002,165.35590267899053
140.35,165.36530743831298
140.375,165.37470769514331
140.4,165.3841034516369
140.425,165.39349470994821
140.45000000000002,165.4028814722307
140.475,165.4122637406367
140.5,165.42164151731745
140.525,165.43101480442368
140.55,165.44038360410443
140.57500000000002,165.4497479185078
140.6,165.45910774978128
140.625,165.46846310007112
140.65,165.4778139715222
140.675,165.48716036627894
140.70000000000002,165.49650228648449
140.725,165.50583973428084
140.75,165.51517271180916
140.775,165.52450122120936
140.8,165.5338252646206
140.82500000000002,165.54314484418097
140.85,165.5524599620273
140.875,165.56177062029568
140.9,165.57107682112095
140.925,165.58037856663708
140.95000000000002,165.5896758589768
140.975,165.59896870027222
141.0,165.60825709265407
141.025,165.61754103825226
141.05,165.62682053919556
141.07500000000002,165.63609559761187
141.1,165.64536621562777
141.125,165.654632395369
141.15,165.6638941389605
141.175,165.673151448526
141.20000000000002,165.682404326188
141.225,165.69165277406844
141.25,165.7008967942878
141.275,165.71013638896582
141.3,165.71937156022116
141.32500000000002,165.72860231017134
141.35,165.73782864093312
141.375,165.74705055462204
141.4,165.75626805335278
141.425,165.76548113923877
141.45000000000002,165.77468981439267
141.475,165.783894080926
141.5,165.79309394094952
141.525,165.8022893965725
141.55,165.81148044990346
141.57500000000002,165.82066710305008
141.6,165.8298493581187
141.625,165.83902721721503
141.65,165.84820068244352
141.675,165.85736975590746
141.70000000000002,165.86653443970943
141.725,165.875694735951
141.75,165.88485064673262
141.775,165.8940021741536
141.8,165.90314932031262
141.82500000000002,165.91229208730678
141.85,165.92143047723286
141.875,165.93056449218608
141.9,165.939694134261
141.925,165.94881940555103
141.95000000000002,165.9579403081487
141.975,165.96705684414528
142.0,165.9761690156313
142.025,165.98527682469623
142.05,165.9943802734284
142.07500000000002,166.00347936391518
142.1,166.0125740982433
142.125,166.02166447849785
142.15,166.03075050676335
142.175,166.03983218512334
142.20000000000002,166.04890951566023
142.225,166.0579825004555
142.25,166.06705114158947
142.275,166.0761154411416
142.3,166.0851754011904
142.32500000000002,166.09423102381356
142.35,166.10328231108727
142.375,166.11232926508703
142.4,166.12137188788722
142.425,166.13041018156147
142.45000000000002,166.13944414818232
142.475,166.14847378982117
142.5,166.15749910854848
142.525,166.1665201064339
142.55,166.175536785546
142.57500000000002,166.1845491479522
142.6,166.193557195719
142.625,166.20256093091203
142.65,166.21156035559596
142.675,166.22055547183433
142.70000000000002,166.22954628168978
142.725,166.23853278722373
142.75,166.24751499049674
142.775,166.25649289356863
142.8,166.26546649849809
142.82500000000002,166.27443580734257
142.85,166.2834008221588
142.875,166.2923615450025
142.9,166.3013179779285
142.925,166.31027012299032
142.95000000000002,166.31921798224081
142.975,166.3281615577318
143.0,166.3371008515139
143.025,166.34603586563705
143.05,166.3549666021499
143.07500000000002,166.3638930631005
143.1,166.37281525053555
143.125,166.38173316650094
143.15,166.3906468130417
143.175,166.39955619220152
143.20000000000002,166.4084613060234
143.225,166.41736215654942
143.25,166.4262587458205
143.275,166.43515107587666
143.3,166.44403914875673
143.32500000000002,166.45292296649885
143.35,166.46180253114028
143.375,166.47067784471693
143.4,166.47954890926397
143.425,166.48841572681556
143.45000000000002,166.49727829940508
143.475,166.5061366290645
143.5,166.51499071782516
143.525,166.52384056771712
143.55,166.5326861807698
143.57500000000002,166.54152755901146
143.6,166.5503647044697
143.625,166.55919761917056
143.65,166.56802630513948
143.675,166.57685076440106
143.70000000000002,166.58567099897869
143.725,166.59448701089494
143.75,166.6032988021711
143.775,166.61210637482787
143.8,166.62090973088496
143.82500000000002,166.62970887236074
143.85,166.6385038012731
143.875,166.6472945196388
143.9,166.6560810294733
143.925,166.66486333279155
143.95000000000002,166.67364143160708
143.975,166.682415327933
144.0,166.69118502378123
144.025,166.6999505211626
144.05,166.70871182208688
144.07500000000002,166.71746892856328
144.1,166.7262218425997
144.125,166.7349705662033
144.15,166.74371510137993
144.175,166.75245545013493
144.20000000000002,166.76119161447252
144.225,166.7699235963958
144.25,166.7786513979072
144.275,166.7873750210079
144.3,166.7960944676982
144.32500000000002,166.8048097399777
144.35,166.8135208398446
144.375,166.8222277692965
144.4,166.83093053032982
144.425,166.8396291249401
144.45000000000002,166.84832355512205
144.475,166.85701382286925
144.5,166.8656999301744
144.525,166.87438187902933
144.55,166.8830596714247
144.57500000000002,166.89173330935034
144.6,166.90040279479518
144.625,166.90906812974723
144.65,166.9177293161932
144.675,166.92638635611954
144.70000000000002,166.93503925151123
144.725,166.9436880043522
144.75,166.9523326166257
144.775,166.96097309031396
144.8,166.96960942739815
144.82500000000002,166.97824162985864
144.85,166.9868696996752
144.875,166.9954936388258
144.9,167.00411344928807
144.925,167.01272913303865
144.95000000000002,167.0213406920531
144.975,167.029948128306
145.0,167.03855144377104
145.025,167.04715064042094
145.05,167.0557457202276
145.07500000000002,167.06433668516198
145.1,167.07292353719387
145.125,167.0815062782923
145.15,167.0900849104254
145.175,167.09865943556017
145.20000000000002,167.1072298556627
145.225,167.1157961726983
145.25,167.12435838863135
145.275,167.13291650542504
145.3,167.14147052504185
145.32500000000002,167.15002044944296
145.35,167.15856628058927
145.375,167.16710802044014
145.4,167.17564567095425
145.425,167.18417923408956
145.45000000000002,167.19276827516157
145.475,167.20148919744437
145.5,167.2103569366176
145.525,167.21937354156586
145.55,167.22853921122734
145.57500000000002,167.2378539076408
145.6,167.2473175636138
145.625,167.25693010841405
145.65,167.2666914709076
145.675,167.2766015799419
145.70000000000002,167.28666036439253
145.725,167.29686775316807
145.75,167.30722367521133
145.775,167.31772805949927
145.8,167.32838083504282
145.82500000000002,167.33918193088715
145.85,167.35013127611154
145.875,167.36122879982926
145.9,167.3724744311877
145.925,167.38386809936802
145.95000000000002,167.39540973358572
145.975,167.40709926309026
146.0,167.41893661716503
146.025,167.43092172512743
146.05,167.44305451632852
146.07500000000002,167.45533492015375
146.1,167.46776286602253
146.125,167.4803382833875
146.15,167.4930611017359
146.175,167.50593125058862
146.20000000000002,167.51894865950035
146.225,167.53211325805944
146.25,167.5454249758886
146.275,167.55888374264396
146.3,167.57248948801538
146.32500000000002,167.58624214172673
146.35,167.60014163353534
146.375,167.61418789323284
146.4,167.628380850644
146.425,167.64272043562752
146.45000000000002,167.65720657807583
146.475,167.6718392079153
146.5,167.68661825510532
146.525,167.7015436496396
146.55,167.7166153215451
146.57500000000002,167.73183320088248
146.6,167.74719721774605
146.625,167.7627073022635
146.65,167.77836338459662
146.675,167.79416539494
146.70000000000002,167.81011326352234
146.725,167.82620692060556
146.75,167.84244629648552
146.775,167.8588313214908
146.8,167.8753619259841
146.82500000000002,167.89203804036168
146.85,167.9088595950527
146.875,167.92582652051982
146.9,167.9429387472595
146.925,167.9601962058014
146.95000000000002,167.97759882670834
146.975,167.99514654057668
147.0,168.01283927803638
147.025,168.0306769697504
147.05,168.04865954641505
147.07500000000002,168.06678693875995
147.1,168.08505907754818
147.125,168.1034758935759
147.15,168.12203731767224
147.175,168.14074328070038
147.20000000000002,168.159593713556
147.225,168.1785885471683
147.25,168.19772771249944
147.275,168.21701114054494
147.3,168.23643876233342
147.32500000000002,168.2560105089268
147.35,168.27572631141976
147.375,168.2955861009404
147.4,168.31558980864986
147.425,168.33573736574218
147.45000000000002,168.35602870344465
147.475,168.37646375301756
147.5,168.3970424457542
147.525,168.4177647129808
147.55,168.43863048605658
147.57500000000002,168.459639696374
147.6,168.48079227535834
147.625,168.5020881544676
147.65,168.52352726519308
147.675,168.54510953905876
147.70000000000002,168.5668349076215
147.725,168.58870330247132
147.75,168.61071465523088
147.775,168.63286889755582
147.8,168.65516596113446
147.82500000000002,168.67760577768797
147.85,168.7001882789705
147.875,168.72291339676894
147.9,168.74578106290284
147.925,168.76879120922447
147.95000000000002,168.79194376761905
147.975,168.81523867000422
148.0,168.83867584833095
148.025,168.86225523458208
148.05,168.88597676077364
148.07500000000002,168.90984035895457
148.1,168.93384596120592
148.125,168.95799349964165
148.15,168.98228290640816
148.175,169.0067141136847
148.20000000000002,169.03128705368292
148.225,169.05600165864712
148.25,169.08085786085414
148.275,169.1058555926134
148.3,169.13099478626654
148.32500000000002,169.1562753741883
148.35,169.18169728878547
148.375,169.20726046249754
148.4,169.23296482779648
148.425,169.25881031718643
148.45000000000002,169.2847968632044
148.475,169.3109243984193
148.5,169.33719285543285
148.525,169.36360216687893
148.55,169.39015226542404
148.57500000000002,169.42446907157642
148.6,169.46036842021618
148.625,169.49647392465695
148.65,169.5325852998927
148.675,169.56867680608588
148.70000000000002,169.604745273623
148.725,169.64079032863526
148.75,169.67681193901095
148.775,169.7128101142445
148.8,169.74878486888187
148.82500000000002,169.78473621807473
148.85,169.82066417703948
148.875,169.85656876099154
148.9,169.89244998513777
148.925,169.92830786467542
148.95000000000002,169.96414241479144
148.975,169.99995365066317
149.0,170.03574158745812
149.025,170.07150624033403
149.05,170.1072476244384
149.07500000000002,170.14296575490906
149.1,170.17866064687414
149.125,170.21433231545186
149.15,170.2499807757503
149.175,170.28560604286818
149.20000000000002,170.32120813189417
149.225,170.35678705790693
149.25,170.39234283597568
149.275,170.42787548115956
149.3,170.46338500850828
149.32500000000002,170.49887143306137
149.35,170.53433476984893
149.375,170.56977503389083
149.4,170.60519224019745
149.425,170.64058640376928
149.45000000000002,170.67595753959728
149.475,170.71130566266257
149.5,170.74663078793623
149.525,170.78193293038018
149.55,170.81721210494598
149.57500000000002,170.85246832657606
149.6,170.8877016102025
149.625,170.92291197074826
149.65,170.95809942312627
149.675,170.99326398223968
149.70000000000002,171.02840566298224
149.725,171.06352448023785
149.75,171.09862044888055
149.775,171.13369358377497
149.8,171.16874389977616
149.82500000000002,171.2037714117291
149.85,171.2387761344694
149.875,171.27375808282304
149.9,171.30871727160616
149.925,171.34365371562555
149.95000000000002,171.37856742967813
149.975,171.4134584285511
150.0,171.44832672702256
150.025,171.48317233986043
150.05,171.51799528182343
150.07500000000002,171.55279556766013
150.1,171.58757321211013
150.125,171.62232822990316
150.15,171.65706063575928
150.175,171.6917704443892
150.20000000000002,171.72645767049403
150.225,171.76112232876503
150.25,171.79576443388416
150.275,171.83038400052365
150.3,171.86498104334657
150.32500000000002,171.8995555770061
150.35,171.93410761614592
150.375,171.96863717540015
150.4,172.00314426939366
150.425,172.0376289127416
150.45000000000002,172.07209112004952
150.475,172.10653090591356
150.5,172.1409482849206
150.525,172.17534327164765
150.55,172.20971588066254
150.57500000000002,172.24406612652353
150.6,172.2783940237792
150.625,172.31269958696905
150.65,172.34698283062278
150.675,172.381243769261
150.70000000000002,172.41548241739437
150.725,172.44969878952446
150.75,172.48389290014325
150.775,172.5180647637335
150.8,172.55221439476855
150.82500000000002,172.5863418077121
150.85,172.6204470170185
150.875,172.65453003713276
150.9,172.6885908824906
150.925,172.72262956751788
150.95000000000002,172.7566461066319
150.975,172.79064051423993
151.0,172.82461280473984
151.025,172.85856299252052
151.05,172.8924910919612
151.07500000000002,172.92639711743195
151.1,172.96028108329347
151.125,172.99414300389702
151.15,173.02798289358444
151.175,173.06180076668855
151.20000000000002,173.09559663753262
151.225,173.1293705204307
151.25,173.16312242968743
151.275,173.1968523795981
151.3,173.23056038444884
151.32500000000002,173.26424645851645
151.35,173.29791061606844
151.375,173.33155287136307
151.4,173.36517323864922
151.425,173.39877173216678
151.45000000000002,173.432348366146
151.475,173.46590315480805
151.5,173.49943611236472
151.525,173.53294725301873
151.55,173.5664365909636
151.57500000000002,173.59990414038356
151.6,173.6333499154534
151.625,173.666773930339
151.65,173.7001761991967
151.675,173.733556736174
151.70000000000002,173.76691555540913
151.725,173.80025267103088
151.75,173.83356809715895
151.775,173.8668618479039
151.8,173.90013393736683
151.82500000000002,173.93338437964042
151.85,173.9666131888075
151.875,173.99982037894173
151.9,174.03300596410799
151.925,174.066169958362
151.95000000000002,174.09931237574997
151.975,174.13243323030923
152.0,174.16553253606793
152.025,174.19861030704516
152.05,174.2316665572508
152.07500000000002,174.26470130068554
152.1,174.29771455134116
152.125,174.33070632320008
152.15,174.36367663023609
152.175,174.39662548641323
152.20000000000002,174.42955290568707
152.225,174.46245890200376
152.25,174.49534348930052
152.275,174.5282066815055
152.3,174.56104849253748
152.32500000000002,174.5938689363068
152.35,174.62666802671407
152.375,174.65944577765146
152.4,174.6922022030016
152.425,174.72493731663832
152.45000000000002,174.75765113242653
152.475,174.790343664222
152.5,174.8230149258714
152.525,174.8556649312126
152.55,174.8882936940744
152.57500000000002,174.92090122827645
152.6,174.95348754762946
152.625,174.9860526659354
152.65,175.01859659698712
152.675,175.05111935456807
152.70000000000002,175.0836209524535
152.725,175.11610140440922
152.75,175.1485607241921
152.775,175.18099892555034
152.8,175.21341602222273
152.82500000000002,175.2458120279398
152.85,175.27818695642245
152.875,175.31054082138283
152.9,175.34287363652462
152.925,175.37518541554203
152.95000000000002,175.40747617212074
152.975,175.43974591993717
153.0,175.47199467265924
153.025,175.50422244394576
153.05,175.53642924744645
153.07500000000002,175.5686150968026
153.1,175.6007800056464
153.125,175.63292398760126
153.15,175.66504705628157
153.175,175.69714922529286
153.20000000000002,175.72923050823198
153.225,175.76129091868685
153.25,175.79333047023647
153.275,175.82534917645117
153.3,175.85734705089234
153.32500000000002,175.88932410711246
153.35,175.9212803586556
153.375,175.95321581905662
153.4,175.98513050184147
153.425,176.01702442052758
153.45000000000002,176.04889758862387
153.475,176.08075001962987
153.5,176.11258172703646
153.525,176.14439272432617
153.55,176.17618302497226
153.57500000000002,176.20795264243932
153.60000000000002,176.23970159018347
153.625,176.2714298816519
153.65,176.3031375302829
153.675,176.33482454950615
153.70000000000002,176.36649095274294
153.72500000000002,176.39813675340517
153.75,176.42976196489641
153.775,176.4613666006116
153.8,176.49295067393663
153.82500000000002,176.52451419824888
153.85000000000002,176.556057186917
153.875,176.58757965330113
153.9,176.61908161075243
153.925,176.6505630726134
153.95000000000002,176.68202405221808
153.97500000000002,176.7134645628915
154.0,176.7448846179504
154.025,176.77628423070266
154.05,176.8076634144476
154.07500000000002,176.83902218247573
154.10000000000002,176.87036054806904
154.125,176.90167852450085
154.15,176.9329761250358
154.175,176.96425336292978
154.20000000000002,176.99551025143043
154.22500000000002,177.02674680377655
154.25,177.05796303319818
154.275,177.08915895291705
154.3,177.12033457614598
154.32500000000002,177.15148991608967
154.35000000000002,177.18262498594365
154.375,177.2137397988952
154.4,177.24483436812315
154.425,177.2759087067974
154.45000000000002,177.3069628280794
154.47500000000002,177.33799674512224
154.5,177.3690104710701
154.525,177.40000401905908
154.55,177.43097740221623
154.57500000000002,177.46193063366027
154.60000000000002,177.4928637265017
154.625,177.52377669384185
154.65,177.55466954877406
154.675,177.58554230438315
154.70000000000002,177.616394973745
154.72500000000002,177.64722756992734
154.75,177.6780401059892
154.775,177.70883259498132
154.8,177.7396050499459
154.82500000000002,177.77035748391646
154.85000000000002,177.80108990991826
154.875,177.8318023409678
154.9,177.86249479007375
154.925,177.89316727023555
154.95000000000002,177.92381979444454
154.97500000000002,177.9544523756837
155.0,177.98506502692746
155.025,178.0156577611418
155.05,178.04623059128414
155.07500000000002,178.07678353030377
155.10000000000002,178.10731659114123
155.125,178.1378297867288
155.15,178.16832312999043
155.175,178.19879663384157
155.20000000000002,178.22925031118936
155.22500000000002,178.2596841749325
155.25,178.29009823796105
155.275,178.32049251315715
155.3,178.3508670133941
155.32500000000002,178.38122175153714
155.35000000000002,178.41155674044296
155.375,178.44187199296005
155.4,178.4721675219283
155.425,178.50244334017952
155.45000000000002,178.53269946053697
155.47500000000002,178.56293589581577
155.5,178.59315265882242
155.525,178.62334976235547
155.55,178.6535272192047
155.57500000000002,178.68368504215195
155.60000000000002,178.71382324397058
155.625,178.74394183742567
155.65,178.7740408352738
155.675,178.80412025026342
155.70000000000002,178.83418009513503
155.72500000000002,178.86422038262026
155.75,178.8942411254427
155.775,178.9242423363178
155.8,178.95422402795253
155.82500000000002,178.98418621304592
155.85000000000002,179.0141289042882
155.875,179.04405211436165
155.9,179.0739558559403
155.925,179.10384014169014
155.95000000000002,179.13370498426852
155.97500000000002,179.1635503963248
156.0,179.19337639050002
156.025,179.22318297942692
156.05,179.25297017573033
156.07500000000002,179.2827379920267
156.10000000000002,179.3124864409239
156.125,179.34221553502226
156.15,179.37192528691352
156.175,179.4016157091811
156.20000000000002,179.4312868144007
156.22500000000002,179.46093861513955
156.25,179.4905711239567
156.275,179.5201843534028
156.3,179.54977831602093
156.32500000000002,179.57935302434578
156.35000000000002,179.60890849090342
156.375,179.63844472821242
156.4,179.6679617487826
156.425,179.69745956511636
156.45000000000002,179.7269381897073
156.47500000000002,179.7563976350413
156.5,179.785837913596
156.525,179.8152590378409
156.55,179.844661020237
156.57500000000002,179.87404387323812
156.60000000000002,179.90340760928913
156.625,179.93275224082717
156.65,179.96207778028136
156.675,179.9913842400726
156.70000000000002,180.0206716326136
156.72500000000002,180.0499399703094
156.75,180.07918926555652
156.775,180.1084195307435
156.8,180.13763077825087
156.82500000000002,180.1668230204512
156.85000000000002,180.1959962697091
156.875,180.22515053838094
156.9,180.25428583881495
156.925,180.2834021833514
156.95000000000002,180.31249958432295
156.97500000000002,180.3415780540538
157.0,180.37063760486012
157.025,180.3996782490503
157.05,180.42869999892437
157.07500000000002,180.4577028667748
157.10000000000002,180.4866868648859
157.125,180.51565200553395
157.15,180.54459830098708
157.175,180.57352576350578
157.20000000000002,180.60243440534228
157.22500000000002,180.63132423874092
157.25,180.66019527593792
157.275,180.68904752916197
157.3,180.7178810106337
157.32500000000002,180.74669573256526
157.35000000000002,180.7754917071616
157.375,180.80426894661917
157.4,180.83302746312657
157.425,180.8617672688649
157.45000000000002,180.89048837600694
157.47500000000002,180.91919079671732
157.5,180.9478745431535
157.525,180.9765396274642
157.55,181.0051860617909
157.57500000000002,181.03381385826694
157.60000000000002,181.0624230290177
157.625,181.09101358616076
157.65,181.11958554180575
157.675,181.1481389080544
157.70000000000002,181.1766736970006
157.72500000000002,181.20518992073042
157.75,181.23368759132202
157.775,181.26216672084573
157.8,181.290627321364
157.82500000000002,181.31906940493164
157.85000000000002,181.3474929835953
157.875,181.37589806939397
157.9,181.40428467435862
157.925,181.43265281051248
157.95000000000002,181.46100248987125
157.97500000000002,181.4893337244425
158.0,181.51764652622603
158.025,181.54594090721406
158.05,181.5742168793906
158.07500000000002,181.60247445473226
158.10000000000002,181.63071364520746
158.125,181.65893446277727
158.15,181.68713691939467
158.175,181.71532102700496
158.20000000000002,181.74348679754556
158.22500000000002,181.77163424294648
158.25,181.79976337512966
158.275,181.82787420600917
158.3,181.85596674749164
158.32500000000002,181.8840410114758
158.35000000000002,181.91209700985266
158.375,181.94013475450558
158.4,181.96815425730995
158.425,181.99615553013365
158.45000000000002,182.02413858483695
158.47500000000002,182.05210343327207
158.5,182.0800500872838
158.525,182.107978558709
158.55,182.13588885937708
158.57500000000002,182.16378100110944
158.60000000000002,182.19165499571992
158.625,182.21951085501485
158.65,182.24734859079265
158.675,182.27516821484437
158.70000000000002,182.3029697389531
158.72500000000002,182.33075317489443
158.75,182.35851853443606
158.775,182.38626582933824
158.8,182.4139950713535
158.82500000000002,182.4417062722267
158.85000000000002,182.46939944369507
158.875,182.49707459748836
158.9,182.5247317453286
158.925,182.5523708989301
158.95000000000002,182.5799920699995
158.97500000000002,182.60759527023606
159.0,182.63518051133116
159.025,182.662747804969
159.05,182.69029716282566
159.07500000000002,182.71782859656997
159.10000000000002,182.74534211786292
159.125,182.77283773835794
159.15,182.80031546970127
159.175,182.82777532353126
159.20000000000002,182.85521731147875
159.22500000000002,182.88264144516688
159.25,182.91004773621142
159.275,182.93743619622035
159.3,182.96480683679454
159.32500000000002,182.99215966952676
159.35000000000002,183.01949470600246
159.375,183.0468119577999
159.4,183.07411143648923
159.425,183.1013931536334
159.45000000000002,183.1286571207879
159.47500000000002,183.1559033495006
159.5,183.18313185131177
159.525,183.21034263775428
159.55,183.23753572035335
159.57500000000002,183.26471111062682
159.60000000000002,183.29186882008526
159.625,183.31900886023143
159.65,183.34613124256066
159.675,183.37323597856093
159.70000000000002,183.40032307971245
159.72500000000002,183.4273925574883
159.75,183.45444442335395
159.775,183.4814786887676
159.8,183.5084953651797
159.82500000000002,183.53549446403338
159.85000000000002,183.56247599676448
159.875,183.58943997480094
159.9,183.61638640956366
159.925,183.6433153124664
159.95000000000002,183.67022669491482
159.97500000000002,183.6971205683074
160.0,183.7239969440354
160.025,183.75085583348252
160.05,183.77769724802488
160.07500000000002,183.80452119903146
160.10000000000002,183.83132769786405
160.125,183.85811675587655
160.15,183.8848883844157
160.175,183.91164259482093
160.20000000000002,183.93837939842425
160.22500000000002,183.96509880654986
160.25,183.99180083051547
160.275,184.0184854816309
160.3,184.04515277119847
160.32500000000002,184.0718027105136
160.35000000000002,184.09843531086386
160.375,184.12505058352988
160.4,184.15164853978482
160.425,184.17822919089454
160.45000000000002,184.20479254811744
160.47500000000002,184.23133862270444
160.5,184.2578674258996
160.525,184.2843789689394
160.55,184.31087326305328
160.57500000000002,184.33735031946284
160.60000000000002,184.36381014938272
160.625,184.39025276402023
160.65,184.41667817457562
160.675,184.4430863922414
160.70000000000002,184.46947742820305
160.72500000000002,184.49585129363885
160.75,184.5222079997197
160.775,184.5485475576091
160.8,184.5748699784634
160.82500000000002,184.60117527343183
160.85000000000002,184.6274634536563
160.875,184.65373453027132
160.9,184.67998851440422
160.925,184.70622541717535
160.95000000000002,184.73244524969743
160.97500000000002,184.75864802307615
161.0,184.78483374841005
161.025,184.81100243679046
161.05,184.83715409930116
161.07500000000002,184.8632887470189
161.10000000000002,184.88940639101338
161.125,184.91550704234703
161.15,184.94159071207517
161.175,184.9676574112457
161.20000000000002,184.99370715089944
161.22500000000002,185.0197399420699
161.25,185.04575579578352
161.275,185.07175472305983
161.3,185.0977367349109
161.32500000000002,185.12370184234172
161.35000000000002,185.14965005634997
161.375,185.17558138792606
161.4,185.20149584805384
161.425,185.22739344770952
161.45000000000002,185.25327419786223
161.47500000000002,185.2791381094741
161.5,185.30498519350022
161.525,185.33081546088818
161.55,185.3566289225789
161.57500000000002,185.3824255895058
161.60000000000002,185.4082054725954
161.625,185.43396858276708
161.65,185.45971493093307
161.675,185.48544452799848
161.70000000000002,185.51115738486138
161.72500000000002,185.5368535124128
161.75,185.5625329215365
161.775,185.58819562310924
161.8,185.61384162800107
161.82500000000002,185.63947094707413
161.85000000000002,185.66508359118427
161.875,185.6906795711802
161.9,185.71625889790315
161.925,185.74182158218764
161.95000000000002,185.7673676348612
161.97500000000002,185.79289706674382
162.0,185.8184098886491
162.025,185.84390611138318
162.05,185.86938574574512
162.07500000000002,185.89484880252732
162.10000000000002,185.92029529251488
162.125,185.94572522648585
162.15,185.97113861521163
162.175,185.99653546945618
162.20000000000002,186.0219157999767
162.22500000000002,186.04727961752332
162.25,186.07262693283909
162.275,186.09795775666043
162.3,186.1232720997164
162.32500000000002,186.14856997272918
162.35000000000002,186.17385138641387
162.375,186.19911635147872
162.4,186.2243648786252
162.425,186.24959697854754
162.45000000000002,186.27481266193305
162.47500000000002,186.30001193946234
162.5,186.32519482180862
162.525,186.35036131963864
162.55,186.37551144361183
162.57500000000002,186.4006452043808
162.60000000000002,186.42576261259157
162.625,186.45086367888268
162.65,186.4759484138862
162.675,186.50101682822685
162.70000000000002,186.52606893252266
162.72500000000002,186.55110473738497
162.75,186.5761242534178
162.775,186.60112749121856
162.8,186.6261144613777
162.82500000000002,186.651085174479
162.85000000000002,186.67603964109878
162.875,186.70097787180708
162.9,186.72589987716677
162.925,186.7508056677337
162.95000000000002,186.77569525405704
162.97500000000002,186.80056864667944
163.0,186.825425856136
163.025,186.85026689295552
163.05,186.87509176765968
163.07500000000002,186.8999004907635
163.10000000000002,186.92469307277506
163.125,186.9494695241953
163.15,186.97422985551887
163.175,186.99897407723324
163.20000000000002,187.02370219981924
163.22500000000002,187.04841423375072
163.25,187.07311018949497
163.275,187.09779007751197
163.3,187.12245390825547
163.32500000000002,187.14710169217227
163.35000000000002,187.17173343970205
163.375,187.19634916127805
163.4,187.22094886732646
163.425,187.24553256826695
163.45000000000002,187.27010027451215
163.47500000000002,187.29465199646816
163.5,187.31918774453433
163.525,187.34370752910297
163.55,187.36821136055963
163.57500000000002,187.3926992492833
163.60000000000002,187.41717120564644
163.625,187.44162724001433
163.65,187.46606736274566
163.675,187.4904915841925
163.70000000000002,187.51489991469975
163.72500000000002,187.53929236460607
163.75,187.56366894424357
163.775,187.58802966393694
163.8,187.61237453400452
163.82500000000002,187.63670356475808
163.85000000000002,187.66101676650234
163.875,187.68531414953569
163.9,187.70959572414958
163.925,187.73386150062893
163.95000000000002,187.75811148925172
163.97500000000002,187.78234570028945
164.0,187.8065641440067
164.025,187.83076683066193
164.05,187.85495377050617
164.07500000000002,187.8791249737844
164.10000000000002,187.90328045073448
164.125,187.92742021158801
164.15,187.95154426656975
164.175,187.97565262589768
164.20000000000002,187.99974529978334
164.22500000000002,188.02382229843147
164.25,188.04788363204028
164.275,188.0719293108013
164.3,188.0959593448994
164.32500000000002,188.11997374451298
164.35000000000002,188.1439725198136
164.375,188.16795568096617
164.4,188.19192323812945
164.425,188.2158752014553
164.45000000000002,188.23981158108853
164.47500000000002,188.26373238716812
164.5,188.28763762982598
164.525,188.31152731918755
164.55,188.33540146537175
164.57500000000002,188.35926007849056
164.60000000000002,188.3831031686498
164.625,188.40693074594884
164.65,188.43074282048016
164.675,188.45453940232946
164.70000000000002,188.47832050157635
164.72500000000002,188.50208612829357
164.75,188.52583629254744
164.775,188.5495710043979
164.8,188.57329027389807
164.82500000000002,188.59699411109446
164.85000000000002,188.6206825260275
164.875,188.64435552873056
164.9,188.66801312923099
164.925,188.691655337549
164.95000000000002,188.71528216369896
164.97500000000002,188.73889361768806
165.0,188.76248970951755
165.025,188.78607044918186
165.05,188.80963584666907
165.07500000000002,188.83318591196053
165.10000000000002,188.85672065503144
165.125,188.88024008585012
165.15,188.9037442143788
165.175,188.92723305057288
165.20000000000002,188.95070660438157
165.22500000000002,188.97416488574748
165.25,188.99760790460672
165.275,189.02103567088898
165.3,189.04444819451732
165.32500000000002,189.06784548540872
165.35000000000002,189.09122755347337
165.375,189.11459440861523
165.4,189.13794606073154
165.425,189.16128251971352
165.45000000000002,189.18460379544553
165.47500000000002,189.20790989780585
165.5,189.23120083666618
165.525,189.2544766218917
165.55,189.2777372633413
165.57500000000002,189.30098277086725
165.60000000000002,189.3242131543159
165.625,189.34742842352665
165.65,189.37062858833278
165.675,189.39381365856102
165.70000000000002,189.4169836440321
165.72500000000002,189.44013855455987
165.75,189.4632783999521
165.775,189.48640319000984
165.8,189.50951293452817
165.82500000000002,189.53260764329553
165.85000000000002,189.55568732609416
165.875,189.5787519926998
165.9,189.60180165288182
165.925,189.62483631640356
165.95000000000002,189.64785599302166
165.97500000000002,189.67086069248634
166.0,189.69385042454192
166.025,189.7168251989258
166.05,189.73978502536963
166.07500000000002,189.76272991359832
166.10000000000002,189.78565987333053
166.125,189.80857491427872
166.15,189.83147504614882
166.175,189.85436027864085
166.20000000000002,189.87723062144806
166.22500000000002,189.90008608425774
166.25,189.92292667675065
166.275,189.9457524086016
166.3,189.96856328947845
166.32500000000002,189.99135932904343
166.35000000000002,190.0141405369519
166.375,190.03690692285338
166.4,190.05965849639125
166.425,190.0823952672022
166.45000000000002,190.1051172449167
166.47500000000002,190.12782443915918
166.5,190.15051685954774
166.525,190.17319451569378
166.55,190.19585741720326
166.57500000000002,190.21850557367526
166.60000000000002,190.24113899470302
166.625,190.2637576898733
166.65,190.28636166876643
166.675,190.30895094095698
166.70000000000002,190.33152551601293
166.72500000000002,190.3540854034963
166.75,190.3766306129627
166.775,190.39916115396164
166.8,190.42167703603596
166.82500000000002,190.44417826872325
166.85000000000002,190.46666486155405
166.875,190.4891368240529
166.9,190.51159416573847
166.925,190.5340368961229
166.95000000000002,190.55646502471203
166.97500000000002,190.578878561006
167.0,190.6012775144983
167.025,190.6236618946765
167.05,190.64603171102186
167.07500000000002,190.66838697300975
167.10000000000002,190.69072769010916
167.125,190.71305387178248
167.15,190.73536552748698
167.175,190.7576626666729
167.20000000000002,190.77994529878467
167.22500000000002,190.80221343326048
167.25,190.82446707953258
167.275,190.84670624702665
167.3,190.8689309451629
167.32500000000002,190.8911411833548
167.35000000000002,190.91333697100995
167.375,190.9355183175298
167.4,190.95768523230956
167.425,190.97983772473881
167.45000000000002,191.00197580420036
167.47500000000002,191.0240994800715
167.5,191.04620876172302
167.525,191.06830365851968
167.55,191.0903841798203
167.57500000000002,191.1124503349773
167.60000000000002,191.13452163325812
167.625,191.15674320133184
167.65,191.1791446461002
167.675,191.20173009122226
167.70000000000002,191.2244999592894
167.72500000000002,191.2474541973411
167.75,191.2705926936889
167.775,191.2939153295369
167.8,191.31742198529275
167.82500000000002,191.34111254133612
167.85000000000002,191.364986878111
167.875,191.38904487613817
167.9,191.4132864160159
167.925,191.43771137842023
167.95000000000002,191.46231964410498
167.97500000000002,191.48711109390143
168.0,191.51208560871893
168.025,191.5372430695438
168.05,191.5625833574406
168.07500000000002,191.5881063535509
168.10000000000002,191.61381193909386
168.125,191.63969999536607
168.15,191.6657704037414
168.175,191.69202304567105
168.20000000000002,191.71845780268313
168.22500000000002,191.74507455638357
168.25,191.77187318845483
168.275,191.79885358065673
168.3,191.82601561482582
168.32500000000002,191.85335917287628
168.35000000000002,191.88088413679856
168.375,191.90859038866046
168.4,191.93647781060633
168.425,191.9645462848574
168.45000000000002,191.9927956937117
168.47500000000002,192.02122591954378
168.5,192.04983684480501
168.525,192.07862835202332
168.55,192.10760032380261
168.57500000000002,192.13675264282426
168.60000000000002,192.16608519184544
168.625,192.19559785369984
168.65,192.22529051129735
168.675,192.25516304762442
168.70000000000002,192.28521534574338
168.72500000000002,192.31544728879317
168.75,192.34585875998863
168.775,192.37644964262068
168.8,192.40721982005599
168.82500000000002,192.4381691757379
168.85000000000002,192.46929759318525
168.875,192.50060495599269
168.9,192.5320911478309
168.925,192.5637560524466
168.95000000000002,192.5955995536617
168.97500000000002,192.62762153537378
169.0,192.6598218815567
169.025,192.69220047625942
169.05,192.72475720360669
169.07500000000002,192.75749194779846
169.10000000000002,192.7904045931104
169.125,192.8234950238932
169.15,192.8567631245734
169.175,192.89020877965265
169.20000000000002,192.92383187370783
169.22500000000002,192.95763229139078
169.25,192.99160991742892
169.275,193.02576463662453
169.3,193.06009633385466
169.32500000000002,193.09460489407184
169.35000000000002,193.1292902023035
169.375,193.1641521436519
169.4,193.19919060329397
169.425,193.2344054664816
169.45000000000002,193.26979661854168
169.47500000000002,193.3053639448753
169.5,193.34110733095852
169.525,193.377026662342
169.55,193.41312182465114
169.57500000000002,193.4493927035854
169.60000000000002,193.48583918491894
169.625,193.52246115450063
169.65,193.55925849825329
169.675,193.59623110217427
169.70000000000002,193.633378852335
169.72500000000002,193.67070163488137
169.75,193.70819933603357
169.775,193.74587184208562
169.8,193.7837190394057
169.82500000000002,193.8217408144359
169.85000000000002,193.85993705369268
169.875,193.89830764376606
169.9,193.93685247132
169.925,193.97557142309253
169.95000000000002,194.01446438589534
169.97500000000002,194.05353124661374
170.0,194.09277189220686
170.025,194.1321862097076
170.05,194.17177408622237
170.07500000000002,194.21153540893079
170.10000000000002,194.25147006508644
170.125,194.29157794201635
170.15,194.3318589271207
170.175,194.37231290787335
170.20000000000002,194.4129397718212
170.22500000000002,194.45373940658456
170.25,194.49471169985665
170.275,194.53585653940428
170.3,194.57717381306722
170.32500000000002,194.61866340875827
170.35000000000002,194.66032521446328
170.375,194.702159118241
170.4,194.74416500822358
170.425,194.7863427726154
170.45000000000002,194.82869229969393
170.47500000000002,194.87121347780948
170.5,194.9139061953853
170.525,194.95677034091696
170.55,194.99980580297282
170.57500000000002,195.04301247019416
170.60000000000002,195.08639023129422
170.625,195.12993897505936
170.65,195.17365859034774
170.675,195.2175489660905
170.70000000000002,195.26160999129075
170.72500000000002,195.30579626759092
170.75,195.34998303765684
170.775,195.39414515640703
170.8,195.43827906307874
170.82500000000002,195.48238431917335
170.85000000000002,195.5264608869484
170.875,195.57050877818267
170.9,195.61452801069447
170.925,195.65851860302615
170.95000000000002,195.702480573798
170.97500000000002,195.74641394162873
171.0,195.79031872512633
171.025,195.83419494288685
171.05,195.8780426134945
171.07500000000002,195.92186175552098
171.10000000000002,195.96565238752632
171.125,196.00941452805816
171.15,196.0531481956523
171.175,196.09685340883246
171.20000000000002,196.1405301861104
171.22500000000002,196.1841785459856
171.25,196.22779850694545
171.275,196.27139008746553
171.3,196.31495330600933
171.32500000000002,196.3584881810284
171.35000000000002,196.4019947309622
171.375,196.4454729742382
171.4,196.48892292927212
171.425,196.53234461446712
171.45000000000002,196.5757380482149
171.47500000000002,196.61910324889513
171.5,196.66244023487542
171.525,196.7057490245114
171.55,196.74902963614664
171.57500000000002,196.79228208811324
171.60000000000002,196.83550639873107
171.625,196.8787025863082
171.65,196.9218706691405
171.675,196.96501066551215
171.70000000000002,197.00812259369553
171.72500000000002,197.0512064719508
171.75,197.0942623185268
171.775,197.13729015166
171.8,197.18028998957521
171.82500000000002,197.22326185048533
171.85000000000002,197.26620575259128
171.875,197.30912171408232
171.9,197.35200975313617
171.925,197.3948698879181
171.95000000000002,197.43770213658215
171.97500000000002,197.48050651726993
172.0,197.52328304811184
172.025,197.56603174722622
172.05,197.60875263271947
172.07500000000002,197.65144572268667
172.10000000000002,197.69411103521077
172.125,197.73674858836281
172.15,197.77935840020268
172.175,197.8219404887779
172.20000000000002,197.86449487212425
172.22500000000002,197.90702156826646
172.25,197.94952059521697
172.275,197.9919919709765
172.3,198.03443571353432
172.32500000000002,198.0768518408679
172.35000000000002,198.11924037094275
172.375,198.16160132171316
172.4,198.20393471112143
172.425,198.24624055709828
172.45000000000002,198.28851887756278
172.47500000000002,198.3307696904223
172.5,198.37299301357254
172.525,198.41518886489766
172.55,198.45735726227014
172.57500000000002,198.49949822355077
172.60000000000002,198.54161176658872
172.625,198.58369790922185
172.65,198.62575666927586
172.675,198.66778806456549
172.70000000000002,198.70979211289338
172.72500000000002,198.75176883205074
172.75,198.79371823981742
172.775,198.83564035396128
172.8,198.87753519223898
172.82500000000002,198.91940277239547
172.85000000000002,198.96124311216425
172.875,199.00305622926732
172.9,199.0448421414151
172.925,199.08660086630647
172.95000000000002,199.1283324216287
172.97500000000002,199.17003682505757
173.0,199.2117140942575
173.025,199.2533642468814
173.05,199.29498730057068
173.07500000000002,199.33658327295507
173.10000000000002,199.3781521816533
173.125,199.41969404427226
173.15,199.46120887840718
173.175,199.50269670164252
173.20000000000002,199.5441575315507
173.22500000000002,199.58559138569305
173.25,199.62699828161956
173.275,199.66837823686842
173.3,199.7097312689665
173.32500000000002,199.7510573954293
173.35000000000002,199.79235663376133
173.375,199.8336290014552
173.4,199.87487451599236
173.425,199.91609319484292
173.45000000000002,199.95728505546523
173.47500000000002,199.99845011530692
173.5,200.03958839180382
173.525,200.08069990238045
173.55,200.12178466445033
173.57500000000002,200.1628426954153
173.60000000000002,200.20387401266606
173.625,200.24487863358186
173.65,200.2858565755309
173.675,200.32680785586984
173.70000000000002,200.36773249194403
173.72500000000002,200.4086305010877
173.75,200.44950190062363
173.775,200.49034670786378
173.8,200.53116494010828
173.82500000000002,200.57195661464615
173.85000000000002,200.61272174875526
173.875,200.65346035970225
173.9,200.69417246474248
173.925,200.73485808112002
173.95000000000002,200.7755172260682
173.97500000000002,200.81614991680834
174.0,200.8567561705512
174.025,200.8973360044959
174.05,200.93788943583078
174.07500000000002,200.97841648173267
174.10000000000002,201.0189171593674
174.125,201.05939148588962
174.15,201.09983947844307
174.175,201.14026115415987
174.20000000000002,201.18065653016106
174.22500000000002,201.22102562355653
174.25,201.26136845144535
174.275,201.30168503091542
174.3,201.34197537904342
174.32500000000002,201.38223951289487
174.35000000000002,201.42247744952422
174.375,201.46268920597467
174.4,201.50287479927877
174.425,201.54303424645764
174.45000000000002,201.58316756452118
174.47500000000002,201.62327477046887
174.5,201.66335588128828
174.525,201.70341091395647
174.55,201.74343988543953
174.57500000000002,201.78344281269239
174.60000000000002,201.82341971265868
174.625,201.8633706022712
174.65,201.90329549845183
174.675,201.94319441811155
174.70000000000002,201.98306737814997
174.72500000000002,202.0229143954558
174.75,202.06273548690712
174.775,202.1025306693707
174.8,202.14229995970226
174.82500000000002,202.18204337474677
174.85000000000002,202.22176093133842
174.875,202.26145264630017
174.9,202.30111853644377
174.925,202.3407586185706
174.95000000000002,202.38037290947054
174.97500000000002,202.41996142592305
175.0,202.4595241846967
175.025,202.4990612025487
175.05,202.5385724962255
175.07500000000002,202.5780580824629
175.10000000000002,202.61751797798567
175.125,202.6569521995077
175.15,202.6963607637321
175.175,202.73574368735103
175.20000000000002,202.77510098704556
175.22500000000002,202.8144326794865
175.25,202.85373878133322
175.275,202.8930193092344
175.3,202.93227427982805
175.32500000000002,202.97150370974114
175.35000000000002,203.01070761559018
175.375,203.04988601398048
175.4,203.08903892150707
175.425,203.12816635475357
175.45000000000002,203.1672683302929
175.47500000000002,203.20634486468754
175.5,203.24539597448927
175.525,203.28442167623854
175.55,203.32342198646558
175.57500000000002,203.3623969216895
175.60000000000002,203.40134649841906
175.625,203.440270733152
175.65,203.47916964237513
175.675,203.5180432425649
175.70000000000002,203.55689155018692
175.72500000000002,203.59571458169623
175.75,203.63451235353693
175.775,203.67328488214247
175.8,203.71203218393558
175.82500000000002,203.7507542753285
175.85000000000002,203.78945117272278
175.875,203.82812289250927
175.9,203.8667694510678
175.925,203.90539086476798
175.95000000000002,203.94398714996862
175.97500000000002,203.9825583230179
176.0,204.02110440025334
176.025,204.05962539800183
176.05,204.0981213325797
176.07500000000002,204.1365922202926
176.10000000000002,204.17503807743563
176.125,204.2134589202932
176.15,204.2518547651392
176.175,204.29022562823712
176.20000000000002,204.32857152583938
176.22500000000002,204.3668924741885
176.25,204.4051884895159
176.275,204.44345958804232
176.3,204.48170578597853
176.32500000000002,204.51992709952447
176.35000000000002,204.55812354486915
176.375,204.5962951381918
176.4,204.63444189566056
176.425,204.67256383343334
176.45000000000002,204.7106609676575
176.47500000000002,204.74873331446972
176.5,204.7867808899965
176.525,204.8248037103533
176.55,204.86280179164578
176.57500000000002,204.90077514996855
176.60000000000002,204.93872380140613
176.625,204.9766477620325
176.65,205.01454704791095
176.675,205.0524216750946
176.70000000000002,205.0902716596261
176.72500000000002,205.12809701753739
176.75,205.16589776485017
176.775,205.2036739175759
176.8,205.24142549171523
176.82500000000002,205.27915250325898
176.85000000000002,205.31685496818702
176.875,205.354532902469
176.9,205.39218632206422
176.925,205.42981524292156
176.95000000000002,205.46741968097956
176.97500000000002,205.5049996521662
177.0,205.54255517239955
177.025,205.58008625758674
177.05,205.617592923625
177.07500000000002,205.65507518640123
177.10000000000002,205.69253306179172
177.125,205.7299665656625
177.15,205.76737571386948
177.175,205.80476052225814
177.20000000000002,205.8421210066635
177.22500000000002,205.87945718291036
177.25,205.91676906681323
177.275,205.95405667417646
177.3,205.991320020794
177.32500000000002,206.02855912244968
177.35000000000002,206.06577399491698
177.375,206.1029646539589
177.4,206.1401311153286
177.425,206.17727339476838
177.45000000000002,206.21439150801092
177.47500000000002,206.25148547077848
177.5,206.28855529878302
177.525,206.3256010077262
177.55,206.36262261329966
177.57500000000002,206.3996201311846
177.60000000000002,206.43659357705235
177.625,206.47354296656374
177.65,206.5104683153696
177.675,206.5473696391104
177.70000000000002,206.58424695341645
177.72500000000002,206.6211002739081
177.75,206.65792961619542
177.775,206.69473499587832
177.8,206.7315164285467
177.82500000000002,206.76827392978
177.85000000000002,206.80500751514793
177.875,206.84171720020962
177.9,206.8784030005143
177.925,206.91506493160128
177.95000000000002,206.95170300899937
177.97500000000002,206.98831724822756
178.0,207.02490766479488
178.025,207.06147427419992
178.05,207.0980170919312
178.07500000000002,207.13453613346732
178.10000000000002,207.17103141427708
178.125,207.2075029498186
178.15,207.2439507555406
178.175,207.2803748468812
178.20000000000002,207.3167752392688
178.22500000000002,207.3531519481216
178.25,207.38950498884782
178.275,207.42583437684564
178.3,207.46214012750335
178.32500000000002,207.49842225619912
178.35000000000002,207.53468077830115
178.375,207.57091570916762
178.4,207.60712706414662
178.425,207.64331485857645
178.45000000000002,207.67947910778523
178.47500000000002,207.71561982709136
178.5,207.75173703180317
178.525,207.78783073721888
178.55,207.82390095862704
178.57500000000002,207.85994771130592
178.60000000000002,207.89597101052422
178.625,207.9319708715404
178.65,207.96794730960286
178.675,208.00390033995055
178.70000000000002,208.03982997781236
178.72500000000002,208.07573623840733
178.75,208.1116191369441
178.775,208.14747868862196
178.8,208.18331490862994
178.82500000000002,208.21912781214775
178.85000000000002,208.25491741434448
178.875,208.29068373038018
178.9,208.3264267754043
178.925,208.3621465645567
178.95000000000002,208.39784311296748
178.97500000000002,208.4335164357571
179.0,208.4691665480354
179.025,208.5047934649032
179.05,208.54039720145119
179.07500000000002,208.57597777276033
179.10000000000002,208.6115351939018
179.125,208.64706947993653
179.15,208.68258064591635
179.175,208.71806870688275
179.20000000000002,208.75353367786758
179.22500000000002,208.78897557389317
179.25,208.82439440997186
179.275,208.8597902011061
179.3,208.89516296228888
179.32500000000002,208.93051270850324
179.35000000000002,208.9658394547223
179.375,209.0011432159098
179.4,209.0364240070196
179.425,209.0716818429959
179.45000000000002,209.1069167387732
179.47500000000002,209.14212870927585
179.5,209.17731776941915
179.525,209.21248393410826
179.55,209.24762721823865
179.57500000000002,209.2827476366964
179.60000000000002,209.31784520435755
179.625,209.35291993608905
179.65,209.3879718467475
179.675,209.42300095117992
179.70000000000002,209.45800726422422
179.72500000000002,209.49299080070818
179.75,209.52795157544975
179.775,209.5628896032576
179.8,209.59780489893083
179.82500000000002,209.6326974772591
179.85000000000002,209.66756735302167
179.875,209.70241454098883
179.9,209.737239055921
179.925,209.77204091256934
179.95000000000002,209.806820125675
179.97500000000002,209.84157670996964
180.0,209.87631068017532
180.025,209.91102205100472
180.05,209.9457108371608
180.07500000000002,209.9803770533371
180.10000000000002,210.01502071421754
180.125,210.04964183447632
180.15,210.08424042877806
180.175,210.11881651177822
180.20000000000002,210.1533700981222
180.22500000000002,210.18790120244634
180.25,210.22240983937743
180.275,210.25689602353242
180.3,210.29135976951898
180.32500000000002,210.3258010919351
180.35000000000002,210.36022000536963
180.375,210.39461652440167
180.4,210.42899066360084
180.425,210.46334243752716
180.45000000000002,210.4976718607316
180.47500000000002,210.53197894775514
180.5,210.56626371312979
180.525,210.60052617137785
180.55,210.6347663370119
180.57500000000002,210.6689842245357
180.60000000000002,210.7031798484431
180.625,210.73735322321872
180.65,210.77150436333784
180.675,210.80563328326593
180.70000000000002,210.8397399974596
180.72500000000002,210.87382452036564
180.75,210.90788686642153
180.775,210.94192705005534
180.8,210.9759450856858
180.82500000000002,211.00994098772262
180.85000000000002,211.04391477056535
180.875,211.07786644860505
180.9,211.1117960362227
180.925,211.14570354779025
180.95000000000002,211.17958899767012
180.97500000000002,211.21345240021594
181.0,211.2472937697713
181.025,211.28111312067088
181.05,211.3149104672397
181.07500000000002,211.3486858237938
181.10000000000002,211.38243920463975
181.125,211.41617062407474
181.15,211.4498800963869
181.175,211.48356763585485
181.20000000000002,211.51723325674809
181.22500000000002,211.5508769733267
181.25,211.58449879984138
181.275,211.61809875053393
181.3,211.65167683963648
181.32500000000002,211.6852330813722
181.35000000000002,211.71876748995507
181.375,211.75228007958935
181.4,211.7857708644705
181.425,211.81923985878433
181.45000000000002,211.852687076708
181.47500000000002,211.886112532409
181.5,211.91951624004562
181.525,211.95289821376747
181.55,211.98625846771426
181.57500000000002,212.01959701601697
181.60000000000002,212.05291387279684
181.625,212.0862090521665
181.65,212.11948256822924
181.675,212.15273443507914
181.70000000000002,212.18596466680123
181.72500000000002,212.21917327747107
181.75,212.252360281155
181.775,212.28552569191092
181.8,212.3186695237869
181.82500000000002,212.35179179082198
181.85000000000002,212.38489250704617
181.875,212.4179716864805
181.9,212.45102934313692
181.925,212.4840654910179
181.95000000000002,212.51708014411682
181.97500000000002,212.5500733164182
182.0,212.5830450218975
182.025,212.6159952745207
182.05,212.64892408824537
182.07500000000002,212.68183147701944
182.10000000000002,212.71471745478198
182.125,212.74758203546287
182.15,212.7804252329827
182.175,212.8132470612538
182.20000000000002,212.84604753417878
182.22500000000002,212.87882666565125
182.25,212.9115844695559
182.275,212.94432095976828
182.3,212.9770361501554
182.32500000000002,213.00973005457467
182.35000000000002,213.04240268687454
182.375,213.07505406089493
182.4,213.10768419046613
182.425,213.14029308941
182.45000000000002,213.17288077153907
182.47500000000002,213.20544725065682
182.5,213.2379925405581
182.525,213.2705166550285
182.55,213.3030196078446
182.57500000000002,213.33550141277416
182.60000000000002,213.3679620835761
182.625,213.4004016340003
182.65,213.43282007778748
182.675,213.46521742866952
182.70000000000002,213.49759370036946
182.72500000000002,213.52994890660148
182.75,213.56228306107067
182.775,213.59459617747353
182.8,213.62688826949727
182.82500000000002,213.65915935082023
182.85000000000002,213.6914094351119
182.875,213.72363853603295
182.9,213.75584666723518
182.925,213.78803384236156
182.95000000000002,213.8202000750461
182.97500000000002,213.85234537891367
183.0,213.8844697675808
183.025,213.91657325465493
183.05,213.94865585373458
183.07500000000002,213.9807175784093
183.10000000000002,214.01275844226004
183.125,214.0447784588591
183.15,214.07677764176933
183.175,214.10875600454543
183.20000000000002,214.14071356073254
183.22500000000002,214.17265032386788
183.25,214.2045663074792
183.275,214.2364615250855
183.3,214.2683359901975
183.32500000000002,214.30018971631654
183.35000000000002,214.3320227169355
183.375,214.3638350055382
183.4,214.39562659559996
183.425,214.4273975005874
183.45000000000002,214.45914773395822
183.47500000000002,214.49087730916128
183.5,214.52258623963672
183.525,214.55427453881614
183.55,214.58594222012235
183.57500000000002,214.61758929696907
183.60000000000002,214.64921578276167
183.625,214.68082169089692
183.65,214.71240703476244
183.675,214.74397182773737
183.70000000000002,214.77551608319223
183.72500000000002,214.80703981448872
183.75,214.83854303497984
183.775,214.87002575801017
183.8,214.90148799691485
183.82500000000002,214.93292976502138
183.85000000000002,214.96435107564784
183.875,214.99575194210382
183.9,215.02713237769044
183.925,215.0584923957
183.95000000000002,215.08983200941623
183.97500000000002,215.12115123211447
184.0,215.1524500770606
184.025,215.18372855751275
184.05,215.21498668672
184.07500000000002,215.2462244779229
184.10000000000002,215.2774419443534
184.125,215.30863909923494
184.15,215.33981595578223
184.175,215.37097252720136
184.20000000000002,215.40210882668978
184.22500000000002,215.4332248674364
184.25,215.4643206626217
184.275,215.49539622541752
184.3,215.52645156898706
184.32500000000002,215.55748670648518
184.35000000000002,215.5885016510577
184.375,215.6194964158424
184.4,215.65047101396823
184.425,215.6814254585556
184.45000000000002,215.71235976271623
184.47500000000002,215.74327393955397
184.5,215.77416800216344
184.525,215.8050419636309
184.55,215.83589583703446
184.57500000000002,215.8667296354433
184.60000000000002,215.89754337191852
184.625,215.9283370595122
184.65,215.95911071126827
184.675,215.98986434022217
184.70000000000002,216.02059795940076
184.72500000000002,216.05131158182223
184.75,216.08200522049702
184.775,216.11267888842627
184.8,216.14333259860314
184.82500000000002,216.17396636401185
184.85000000000002,216.20458019762904
184.875,216.235174112422
184.9,216.2657481213502
184.925,216.29630223736464
184.95000000000002,216.3268364734073
184.97500000000002,216.35735084241256
185.0,216.38784535730574
185.025,216.41832003100387
185.05,216.448774876416
185.07500000000002,216.47920990644218
185.10000000000002,216.50962513397457
185.125,216.54002057189678
185.15,216.57039623308387
185.175,216.60075213040284
185.20000000000002,216.63108827671218
185.22500000000002,216.6614046848616
185.25,216.69170136769313
185.275,216.72197833804
185.3,216.75223560872743
185.32500000000002,216.78247319257213
185.35000000000002,216.8126911023822
185.375,216.84288935095765
185.4,216.87306795109038
185.425,216.90322691556347
185.45000000000002,216.93336625715207
185.47500000000002,216.963485988623
185.5,216.99358612273468
185.525,217.02366667223717
185.55,217.05372764987237
185.57500000000002,217.0837690683739
185.60000000000002,217.1137909404669
185.625,217.14379327886834
185.65,217.1737760962871
185.675,217.20373940542336
185.70000000000002,217.23368321896942
185.72500000000002,217.26360754960925
185.75,217.2935124100187
185.775,217.32339781286504
185.8,217.35326377080756
185.82500000000002,217.38311029649694
185.85000000000002,217.41293740257603
185.875,217.44274510167935
185.9,217.47253340643346
185.925,217.50230232945617
185.95000000000002,217.53205188335713
185.97500000000002,217.56178208073828
186.0,217.5914929341931
186.025,217.62118445630682
186.05,217.6508566596564
186.07500000000002,217.68050955681073
186.10000000000002,217.71014316033074
186.125,217.73975748276877
186.15,217.76935253666937
186.175,217.79892833456856
186.20000000000002,217.8284848889946
186.22500000000002,217.8580222124673
186.25,217.88754031749846
186.275,217.91703921659192
186.3,217.9465189222428
186.32500000000002,217.9759794469388
186.35000000000002,218.00542080315878
186.375,218.0348430033743
186.4,218.0642460600482
186.425,218.09362998563546
186.45000000000002,218.12299479258283
186.47500000000002,218.15234049332898
186.5,218.1816671003045
186.525,218.21097462593193
186.55,218.24026308262577
186.57500000000002,218.26953248279247
186.60000000000002,218.2987828388303
186.625,218.32801416312932
186.65,218.357226468072
186.675,218.38641976603236
186.70000000000002,218.41559406937648
186.72500000000002,218.44474939046245
186.75,218.4738857416401
186.775,218.5030031352515
186.8,218.53210158363044
186.82500000000002,218.5611810991028
186.85000000000002,218.59024169398697
186.875,218.61928338059226
186.9,218.64830617122067
186.925,218.67731007816604
186.95000000000002,218.70629511371428
186.97500000000002,218.73526129014343
187.0,218.76420861972318
187.025,218.7931371147154
187.05,218.8220467873742
187.07500000000002,218.85093764994554
187.10000000000002,218.8798097146674
187.125,218.90866299376964
187.15,218.93749749947435
187.175,218.9663132439956
187.20000000000002,218.99511023953994
187.22500000000002,219.02388849830533
187.25,219.05264803248207
187.275,219.08138885425257
187.3,219.11011097579134
187.32500000000002,219.13881440926465
187.35000000000002,219.16749916683133
187.375,219.196165260642
187.4,219.22481270283959
187.425,219.2534415055587
187.45000000000002,219.2820516809266
187.47500000000002,219.31064324106234
187.5,219.3392161980772
187.525,219.36777056407433
187.55,219.39630635114932
187.57500000000002,219.42482357139008
187.60000000000002,219.45332223687595
187.625,219.48180235967897
187.65,219.51026395186312
187.675,219.53870702548485
187.70000000000002,219.56713159259206
187.72500000000002,219.59553766522575
187.75,219.6239252554181
187.775,219.65229437519434
187.8,219.6806450365712
187.82500000000002,219.70897725155794
187.85000000000002,219.7372910321561
187.875,219.7655863903592
187.9,219.793863338153
187.925,219.82212188751544
187.95000000000002,219.85036205041672
187.97500000000002,219.87858383881937
188.0,219.9067872646779
188.025,219.93497233993926
188.05,219.96313907654255
188.07500000000002,219.99128748641897
188.10000000000002,220.019417581492
188.125,220.04752937367772
188.15,220.07562287488383
188.175,220.103698097011
188.20000000000002,220.1317550519514
188.22500000000002,220.1597937515901
188.25,220.18781420780394
188.275,220.2158164324623
188.3,220.24380043742715
188.32500000000002,220.2717662345522
188.35000000000002,220.29971383568358
188.375,220.32764325265984
188.4,220.35555449731189
188.425,220.38344758146275
188.45000000000002,220.41132251692787
188.47500000000002,220.43917931551502
188.5,220.46701798902419
188.525,220.49483854924773
188.55,220.52264100797035
188.57500000000002,220.550425376969
188.60000000000002,220.5781916680131
188.625,220.60593989286437
188.65,220.6336700632767
188.675,220.66138219099673
188.70000000000002,220.68907628776293
188.72500000000002,220.71675236530695
188.75,220.7444104353521
188.775,220.7720505096141
188.8,220.7996725998013
188.82500000000002,220.82727671761447
188.85000000000002,220.8548628747464
188.875,220.88243108288276
188.9,220.90998135370123
188.925,220.93751369887192
188.95000000000002,220.9650281300576
188.97500000000002,220.99252465891342
189.0,221.0200032970866
189.025,221.04746405621717
189.05,221.07490694793756
189.07500000000002,221.1023319838722
189.10000000000002,221.12973917563863
189.125,221.1571285348463
189.15,221.18450007309724
189.175,221.21185380198582
189.20000000000002,221.23918973309924
189.22500000000002,221.266507878017
189.25,221.29380824831085
189.275,221.32109085554552
189.3,221.34835571127758
189.32500000000002,221.37560282705635
189.35000000000002,221.40283221442368
189.375,221.43004388491403
189.4,221.45723785005413
189.425,221.4844141213631
189.45000000000002,221.51157271035305
189.47500000000002,221.53871362852826
189.5,221.5658368873854
189.525,221.5929424984142
189.55,221.62003047309634
189.57500000000002,221.64710082290625
189.60000000000002,221.67415355931078
189.625,221.70118869376952
189.65,221.72820623773475
189.675,221.75520620265098
189.70000000000002,221.78218859995494
189.72500000000002,221.80915344107683
189.75,221.83610073743887
189.775,221.8630305004557
189.8,221.88994274153515
189.82500000000002,221.9168374720767
189.85000000000002,221.94371470347315
189.875,221.97057444710984
189.9,221.99741671436448
189.925,222.02424151660725
189.95000000000002,222.0510488652012
189.97500000000002,222.07783877150194
190.0,222.10461124685767
190.025,222.13136630260925
190.05,222.1581039500899
190.07500000000002,222.18482420062583
190.10000000000002,222.21152706553576
190.125,222.23821255613112
190.15,222.2648806837156
190.175,222.29153145958605
190.20000000000002,222.31816489503163
190.22500000000002,222.3447810013343
190.25,222.37137978976855
190.275,222.3979612716018
190.3,222.4245254580939
190.32500000000002,222.45107236049756
190.35000000000002,222.47760199005782
190.375,222.50411435801254
190.4,222.5306094755925
190.425,222.55708735402115
190.45000000000002,222.58354800451448
190.47500000000002,222.60999143828127
190.5,222.63641766652287
190.525,222.6628267004334
190.55,222.6892185512
190.57500000000002,222.71559323000199
190.60000000000002,222.74195074801187
190.625,222.76829111639458
190.65,222.79461434630798
190.675,222.82092044890257
190.70000000000002,222.8472094353218
190.72500000000002,222.87348131670151
190.75,222.8997361041707
190.775,222.9259738088507
190.8,222.9521944418561
190.82500000000002,222.97839801429362
190.85000000000002,223.00458453726333
190.875,223.03075402185803
190.9,223.05690647916285
190.925,223.08304192025622
190.95000000000002,223.10916035620917
190.97500000000002,223.13526179808517
191.0,223.16134625694104
191.025,223.18741374382648
191.05,223.2134642697834
191.07500000000002,223.23949784584678
191.10000000000002,223.26551448304477
191.125,223.29151419239767
191.15,223.31749698491933
191.175,223.3434628716161
191.20000000000002,223.36941186348685
191.22500000000002,223.39534397152383
191.25,223.42125920671185
191.275,223.44715758002903
191.3,223.47303910244565
191.32500000000002,223.49890378492506
191.35000000000002,223.5247516384237
191.375,223.55058267389094
191.4,223.5763969022686
191.425,223.60219433449186
191.45000000000002,223.62797498148856
191.47500000000002,223.6537388541794
191.5,223.67948596347793
191.525,223.70521632029067
191.55,223.73092993551717
191.57500000000002,223.7566268200498
191.60000000000002,223.78230698477373
191.625,223.80797044056712
191.65,223.83361719830143
191.675,223.85924726884042
191.70000000000002,223.884860663041
191.72500000000002,223.91045739175297
191.75,223.9360374658195
191.775,223.96160089607616
191.8,223.9871476933519
191.82500000000002,224.01267786846813
191.85000000000002,224.0381914322395
191.875,224.0636883954739
191.9,224.08916876897186
191.925,224.11463256352687
191.95000000000002,224.14007978992558
191.97500000000002,224.16551045894718
192.0,224.19092458136464
192.025,224.21632216794333
192.05,224.24170322944144
192.07500000000002,224.26706777661084
192.10000000000002,224.29241582019608
192.125,224.31774737093426
192.15,224.34306243955626
192.175,224.36836103678579
192.20000000000002,224.39364317333892
192.22500000000002,224.41890885992558
192.25,224.44415810724817
192.275,224.46939092600266
192.3,224.49460732687774
192.32500000000002,224.51980732055495
192.35000000000002,224.5449909177094
192.375,224.57015812900866
192.4,224.59530896511396
192.425,224.6204434366789
192.45000000000002,224.64556155435105
192.47500000000002,224.67066332877016
192.5,224.69574877056974
192.525,224.72081789037583
192.55,224.7458706988078
192.57500000000002,224.77090720647846
192.60000000000002,224.79592742399302
192.625,224.82093136195027
192.65,224.84591903094218
192.675,224.8708904415532
192.70000000000002,224.89584560436174
192.72500000000002,224.92078452993874
192.75,224.94570722884848
192.775,224.97061371164844
192.8,224.99550398888914
192.82500000000002,225.02037807111415
192.85000000000002,225.04523596886023
192.875,225.0700776926572
192.9,225.09490325302826
192.925,225.11971266048963
192.95000000000002,225.1445059255506
192.97500000000002,225.1692830587137
193.0,225.194044070475
193.025,225.2187889713232
193.05,225.24351777174024
193.07500000000002,225.26823048220155
193.10000000000002,225.2929271131752
193.125,225.31760767512318
193.15,225.34227217850037
193.175,225.36692063375443
193.20000000000002,225.39155305132692
193.22500000000002,225.41616944165202
193.25,225.44076981515744
193.275,225.4653541822641
193.3,225.489922553386
193.32500000000002,225.5144749389306
193.35000000000002,225.5390113492983
193.375,225.5635317948828
193.4,225.58803628607134
193.425,225.61252483324384
193.45000000000002,225.63699744677388
193.47500000000002,225.66145413702827
193.5,225.68589491436708
193.525,225.71031978914354
193.55,225.73472877170425
193.57500000000002,225.75912187238882
193.60000000000002,225.78349910153017
193.625,225.80786046945514
193.65,225.8322059864832
193.675,225.8565356629271
193.70000000000002,225.88084950909288
193.72500000000002,225.9051475352804
193.75,225.92942975178227
193.775,225.95369616888476
193.8,225.97794679686726
193.82500000000002,226.00218164600227
193.85000000000002,226.0264007265559
193.875,226.05060404878765
193.9,226.07479162294993
193.925,226.0989634592893
193.95000000000002,226.1231195680448
193.97500000000002,226.14725995944912
194.0,226.17138464372817
194.025,226.19549363110153
194.05,226.21958693178175
194.07500000000002,226.24366455597504
194.10000000000002,226.2677265138809
194.125,226.2917728156921
194.15,226.3158034715948
194.175,226.33981849176868
194.20000000000002,226.36381788638647
194.22500000000002,226.38780166561472
194.25,226.41176983961282
194.275,226.43572241853417
194.3,226.45965941252507
194.32500000000002,226.48358083172545
194.35000000000002,226.50748668626866
194.375,226.5313769862815
194.4,226.5552517418839
194.425,226.57911096318938
194.45000000000002,226.60295466030487
194.47500000000002,226.626782843331
194.5,226.65059552236116
194.525,226.6743927074829
194.55,226.6981744087767
194.57500000000002,226.72194063631693
194.60000000000002,226.74569140017113
194.625,226.7694267104002
194.65,226.79314657705876
194.675,226.81685101019423
194.70000000000002,226.84054001984848
194.72500000000002,226.86421361605625
194.75,226.88787180884574
194.775,226.91151460823906
194.8,226.93514202425123
194.82500000000002,226.95875406689098
194.85000000000002,226.98235074616068
194.875,227.00593207205634
194.9,227.02949805456683
194.925,227.05304870367507
194.95000000000002,227.07658402935718
194.97500000000002,227.10010404158325
195.0,227.12360875031635
195.025,227.1470981655132
195.05,227.17057229712407
195.07500000000002,227.194031155093
195.10000000000002,227.2174747493574
195.125,227.2409030898481
195.15,227.2643161864894
195.175,227.2877140491995
195.20000000000002,227.31109668788974
195.22500000000002,227.3344641124654
195.25,227.35781633282522
195.275,227.3811533588613
195.3,227.40447520045944
195.32500000000002,227.42778186749896
195.35000000000002,227.45107336985274
195.375,227.47434971738699
195.4,227.49761091996228
195.425,227.52085698743218
195.45000000000002,227.5440879296436
195.47500000000002,227.56730375643795
195.5,227.59050447764932
195.525,227.61369010310585
195.55,227.63686064262913
195.57500000000002,227.6600161060344
195.60000000000002,227.6831565031306
195.625,227.70628184372026
195.65,227.72939213759935
195.675,227.7524873945576
195.70000000000002,227.77556762437865
195.72500000000002,227.79863283683943
195.75,227.82168304171034
195.775,227.84471824875584
195.8,227.86773846773377
195.82500000000002,227.89074370839614
195.85000000000002,227.91373398048788
195.875,227.93670929374775
195.9,227.95966965790876
195.925,227.98261508269698
195.95000000000002,228.00554557783198
195.97500000000002,228.0284611530278
196.0,228.0513618179914
196.025,228.07424758242388
196.05,228.09711845601996
196.07500000000002,228.11997444846807
196.10000000000002,228.14281556944997
196.125,228.16564182864167
196.15,228.1884532357122
196.175,228.21124980032505
196.20000000000002,228.23403153213707
196.22500000000002,228.25679844079878
196.25,228.27955053595443
196.275,228.30228782724237
196.3,228.32501032429408
196.32500000000002,228.34771803673493
196.35000000000002,228.3704109741845
196.375,228.39308914625576
196.4,228.415752562555
196.425,228.4384012326831
196.45000000000002,228.46103516623387
196.47500000000002,228.4836543727958
196.5,228.50625886195036
196.525,228.52884864327328
196.55,228.55142372633352
196.57500000000002,228.5739841206944
196.60000000000002,228.59652983591275
196.625,228.61906088153893
196.65,228.64157726711767
196.675,228.66407900218695
196.70000000000002,228.686566096279
196.72500000000002,228.7090385589192
196.75,228.7314963996275
196.775,228.75393962791742
196.8,228.7763682532957
196.82500000000002,228.79878228526366
196.85000000000002,228.82118173331605
196.875,228.84356660694166
196.9,228.86593691562302
196.925,228.88829266883644
196.95000000000002,228.91063387605186
196.97500000000002,228.93296054673345
197.0,228.95527269033917
197.025,228.97757031632057
197.05,228.99985343412334
197.07500000000002,229.0221220531867
197.10000000000002,229.04437618294403
197.125,229.06661583282238
197.15,229.0888410122426
197.175,229.11105173061992
197.20000000000002,229.13324799736267
197.22500000000002,229.15542982187358
197.25,229.17759721354926
197.275,229.19975018178002
197.3,229.22188873595027
197.32500000000002,229.244012885438
197.35000000000002,229.26612263961562
197.375,229.28821800784863
197.4,229.3102989994969
197.425,229.3323656239146
197.45000000000002,229.35441789044935
197.47500000000002,229.37645580844256
197.5,229.39847938723014
197.525,229.4204886361413
197.55,229.44248356449935
197.57500000000002,229.46446418162185
197.60000000000002,229.4864304968198
197.625,229.5083825193985
197.65,229.53032025865744
197.675,229.55224372388938
197.70000000000002,229.57415292438165
197.72500000000002,229.59604786941492
197.75,229.61792856826435
197.775,229.63979503019905
197.8,229.66164726448196
197.82500000000002,229.6834852803696
197.85000000000002,229.70530908711316
197.875,229.72711869395758
197.9,229.74891411014144
197.925,229.77069534489792
197.95000000000002,229.79246240745343
197.97500000000002,229.81421530702883
198.0,229.83595405283938
198.025,229.85767865409358
198.05,229.87938911999427
198.07500000000002,229.9010854597383
198.10000000000002,229.9227676825167
198.125,229.94443579751427
198.15,229.96608981391
198.175,229.9877297408766
198.20000000000002,230.00935558758118
198.22500000000002,230.0309673631848
198.25,230.05256507684265
198.275,230.07414873770347
198.3,230.09571835491073
198.32500000000002,230.11727393760128
198.35000000000002,230.13881549490682
198.375,230.16034303595228
198.4,230.1818565698571
198.425,230.2033561057349
198.45000000000002,230.22484165269302
198.47500000000002,230.24631321983324
198.5,230.26777081625107
198.525,230.28921445103632
198.55,230.31064413327258
198.57500000000002,230.3320598720381
198.60000000000002,230.35346167640483
198.625,230.37484955543894
198.65,230.3962235182005
198.675,230.4175835737439
198.70000000000002,230.43892973111767
198.72500000000002,230.46026199936418
198.75,230.48158038752018
198.775,230.50288490461654
198.8,230.52417555967813
198.82500000000002,230.54545236172382
198.85000000000002,230.566715319767
198.875,230.58796444281504
198.9,230.60919973986904
198.925,230.63042121992507
198.95000000000002,230.65162889197245
198.97500000000002,230.67282276499515
199.0,230.69400284797135
199.025,230.71516914987328
199.05,230.73632167966704
199.07500000000002,230.7574604463135
199.10000000000002,230.77858545876728
199.125,230.7996967259771
199.15,230.82079425688622
199.175,230.84187806043153
199.20000000000002,230.86294814554483
199.22500000000002,230.88400452115158
199.25,230.90504719617164
199.275,230.92607617951901
199.3,230.94709148010205
199.32500000000002,230.96809310682303
199.35000000000002,230.98908106857866
199.375,231.01005537425948
199.4,231.03101603275084
199.425,231.05196305293188
199.45000000000002,231.07289644367606
199.47500000000002,231.09381621385137
199.5,231.11472237231953
199.525,231.13561492793676
199.55,231.15649388955336
199.57500000000002,231.1773592660141
199.60000000000002,231.19821106615802
199.625,231.21904929881794
199.65,231.2398739728217
199.675,231.2606850969906
199.70000000000002,231.28148268014098
199.72500000000002,231.3022667310829
199.75,231.32303725862064
199.775,231.34379427155287
199.8,231.36453777867297
199.82500000000002,231.385267788768
199.85000000000002,231.40598431061963
199.875,231.42668735300347
199.9,231.44737692469002
199.925,231.46805303444341
199.95000000000002,231.48871569102266
199.97500000000002,231.50936490318074
200.0,231.53000067966494
200.025,231.5506230292169
200.05,231.5712319605727
200.07500000000002,231.59182748246243
200.10000000000002,231.61240960361116
200.125,231.63297833273745
200.15,231.65353367855445
200.175,231.67407564977003
200.20000000000002,231.69460425508603
200.22500000000002,231.71511950319868
200.25,231.73562140279884
200.275,231.75610996257106
200.3,231.77658519119493
200.32500000000002,231.79704709734395
200.35000000000002,231.8174956896864
200.375,231.83793097688462
200.4,231.85835296759527
200.425,231.87876167046934
200.45000000000002,231.89915709415243
200.47500000000002,231.91953924728426
200.5,231.93990813849945
200.525,231.96026377642605
200.55,231.98060616968738
200.57500000000002,232.00093532690084
200.60000000000002,232.02125125667808
200.625,232.04155396762567
200.65,232.0618434683438
200.675,232.08211976742768
200.70000000000002,232.10238287346655
200.72500000000002,232.12263279504444
200.75,232.14286954073955
200.775,232.1630931191243
200.8,232.1833035387661
200.82500000000002,232.2035008082262
200.85000000000002,232.22368493606072
200.875,232.24385593081973
200.9,232.26401380104826
200.925,232.28415855528556
200.95000000000002,232.30429020206512
200.97500000000002,232.32440874991508
201.0,232.34451420735832
201.025,232.36460658291168
201.05,232.38468588508672
201.07500000000002,232.40475212238945
201.10000000000002,232.42480530332006
201.125,232.44484543637378
201.15,232.4648725300399
201.175,232.48488659280224
201.20000000000002,232.50488763313913
201.22500000000002,232.52487565952313
201.25,232.54485068042183
201.275,232.56481270429708
201.3,232.58476173960483
201.32500000000002,232.6046977947962
201.35000000000002,232.62462087831634
201.375,232.6445309986051
201.4,232.6644281640968
201.425,232.68431238322015
201.45000000000002,232.7041836643984
201.47500000000002,232.72404201604985
201.5,232.74388744658637
201.525,232.76371996441517
201.55,232.78353957793755
201.57500000000002,232.80334629554955
201.60000000000002,232.82314012564157
201.625,232.8429210765987
201.65,232.86268915680066
201.675,232.88244437462146
201.70000000000002,232.90218673842998
201.72500000000002,232.9219162565892
201.75,232.94163293745729
201.775,232.9613367893863
201.8,232.98102782072334
201.82500000000002,233.0007060398097
201.85000000000002,233.02037145498153
201.875,233.04002407456971
201.9,233.05966390689926
201.925,233.07929096029017
201.95000000000002,233.0989052430568
201.97500000000002,233.11850676350795
202.0,233.1380955299474
202.025,233.15767155067317
202.05,233.17723483397808
202.07500000000002,233.19678538814978
202.10000000000002,233.21632322147025
202.125,233.235848342216
202.15,233.2553607586582
202.175,233.27486047906282
202.20000000000002,233.29434751169015
202.22500000000002,233.3138218647956
202.25,233.33328354662842
202.275,233.3527325654334
202.3,233.37216892944937
202.32500000000002,233.39159264691025
202.35000000000002,233.4110037260438
202.375,233.43040217507328
202.4,233.44978800221628
202.425,233.4691612156849
202.45000000000002,233.48852182368623
202.47500000000002,233.50786983442177
202.5,233.52720525608768
202.525,233.54652809687482
202.55,233.56583836496887
202.57500000000002,233.5851360685499
202.60000000000002,233.60442121579297
202.625,233.62369381486758
202.65,233.64295387393793
202.675,233.66220140116314
202.70000000000002,233.68143640469663
202.72500000000002,233.700658892687
202.75,233.71986887327716
202.775,233.73906635460492
202.8,233.75825134480263
202.82500000000002,233.77742385199772
202.85000000000002,233.79658388431181
202.875,233.81573144986143
202.9,233.8348665567579
202.925,233.85398921310747
202.95000000000002,233.87309942701089
202.97500000000002,233.8921972065636
203.0,233.91128255985595
203.025,233.93035549497284
203.05,233.94941601999372
203.07500000000002,233.96846414299324
203.10000000000002,233.9874998720408
203.125,234.0065232152001
203.15,234.02553418052992
203.175,234.04453277608357
203.20000000000002,234.0635190099093
203.22500000000002,234.08249289005022
203.25,234.101454424544
203.275,234.12040362142332
203.3,234.13934048871522
203.32500000000002,234.15826503444183
203.35000000000002,234.17717726662022
203.375,234.1960771932618
203.4,234.2149648223731
203.425,234.23384016195527
203.45000000000002,234.25270322000432
203.47500000000002,234.27155400451113
203.5,234.29039252346118
203.525,234.3092187848352
203.55,234.32803279660794
203.57500000000002,234.34683456674978
203.60000000000002,234.3656241032256
203.625,234.38440141399474
203.65,234.40316650701212
203.675,234.4219193902266
203.70000000000002,234.44066007158247
203.72500000000002,234.45938855901875
203.75,234.47810486046922
203.775,234.49680898386262
203.8,234.51550093712228
203.82500000000002,234.5341807281669
203.85000000000002,234.55284836490944
203.875,234.5715038552577
203.9,234.59014720711497
203.925,234.60877842837866
203.95000000000002,234.62739752694142
203.97500000000002,234.6460045106908
204.0,234.66459938750913
204.025,234.68318216527362
204.05,234.7017528518565
204.07500000000002,234.72031145512466
204.10000000000002,234.7388579829398
204.125,234.75739244315895
204.15,234.77591484363353
204.175,234.79442519220996
204.20000000000002,234.81292349672984
204.22500000000002,234.83140976502932
204.25,234.84988400493995
204.275,234.86834622428762
204.3,234.88679643089324
204.32500000000002,234.90523463257296
204.35000000000002,234.9236608371376
204.375,234.94207505239262
204.4,234.96047728613902
204.425,234.97886754617244
204.45000000000002,234.99724584028348
204.47500000000002,235.01561217625732
204.5,235.03396656187428
204.525,235.05230900491034
204.55,235.07063951313535
204.57500000000002,235.08895809431462
204.60000000000002,235.10726475620822
204.625,235.12555950657142
204.65,235.14384235315418
204.675,235.1621133037017
204.70000000000002,235.1803723659537
204.72500000000002,235.19861954764545
204.75,235.216854856507
204.775,235.23507830026315
204.8,235.25328988663384
204.82500000000002,235.27148962333357
204.85000000000002,235.2896775180726
204.875,235.30785357855564
204.9,235.32601781248226
204.925,235.34417022754764
204.95000000000002,235.36231083144128
204.97500000000002,235.38043963184822
205.0,235.39855663644818
205.025,235.41666185291584
205.05,235.4347552889212
205.07500000000002,235.45283695212893
205.10000000000002,235.47090685019896
205.125,235.48896499078603
205.15,235.50701138154
205.175,235.52504603010604
205.20000000000002,235.54306894412395
205.22500000000002,235.56108013122838
205.25,235.57907959904978
205.275,235.5970673552127
205.3,235.6150434073374
205.32500000000002,235.6330077630391
205.35000000000002,235.65096042992775
205.375,235.66890141560867
205.4,235.68683072768204
205.425,235.70474837374329
205.45000000000002,235.72265436138258
205.47500000000002,235.7405486981856
205.5,235.75843139173273
205.525,235.77630244959946
205.55,235.79416187935655
205.57500000000002,235.81200968856933
205.60000000000002,235.82984588479886
205.625,235.847670475601
205.65,235.86548346852666
205.675,235.883284871122
205.70000000000002,235.90107469092783
205.72500000000002,235.91885293548077
205.75,235.93661961231174
205.775,235.95437472894744
205.8,235.9721182929094
205.82500000000002,235.98985031171415
205.85000000000002,236.00757079287334
205.875,236.0252797438938
205.9,236.04297717227777
205.925,236.0606630855221
205.95000000000002,236.07833749111876
205.97500000000002,236.09600039655555
206.0,236.11365180931463
206.025,236.13129173687378
206.05,236.14892018670554
206.07500000000002,236.16653716627795
206.10000000000002,236.18414268305386
206.125,236.20173674449157
206.15,236.21931935804452
206.175,236.2368905311608
206.20000000000002,236.25445027128418
206.22500000000002,236.27199858585325
206.25,236.2895354823024
206.275,236.3070609680602
206.3,236.324575050551
206.32500000000002,236.34207773719444
206.35000000000002,236.359569035405
206.375,236.37704895259262
206.4,236.3945174961618
206.425,236.4119746735131
206.45000000000002,236.42942049204154
206.47500000000002,236.44685495913802
206.5,236.46427808218803
206.525,236.48168986857237
206.55,236.49909032566714
206.57500000000002,236.51647946084344
206.60000000000002,236.53385728146816
206.625,236.5512237949028
206.65,236.5685790085045
206.675,236.58592292962516
206.70000000000002,236.60325556561241
206.72500000000002,236.62057692380856
206.75,236.63788701155144
206.775,236.65518583617387
206.8,236.67247340500427
206.82500000000002,236.68974972536608
206.85000000000002,236.70701480457834
206.875,236.72426864995458
206.9,236.74151126880426
206.925,236.75874266843155
206.95000000000002,236.77596285613635
206.97500000000002,236.79317183921347
207.0,236.81036962495324
207.025,236.82755622064093
207.05,236.84473163355747
207.07500000000002,236.86189587097857
207.10000000000002,236.87904894017555
207.125,236.89619084841493
207.15,236.91332160295877
207.175,236.93044121106365
207.20000000000002,236.9475496799823
207.22500000000002,236.9646470169622
207.25,236.98173322924595
207.275,236.9988083240723
207.3,237.01587230867423
207.32500000000002,237.0329251902808
207.35000000000002,237.049966976116
207.375,237.06699767339924
207.4,237.08401728934516
207.425,237.10102583116364
207.45000000000002,237.11802330605988
207.47500000000002,237.1350097212347
207.5,237.1519850838839
207.525,237.1689494011988
207.55,237.18590268036587
207.57500000000002,237.20284492856723
207.60000000000002,237.2197761529799
207.625,237.23669636077625
207.65,237.25360555912425
207.675,237.27050375518712
207.70000000000002,237.28739095612372
207.72500000000002,237.30426716908772
207.75,237.32113240122817
207.775,237.33798665968973
207.8,237.35482995161254
207.82500000000002,237.37166228413165
207.85000000000002,237.38848366437793
207.875,237.40529409947717
207.9,237.42209359655072
207.925,237.4388821627156
207.95000000000002,237.45565980508385
207.97500000000002,237.47242653076293
208.0,237.48918234685564
208.025,237.50592726046034
208.05,237.52266127867043
208.07500000000002,237.5393844085749
208.10000000000002,237.55609665725828
208.125,237.57279803180035
208.15,237.58948853927632
208.175,237.60616818675686
208.20000000000002,237.62283698130756
208.22500000000002,237.63949492998998
208.25,237.65614203986107
208.275,237.67277831797287
208.3,237.6894037713732
208.32500000000002,237.7060184071047
208.35000000000002,237.7226222322061
208.375,237.73921525371145
208.4,237.75579747864953
208.425,237.77236891404536
208.45000000000002,237.7889295669191
208.47500000000002,237.80547944428608
208.5,237.82201855315748
208.525,237.83854690053957
208.55,237.8550644934344
208.57500000000002,237.87157133883943
208.60000000000002,237.88806744374733
208.625,237.9045528151462
208.65,237.92102746001976
208.675,237.93749138534736
208.70000000000002,237.9539445981034
208.72500000000002,237.9703871052578
208.75,237.9868189137764
208.775,238.00324003062013
208.8,238.01965046274546
208.82500000000002,238.03605021710408
208.85000000000002,238.05243930064375
208.875,238.0688177203072
208.9,238.085185483033
208.925,238.10154259575472
208.95000000000002,238.1178890654017
208.97500000000002,238.13422489889928
209.0,238.1505501031671
209.025,238.1668646851216
209.05,238.18316865167398
209.07500000000002,238.19946200973084
209.10000000000002,238.21574476619483
209.125,238.23201692796337
209.15,238.24827850193032
209.175,238.2645294949843
209.20000000000002,238.28076991400948
209.22500000000002,238.29699976588626
209.25,238.3132190574899
209.275,238.3294277956915
209.3,238.34562598735755
209.32500000000002,238.36181363934975
209.35000000000002,238.37799075852607
209.375,238.39415735173958
209.4,238.41031342583878
209.425,238.42645898766796
209.45000000000002,238.44259404406677
209.47500000000002,238.45871860187046
209.5,238.47483266790994
209.525,238.49093624901184
209.55,238.50702935199791
209.57500000000002,238.52311198368565
209.60000000000002,238.5391841508882
209.625,238.5552458604143
209.65,238.57129711906822
209.675,238.5873379336496
209.70000000000002,238.6033683109537
209.72500000000002,238.61938825777167
209.75,238.63539778088997
209.775,238.65139688709078
209.8,238.66738558315188
209.82500000000002,238.68336387584648
209.85000000000002,238.6993317719436
209.875,238.7152892782075
209.9,238.73123640139843
209.925,238.74717314827208
209.95000000000002,238.7630995255798
209.97500000000002,238.77901554006846
210.0,238.79492119848035
210.025,238.81081650755382
210.05,238.8267014740226
210.07500000000002,238.84257610461606
210.10000000000002,238.85844040605903
210.125,238.8742943850723
210.15,238.89013804837205
210.175,238.90597140267013
210.20000000000002,238.9217944546741
210.22500000000002,238.9376072110872
210.25,238.95340967860795
210.275,238.96920186393095
210.3,238.9849837737462
210.32500000000002,239.0007554147392
210.35000000000002,239.01651679359165
210.375,239.03226791698037
210.4,239.0480087915781
210.425,239.06373942405332
210.45000000000002,239.0794598210697
210.47500000000002,239.09516998928711
210.5,239.11086993536077
210.525,239.1265596659417
210.55,239.14223918767655
210.57500000000002,239.15790850720762
210.60000000000002,239.173567631173
210.625,239.18921656620637
210.65,239.20485531893706
210.675,239.2204838959904
210.70000000000002,239.23610230398705
210.72500000000002,239.2517105495434
210.75,239.2673086392712
210.775,239.28289657977874
210.8,239.29847437766944
210.82500000000002,239.31404203954287
210.85000000000002,239.3295995719937
210.875,239.34514698161252
210.9,239.36068427498606
210.925,239.37621145869622
210.95000000000002,239.3917285393207
210.97500000000002,239.40723552343283
211.0,239.42273241760208
211.025,239.4382192283936
211.05,239.45369596236804
211.07500000000002,239.46916262608187
211.10000000000002,239.48461922608712
211.125,239.5000657689317
211.15,239.51550226115936
211.175,239.53092870930948
211.20000000000002,239.54634511991733
211.22500000000002,239.5617514995135
211.25,239.57714785462485
211.275,239.59253419177384
211.3,239.60791051747844
211.32500000000002,239.6232768382525
211.35000000000002,239.6386331606058
211.375,239.6539794910439
211.4,239.66931583606805
211.425,239.68464220217493
211.45000000000002,239.69995859585748
211.47500000000002,239.71526502360416
211.5,239.73056149189927
211.525,239.74584800722295
211.55,239.76112457605117
211.57500000000002,239.7763912048552
211.60000000000002,239.7916479001028
211.625,239.80689466825714
211.65,239.82213151577707
211.675,239.8373584491177
211.70000000000002,239.85257547472978
211.72500000000002,239.86778259905944
211.75,239.88297982854903
211.775,239.89816716963662
211.8,239.91334462875602
211.82500000000002,239.928512212337
211.85000000000002,239.9436699268047
211.875,239.95881777858077
211.9,239.97395577408238
211.925,239.97980562737607
211.95000000000002,239.98348997263514
211.97500000000002,239.98660072674423
212.0,239.98936982492924
212.025,239.9918271474274
212.05,239.99397643685103
212.07500000000002,239.99581819750352
212.10000000000002,239.99735253773355
212.125,239.99857951763673
212.15,239.99949919140633
212.175,240.0001116124854
212.20000000000002,240.00041683419255
212.22500000000002,240.00041490979945
212.25,240.00010589253932
212.275,239.99948983560864
212.3,239.99856679216674
212.32500000000002,239.99733681533684
212.35000000000002,239.99579995820514
212.375,239.99395627382202
212.4,239.99180581520136
212.425,239.98934863532102
212.45000000000002,239.98658478712287
212.47500000000002,239.98351432351245
212.5,239.98013729736002
212.525,239.97645376149947
212.55,239.97246376872985
212.57500000000002,239.9681673718146
212.60000000000002,239.96356462348123
212.625,239.9586555764225
212.65,239.95344028329612
212.675,239.94791879672414
212.70000000000002,239.94209116929432
212.72500000000002,239.93595745355955
212.75,239.92951770203769
212.775,239.92277196721204
212.8,239.91572030153165
212.82500000000002,239.90836275741106
212.85000000000002,239.90069938723062
212.875,239.8927302433365
212.9,239.8844553780411
212.925,239.87587484362243
212.95000000000002,239.86698869232455
212.97500000000002,239.85779697635863
213.0,239.8482997479014
213.025,239.83849705909665
213.05,239.8283889620543
213.07500000000002,239.8179755088515
213.10000000000002,239.80725675153218
213.125,239.796232742107
213.15,239.78490353255373
213.175,239.77326917481707
213.20000000000002,239.7613297208097
213.22500000000002,239.74908522241105
213.25,239.73653573146842
213.275,239.72368129979643
213.3,239.7105219791777
213.32500000000002,239.69705782136256
213.35000000000002,239.6832888780693
213.375,239.66921520098427
213.4,239.65483684176186
213.425,239.640153852025
213.45000000000002,239.62516628336456
213.47500000000002,239.60987418734027
213.5,239.59427761548093
213.525,239.57837661928295
213.55,239.56217125021243
213.57500000000002,239.54566155970397
213.60000000000002,239.5288475991613
213.625,239.51172941995753
213.65,239.49430707343453
213.675,239.47658061090422
213.70000000000002,239.45855008364768
213.72500000000002,239.44021554291533
213.75,239.42157703992754
213.775,239.40263462587455
213.8,239.38338835191675
213.82500000000002,239.36383826918387
213.85000000000002,239.34398442877637
213.875,239.3238268817649
213.9,239.30336567919
213.925,239.28260087206328
213.95000000000002,239.26153251136668
213.97500000000002,239.24016064805267
214.0,239.21848533304498
214.025,239.1965066172378
214.05,239.17422455149645
214.07500000000002,239.15163918665775
214.10000000000002,239.12875057352878
214.125,239.10555876288933
214.15,239.0820638054897
214.175,239.05826575205205
214.20000000000002,239.03416465326987
214.22500000000002,239.00976055980885
214.25,238.98505352230677
214.275,238.96004359137297
214.3,238.934730817589
214.32500000000002,238.90911525150895
214.35000000000002,238.88319694365842
214.375,238.8569759445365
214.4,238.8304523046144
214.425,238.80362607433557
214.45000000000002,238.77649730411653
214.47500000000002,238.74906604434733
214.5,238.7213323453901
214.525,238.6932962575805
214.55,238.66495783122699
214.57500000000002,238.63631711661225
214.60000000000002,238.60737416399127
214.625,238.57812902359316
214.65,238.54858174562088
214.675,238.5187323802507
214.70000000000002,238.48858097763295
214.72500000000002,238.45812758789208
214.75,238.4273722611263
214.775,238.39631504740848
214.8,238.36495599678528
214.82500000000002,238.33329515927795
214.85000000000002,238.3013325848822
214.875,238.26906832356866
214.9,238.23650242528242
214.925,238.20363493994367
214.95000000000002,238.17046591744696
214.97500000000002,238.13699540766262
215.0,238.1032234604359
215.025,238.06915012558713
215.05,238.03491441498767
215.07500000000002,238.00065345878735
215.10000000000002,237.96639374765067
215.125,237.93213900866598
215.15,237.89788971560753
215.175,237.86364592611537
215.20000000000002,237.8294076464468
215.22500000000002,237.7951748765839
215.25,237.76094761574453
215.275,237.72672586305356
215.3,237.69250961762492
215.32500000000002,237.65829887857163
215.35000000000002,237.62409364500593
215.375,237.5898939160409
215.4,237.55569969078954
215.425,237.52151096836474
215.45000000000002,237.48732774787985
215.47500000000002,237.4531500284481
215.5,237.4189778091832
215.525,237.38481108919862
215.55,237.3506498676083
215.57500000000002,237.31649414352628
215.60000000000002,237.28234391606665
215.625,237.2481991843435
215.65,237.21405994747118
215.675,237.17992620456397
215.70000000000002,237.14579795473696
215.72500000000002,237.11167519710492
215.75,237.07755793078252
215.775,237.04344615488517
215.8,237.00933986852812
215.82500000000002,236.97523907082638
215.85000000000002,236.94114376089573
215.875,236.9070539378518
215.9,236.8729696008103
215.925,236.83889074888722
215.95000000000002,236.80481738119877
215.97500000000002,236.77074949686116
216.0,236.73668709499088
216.025,236.70263017470424
216.05,236.66857873511765
216.07500000000002,236.63453277534853
216.10000000000002,236.6004922945136
216.125,236.5664572917296
216.15,236.5324277661143
216.175,236.4984037167847
216.20000000000002,236.46438514285867
216.22500000000002,236.4303720434535
216.25,236.39636441768695
216.275,236.3623622646773
216.3,236.32836558354253
216.32500000000002,236.2943743734009
216.35000000000002,236.26038863337072
216.375,236.2264083625707
216.4,236.19243356011916
216.425,236.1584642251354
216.45000000000002,236.1245003567378
216.47500000000002,236.0905419540459
216.5,236.05658901617863
216.525,236.02264154225543
216.55,235.98869953139607
216.57500000000002,235.95476298271993
216.60000000000002,235.92083189534716
216.625,235.88690626839713
216.65,235.85298610099045
216.675,235.81907139224703
216.70000000000002,235.78516214128734
216.72500000000002,235.751258347232
216.75,235.7173600092016
216.775,235.68346712631714
216.8,235.6495796976991
216.82500000000002,235.61569772246895
216.85000000000002,235.58182119974762
216.875,235.54795012865674
216.9,235.51408450831775
216.925,235.48022433785243
216.95000000000002,235.4463696163825
216.97500000000002,235.41252034302974
217.0,235.3786765169162
217.025,235.3448381371642
217.05,235.31100520289633
217.07500000000002,235.2771777132348
217.10000000000002,235.24335566730227
217.125,235.20953906422181
217.15,235.17572790311618
217.175,235.14192218310822
217.20000000000002,235.10812190332138
217.22500000000002,235.07432706287895
217.25,235.04053766090445
217.275,235.00675369652163
217.3,234.97297516885408
217.32500000000002,234.93920207702573
217.35000000000002,234.90543442016082
217.375,234.87167219738348
217.4,234.83791540781806
217.425,234.80416405058895
217.45000000000002,234.7704181248209
217.47500000000002,234.73667762963856
217.5,234.70294256416705
217.525,234.6692129275313
217.55,234.63548871885635
217.57500000000002,234.60176993726776
217.60000000000002,234.56805658189091
217.625,234.53434865185156
217.65,234.5006461462753
217.675,234.46694906428823
217.70000000000002,234.43325740501632
217.72500000000002,234.3995711675859
217.75,234.36589035112274
217.775,234.33221495475388
217.8,234.29854497760564
217.82500000000002,234.26488041880492
217.85000000000002,234.23122127747868
217.875,234.1975675527537
217.9,234.1639192437572
217.925,234.13027634961657
217.95000000000002,234.0966388694594
217.97500000000002,234.06300680241338
218.0,234.0293801476061
218.025,233.99575890416529
218.05,233.96214307121923
218.07500000000002,233.9285326478958
218.10000000000002,233.8949276333234
218.125,233.86132802663042
218.15,233.82773382694575
218.175,233.794145033398
218.20000000000002,233.760561645116
218.22500000000002,233.72698366122864
218.25,233.69341108086522
218.275,233.65984390315487
218.3,233.6262821272271
218.32500000000002,233.59272575221163
218.35000000000002,233.5591747772377
218.375,233.52562920143555
218.4,233.49208902393516
218.425,233.45855424386684
218.45000000000002,233.42502486036042
218.47500000000002,233.3915008725466
218.5,233.3579822795558
218.525,233.3244690805191
218.55,233.29096127456717
218.57500000000002,233.2574588608306
218.60000000000002,233.2239618384409
218.625,233.19047020652923
218.65,233.15698396422698
218.675,233.12350311066572
218.70000000000002,233.09002764497717
218.72500000000002,233.0565575662931
218.75,233.0230928737454
218.775,232.98963356646635
218.8,232.9561796435881
218.82500000000002,232.92273110424287
218.85000000000002,232.88928794756322
218.875,232.85585017268204
218.9,232.82241777873202
218.925,232.78899076484623
218.95000000000002,232.7555691301577
218.97500000000002,232.72215287379942
219.0,232.6887419949051
219.025,232.65533649260794
219.05,232.62193636604175
219.07500000000002,232.58854161434036
219.10000000000002,232.55515223663778
219.125,232.52176823206773
219.15,232.48838959976456
219.175,232.45501633886255
219.20000000000002,232.4216484484966
219.22500000000002,232.3882859278012
219.25,232.3549287759107
219.275,232.32157699196034
219.3,232.28823057508492
219.32500000000002,232.25488952441992
219.35000000000002,232.22155383910044
219.375,232.18822351826233
219.4,232.1548985610407
219.425,232.12157896657172
219.45000000000002,232.088264733991
219.47500000000002,232.05495586243464
219.5,232.02165235103877
219.525,231.98835419893976
219.55,231.95506140527394
219.57500000000002,231.92177396917805
219.60000000000002,231.8884918897888
219.625,231.8552151662431
219.65,231.8219437976777
219.675,231.78867778322984
219.70000000000002,231.75541712203685
219.72500000000002,231.7221618132362
219.75,231.68891185596553
219.775,231.65566724936224
219.8,231.6224279925644
219.82500000000002,231.58919408471016
219.85000000000002,231.5559655249375
219.875,231.52274231238442
219.9,231.48952444618953
219.925,231.45631192549135
219.95000000000002,231.42310474942846
219.97500000000002,231.38990291713975
220.0,231.35670642776432
220.025,231.32351528044103
220.05,231.29032947430906
220.07500000000002,231.2571490085081
220.10000000000002,231.22397388217757
220.125,231.1908040944569
220.15,231.1576396444861
220.175,231.12448053140486
220.20000000000002,231.09132675435356
220.22500000000002,231.05817831247208
220.25,231.02503520490097
220.275,230.9918974307809
220.3,230.95876498925222
220.32500000000002,230.92563787945588
220.35000000000002,230.8925161005327
220.375,230.85939965162365
220.4,230.82628853186972
220.425,230.7931827404125
220.45000000000002,230.76008227639338
220.47500000000002,230.72698713895394
220.5,230.69389732723602
220.525,230.6608128403814
220.55,230.62773367753223
220.57500000000002,230.59465983783045
220.60000000000002,230.56159132041873
220.625,230.52852812443913
220.65,230.49547024903433
220.675,230.46241769334688
220.70000000000002,230.42937045651988
220.72500000000002,230.396328537696
220.75,230.36329193601873
220.775,230.33026065063117
220.8,230.2972346806768
220.82500000000002,230.2642140252988
220.85000000000002,230.23119868364117
220.875,230.19818865484763
220.9,230.16518393806237
220.925,230.13218453242936
220.95000000000002,230.09919043709274
220.97500000000002,230.06620165119662
221.0,230.0332181738859
221.025,230.000240004305
221.05,229.96726714159908
221.07500000000002,229.93429958491282
221.10000000000002,229.90133733339118
221.125,229.86838038617924
221.15,229.83542874242264
221.175,229.80248240126667
221.20000000000002,229.7695413618572
221.22500000000002,229.73660562333973
221.25,229.70367518486015
221.275,229.6707500455644
221.3,229.63783020459894
221.32500000000002,229.60491566111
221.35000000000002,229.57200641424393
221.375,229.53910246314732
221.4,229.50620380696685
221.425,229.47331044484937
221.45000000000002,229.44042237594206
221.47500000000002,229.4075395993918
221.5,229.37466211434617
221.525,229.3417899199524
221.55,229.3089230153579
221.57500000000002,229.2760613997105
221.60000000000002,229.2432050721581
221.625,229.21035403184834
221.65,229.17750827792963
221.675,229.14466780955007
221.70000000000002,229.11183262585823
221.72500000000002,229.07900272600256
221.75,229.04617810913155
221.775,229.01335877439385
221.8,228.98054472093864
221.82500000000002,228.94773594791505
221.85000000000002,228.91493245447205
221.875,228.88213423975907
221.9,228.84934130292555
221.925,228.81655364312107
221.95000000000002,228.7837712594955
221.97500000000002,228.75099415119885
222.0,228.71822231738082
222.025,228.68545575719165
222.05,228.65269446978175
222.07500000000002,228.61993845430163
222.10000000000002,228.58718770990166
222.125,228.55444223573272
222.15,228.52170203094548
222.175,228.48896709469096
222.20000000000002,228.45623742612034
222.22500000000002,228.42351302438502
222.25,228.39079388863624
222.275,228.35808001802553
222.3,228.3253714117045
222.32500000000002,228.2926680688248
222.35000000000002,228.2599699885388
222.375,228.22727716999847
222.4,228.19458961235586
222.425,228.16190731476337
222.45000000000002,228.12923027637345
222.47500000000002,228.09655849633876
222.5,228.06389197381225
222.525,228.0312307079467
222.55,227.9985746978952
222.57500000000002,227.96592394281078
222.60000000000002,227.93327844184708
222.625,227.90063819415724
222.65,227.86800319889485
222.675,227.8353734552137
222.70000000000002,227.8027489622678
222.72500000000002,227.77012971921096
222.75,227.73751572519734
222.775,227.70490697938135
222.8,227.67230348091707
222.82500000000002,227.63970522895954
222.85000000000002,227.60711222266318
222.875,227.57452446118265
222.9,227.54194194367318
222.925,227.50936466928974
222.95000000000002,227.4767926371875
222.97500000000002,227.44422584652185
223.0,227.4116642964485
223.025,227.37910798612285
223.05,227.3465569147006
223.07500000000002,227.31401108133795
223.10000000000002,227.28147048519102
223.125,227.24893512541547
223.15,227.21640500116797
223.175,227.183880111605
223.20000000000002,227.15136045588326
223.22500000000002,227.11884603315923
223.25,227.08633684258996
223.275,227.0538328833323
223.3,227.02133415454338
223.32500000000002,226.98884065538064
223.35000000000002,226.95635238500134
223.375,226.9238693425631
223.4,226.8913915272236
223.425,226.85891893814082
223.45000000000002,226.82645157447243
223.47500000000002,226.79398943537672
223.5,226.76153252001174
223.525,226.72908082753582
223.55,226.69663435710794
223.57500000000002,226.66419310788646
223.60000000000002,226.63175707902997
223.625,226.59932626969763
223.65,226.56690067904833
223.675,226.53448030624116
223.70000000000002,226.50206515043558
223.72500000000002,226.46965521079096
223.75,226.43725048646706
223.775,226.4048509766235
223.8,226.37245668041987
223.82500000000002,226.3400675970168
223.85000000000002,226.307683725574
223.875,226.275305065252
223.9,226.24293161521092
223.925,226.2105633746112
223.95000000000002,226.17820034261374
223.97500000000002,226.14584251837937
224.0,226.11348990106893
224.025,226.08114248984364
224.05,226.04880028386455
224.07500000000002,226.01646328229305
224.10000000000002,225.9841314842909
224.125,225.95180488901946
224.15,225.9194834956406
224.175,225.88716730331615
224.20000000000002,225.85485631120815
224.22500000000002,225.8225505184785
224.25,225.7902499242897
224.275,225.75795452780457
224.3,225.72566432818522
224.32500000000002,225.69337932459453
224.35000000000002,225.66109951619535
224.375,225.6288249021507
224.4,225.59655548162362
224.425,225.5642912537773
224.45000000000002,225.53203221777508
224.47500000000002,225.49977837278067
224.5,225.46752971795758
224.525,225.43528625246964
224.55,225.40304797548103
224.57500000000002,225.37081488615564
224.60000000000002,225.33858698365756
224.625,225.30636426715108
224.65,225.27414673580077
224.675,225.24193438877128
224.70000000000002,225.20972722522725
224.72500000000002,225.1775252443334
224.75,225.1453284452552
224.775,225.11313682715752
224.8,225.0809503892055
224.82500000000002,225.0487691305647
224.85000000000002,225.01659305040067
224.875,224.98442214787912
224.9,224.95225642216582
224.925,224.92009587242683
224.95000000000002,224.88794049782794
224.97500000000002,224.8557902975357
225.0,224.82364527071633
225.025,224.79150541653627
225.05,224.75937073416225
225.07500000000002,224.72724122276094
225.10000000000002,224.69511688149916
225.125,224.66299770954416
225.15,224.63088370606306
225.175,224.5987748702229
225.20000000000002,224.56667120119135
225.22500000000002,224.53457269813595
225.25,224.50247936022424
225.275,224.47039118662443
225.3,224.43830817650417
225.32500000000002,224.4062303290317
225.35000000000002,224.37415764337527
225.375,224.34209011870328
225.4,224.31002775418435
225.425,224.27797054898676
225.45000000000002,224.24591850227955
225.47500000000002,224.21387161323136
225.5,224.18182988101157
225.525,224.14979330478909
225.55,224.11776188373338
225.57500000000002,224.08573561701397
225.60000000000002,224.05371450380042
225.625,224.0216985432625
225.65,223.9896877345698
225.675,223.9576820768924
225.70000000000002,223.9256815694004
225.72500000000002,223.89368621126428
225.75,223.86169600165445
225.775,223.82971093974115
225.8,223.7977310246953
225.82500000000002,223.76575625568753
225.85000000000002,223.73378663188882
225.875,223.70182215246987
225.9,223.66986281660226
225.925,223.63790862345726
225.95000000000002,223.60595957220647
225.97500000000002,223.5740156620211
226.0,223.54207689207325
226.025,223.51014326153475
226.05,223.47821476957733
226.07500000000002,223.44629141537337
226.10000000000002,223.4143731980952
226.125,223.38246011691493
226.15,223.35055217100535
226.175,223.31864935953902
226.20000000000002,223.28675168168851
226.22500000000002,223.25485913662715
226.25,223.22297172352788
226.275,223.19108944156383
226.3,223.1592122899084
226.32500000000002,223.12734026773495
226.35000000000002,223.09547337421708
226.375,223.06361160852882
226.4,223.03175496984377
226.425,222.99990345733588
226.45000000000002,222.96805707017938
226.47500000000002,222.93621580754845
226.5,222.9043796686177
226.525,222.87254865256145
226.55,222.84072275855453
226.57500000000002,222.8089019857716
226.60000000000002,222.77708633338767
226.625,222.7452758005779
226.65,222.71347038651754
226.675,222.68167009038171
226.70000000000002,222.64987491134596
226.72500000000002,222.61808484858597
226.75,222.5862999012775
226.775,222.55452006859642
226.8,222.5227453497186
226.82500000000002,222.49097574382034
226.85000000000002,222.45921125007754
226.875,222.42745186766692
226.9,222.39569759576497
226.925,222.36394843354844
226.95000000000002,222.33220438019413
226.97500000000002,222.30046543487865
227.0,222.2687315967793
227.025,222.23700286507346
227.05,222.20527923893837
227.07500000000002,222.17356071755117
227.10000000000002,222.1418473000898
227.125,222.11013898573196
227.15,222.0784357736556
227.175,222.0467376630384
227.20000000000002,222.0150446530587
227.22500000000002,221.9833567428949
227.25,221.95167393172505
227.275,221.91999621872785
227.3,221.88832360308209
227.32500000000002,221.85665608396633
227.35000000000002,221.82499366055973
227.375,221.79333633204132
227.4,221.76168409759
227.425,221.7300369563853
227.45000000000002,221.69839490760688
227.47500000000002,221.66675795043398
227.5,221.63512608404656
227.525,221.60349930762445
227.55,221.57187762034752
227.57500000000002,221.54026102139596
227.60000000000002,221.50864950995017
227.625,221.47704308519025
227.65,221.44544174629684
227.675,221.4138454924508
227.70000000000002,221.38225432283255
227.72500000000002,221.35066823662325
227.75,221.31908723300398
227.775,221.2875113111556
227.8,221.25594047025976
227.82500000000002,221.22437470949782
227.85000000000002,221.19281402805143
227.875,221.16125842510206
227.9,221.12970789983174
227.925,221.09816245142255
227.95000000000002,221.06662207905643
227.97500000000002,221.03508678191542
228.0,221.00355655918221
228.025,220.97203141003925
228.05,220.94051133366918
228.07500000000002,220.9089963292548
228.10000000000002,220.87748639597896
228.125,220.84598153302477
228.15,220.81448173957497
228.175,220.78298701481322
228.20000000000002,220.75149735792291
228.22500000000002,220.72001276808766
228.25,220.68853324449105
228.275,220.65705878631715
228.3,220.62558939274953
228.32500000000002,220.5941250629725
228.35000000000002,220.56266579617028
228.375,220.53121159152724
228.4,220.4997624482279
228.425,220.46831836545684
228.45000000000002,220.43687934239884
228.47500000000002,220.40544537823865
228.5,220.37401647216117
228.525,220.34259262335175
228.55,220.31117383099576
228.57500000000002,220.2797600942784
228.60000000000002,220.2483514123852
228.625,220.21694778450203
228.65,220.18554920981455
228.675,220.15415568750868
228.70000000000002,220.12276721677063
228.72500000000002,220.09138379678643
228.75,220.06000542674252
228.775,220.02863210582515
228.8,219.99726383322115
228.82500000000002,219.96590060811704
228.85000000000002,219.93454242969983
228.875,219.90318929715653
228.9,219.8718412096742
228.925,219.84049816644
228.95000000000002,219.80916016664148
228.97500000000002,219.7778272094661
229.0,219.7464992941013
229.025,219.71517641973495
229.05,219.683858585555
229.07500000000002,219.6525457907495
229.10000000000002,219.6212380345067
229.125,219.58993531601476
229.15,219.55863763446214
229.175,219.52734498903743
229.20000000000002,219.4960573789295
229.22500000000002,219.46477480332692
229.25,219.43349726141867
229.275,219.40222475239378
229.3,219.3709572754417
229.32500000000002,219.3396948297516
229.35000000000002,219.30843741451295
229.375,219.27718502891543
229.4,219.24593767214864
229.425,219.2146953434027
229.45000000000002,219.1834580418676
229.47500000000002,219.1522257667332
229.5,219.12099851718995
229.525,219.08977629242813
229.55,219.05855909163822
229.57500000000002,219.02734691401108
229.60000000000002,218.99613975873743
229.625,218.96493762500808
229.65,218.9337405120143
229.675,218.90254841894702
229.70000000000002,218.87136134499767
229.72500000000002,218.84017928935793
229.75,218.80900225121908
229.775,218.77783022977275
229.8,218.74666322421086
229.82500000000002,218.71550123372546
229.85000000000002,218.6843442575085
229.875,218.65319229475247
229.9,218.62204534464937
229.925,218.59090340639185
229.95000000000002,218.55976647917274
229.97500000000002,218.52863456218466
230.0,218.4975076546201
230.025,218.46638575567252
230.05,218.43526886453492
230.07500000000002,218.40415698040044
230.10000000000002,218.37305010246268
230.125,218.3419482299151
230.15,218.31085136195148
230.175,218.2797594977654
230.20000000000002,218.24867263655088
230.22500000000002,218.217590777502
230.25,218.18651391981285
230.275,218.15544206267782
230.3,218.1243752052912
230.32500000000002,218.0933133468477
230.35000000000002,218.0622564865421
230.375,218.03120462356887
230.4,218.0001577571233
230.425,217.9691158864004
230.45000000000002,217.9380790105954
230.47500000000002,217.9070471289036
230.5,217.87602024052052
230.525,217.8449983446419
230.55,217.81398144046332
230.57500000000002,217.78296952718063
230.60000000000002,217.75196260399
230.625,217.72096067008724
230.65,217.689963724669
230.675,217.65897176693161
230.70000000000002,217.62798479607116
230.72500000000002,217.59700281128474
230.75,217.56602581176904
230.775,217.53505379672094
230.8,217.5040867653374
230.82500000000002,217.4731247168156
230.85000000000002,217.44216765035324
230.875,217.41121556514722
230.9,217.38026846039526
230.925,217.34932633529525
230.95000000000002,217.31838918904464
230.97500000000002,217.28745702084163
231.0,217.25652982988433
231.025,217.22560761537093
231.05,217.19469037649978
231.07500000000002,217.16377811246926
231.10000000000002,217.13287082247794
231.125,217.10196850572459
231.15,217.07107116140793
231.175,217.0401787887272
231.20000000000002,217.00929138688133
231.22500000000002,216.97840895506945
231.25,216.94753149249124
231.275,216.91665899834598
231.3,216.88579147183358
231.32500000000002,216.85492891215358
231.35000000000002,216.824071318506
231.375,216.7932186900907
231.4,216.76237102610781
231.425,216.7315283257576
231.45000000000002,216.7006905882404
231.47500000000002,216.669857812757
231.5,216.63902999850794
231.525,216.60820714469403
231.55,216.57738925051638
231.57500000000002,216.54657631517583
231.60000000000002,216.51576833787365
231.625,216.48496531781117
231.65,216.45416725418963
231.675,216.42337414621076
231.70000000000002,216.39258599307615
231.72500000000002,216.36180279398778
231.75,216.33102454814733
231.775,216.30025125475726
231.8,216.2694829130196
231.82500000000002,216.23871952213688
231.85000000000002,216.2079610813114
231.875,216.1772075897457
231.9,216.14645904664252
231.925,216.11571545120464
231.95000000000002,216.08497680263537
231.97500000000002,216.05424310013746
232.0,216.02351434291452
232.025,215.99279053016954
232.05,215.9620716611062
232.07500000000002,215.9313577349282
232.10000000000002,215.90064875083917
232.125,215.86994470804305
232.15,215.839245605744
232.175,215.80855144314606
232.20000000000002,215.77786221945334
232.22500000000002,215.74717793387043
232.25,215.71649858560204
232.275,215.6858241738526
232.3,215.6551546978266
232.32500000000002,215.62449015672928
232.35000000000002,215.59383054976587
232.375,215.56317587614132
232.4,215.5325261350609
232.425,215.5018813257301
232.45000000000002,215.47124144735457
232.47500000000002,215.44060649913988
232.5,215.40997648029176
232.525,215.3793513900162
232.55,215.3487312275194
232.57500000000002,215.3181159920075
232.60000000000002,215.28750568268694
232.625,215.25690029876392
232.65,215.2262998394453
232.675,215.19570430393776
232.70000000000002,215.16511369144783
232.72500000000002,215.13452800118264
232.75,215.10394723234967
232.775,215.0733713841557
232.8,215.0428004558082
232.82500000000002,215.0122344465148
232.85000000000002,214.98167335548277
232.875,214.95111718192004
232.9,214.9205659250346
232.925,214.89001958403432
232.95000000000002,214.85947815812733
232.97500000000002,214.8289416465218
233.0,214.79841004842635
233.025,214.7678833630492
233.05,214.73736158959926
233.07500000000002,214.70684472728496
233.10000000000002,214.6763327753153
233.125,214.6458257328993
233.15,214.61532359924647
233.175,214.5848263735658
233.20000000000002,214.55433405506645
233.22500000000002,214.52384664295823
233.25,214.49336413645094
233.275,214.46288653475395
233.3,214.43241383707735
233.32500000000002,214.4019460426315
233.35000000000002,214.3714831506262
233.375,214.34102516027178
233.4,214.31057207077882
233.425,214.28012388135755
233.45000000000002,214.24968059121886
233.47500000000002,214.21924219957376
233.5,214.18880870563288
233.525,214.1583801086075
233.55,214.1279564077087
233.57500000000002,214.09753760214758
233.60000000000002,214.0671236911359
233.625,214.03671467388511
233.65,214.00631054960695
233.675,213.9759113175132
233.70000000000002,213.9455169768157
233.72500000000002,213.91512752672685
233.75,213.88474296645848
233.775,213.85436329522332
233.8,213.82398851223354
233.82500000000002,213.79361861670182
233.85000000000002,213.76325360784085
233.875,213.73289348486335
233.9,213.70253824698256
233.925,213.67218789341135
233.95000000000002,213.64184242336307
233.97500000000002,213.61150183605113
234.0,213.5811661306888
234.025,213.55083530648977
234.05,213.52050936266804
234.07500000000002,213.49018829843718
234.10000000000002,213.4598721130111
234.125,213.42956080560424
234.15,213.3992543754306
234.175,213.36895282170454
234.20000000000002,213.33865614364055
234.22500000000002,213.30836434045318
234.25,213.27807741135732
234.275,213.24779535556794
234.3,213.2175181723
234.32500000000002,213.18724586076854
234.35000000000002,213.15697842018878
234.375,213.12671584977633
234.4,213.09645814874648
234.425,213.0662053163149
234.45000000000002,213.0359573516974
234.47500000000002,213.00571425410982
234.5,212.97547602276802
234.525,212.94524265688858
234.55,212.9150141556874
234.57500000000002,212.88479051838098
234.60000000000002,212.85457174418593
234.625,212.82435783231884
234.65,212.7941487819964
234.675,212.76394459243542
234.70000000000002,212.73374526285315
234.72500000000002,212.70355079246687
234.75,212.67336118049374
234.775,212.64317642615103
234.8,212.61299652865628
234.82500000000002,212.58282148722716
234.85000000000002,212.55265130108162
234.875,212.52248596943755
234.9,212.49232549151284
234.925,212.4621698665257
234.95000000000002,212.43201909369446
234.97500000000002,212.40187317223743
235.0,212.37173210137328
235.025,212.34159588032077
235.05,212.31146450829849
235.07500000000002,212.28133798452555
235.10000000000002,212.25121630822082
235.125,212.22109947860375
235.15,212.19098749489345
235.175,212.16088035630918
235.20000000000002,212.13077806207065
235.22500000000002,212.10068061139773
235.25,212.07058800351004
235.275,212.04050023762755
235.3,212.01041731297042
235.32500000000002,211.98033922875848
235.35000000000002,211.9502659842125
235.375,211.9201975785526
235.4,211.8901340109994
235.425,211.86007528077366
235.45000000000002,211.83002138709628
235.47500000000002,211.79997232918805
235.5,211.76992810626993
235.525,211.7398887175635
235.55,211.70985416228967
235.57500000000002,211.6798244396701
235.60000000000002,211.64979954892632
235.625,211.61977948927995
235.65,211.58976425995306
235.675,211.55975386016732
235.70000000000002,211.5297482891449
235.72500000000002,211.499747546108
235.75,211.46975163027898
235.775,211.43976054088012
235.8,211.40977427713432
235.82500000000002,211.37979283826408
235.85000000000002,211.34981622349233
235.875,211.31984443204203
235.9,211.28987746313607
235.925,211.25991531599774
235.95000000000002,211.2299579898503
235.97500000000002,211.2000054839173
236.0,211.17005779742223
236.025,211.14011492958906
236.05,211.11017687964127
236.07500000000002,211.08024364680307
236.10000000000002,211.05031523029857
236.125,211.02039162935182
236.15,210.9904728431871
236.175,210.96055887102878
236.20000000000002,210.93064971210168
236.22500000000002,210.90074536563043
236.25,210.87084583083993
236.275,210.84095110695503
236.3,210.81106119320094
236.32500000000002,210.781176088803
236.35000000000002,210.7512957929861
236.375,210.72142030497614
236.4,210.6915496239984
236.425,210.6616837492786
236.45000000000002,210.6318226800427
236.47500000000002,210.60196641551664
236.5,210.5721149549265
236.525,210.5422682974987
236.55,210.51242644245914
236.57500000000002,210.4825893890345
236.60000000000002,210.45275713645145
236.625,210.4229296839366
236.65,210.39310703071664
236.675,210.3632891760188
236.70000000000002,210.33347611907007
236.72500000000002,210.3036678590977
236.75,210.27386439532887
236.775,210.2440657269913
236.8,210.21427185331217
236.82500000000002,210.18448277351942
236.85000000000002,210.15469848684094
236.875,210.12491899250477
236.9,210.09514428973884
236.925,210.0653743777714
236.95000000000002,210.0356092558308
236.97500000000002,210.00584892314532
237.0,209.97609337894363
237.025,209.94634262245452
237.05,209.91659665290686
237.07500000000002,209.88685546952948
237.10000000000002,209.85711907155152
237.125,209.82738745820225
237.15,209.797660628711
237.175,209.76793858230695
237.20000000000002,209.7382213182201
237.22500000000002,209.70850883567977
237.25,209.67880113391604
237.275,209.64909821215883
237.3,209.61940006963815
237.32500000000002,209.58970670558412
237.35000000000002,209.560018119227
237.375,209.53033430979744
237.4,209.500655276526
237.425,209.47098101864324
237.45000000000002,209.44131153538018
237.47500000000002,209.41164682596758
237.5,209.3819868896365
237.525,209.3523317256185
237.55,209.3226813331446
237.57500000000002,209.29303571144624
237.60000000000002,209.26339485975487
237.625,209.23375877730234
237.65,209.20412746332062
237.675,209.1745009170414
237.70000000000002,209.1448791376968
237.72500000000002,209.11526212451915
237.75,209.08564987674058
237.775,209.0560423935936
237.8,209.0264396743107
237.82500000000002,208.9968417181246
237.85000000000002,208.9672485242681
237.875,208.93766009197418
237.9,208.90807642047588
237.925,208.87849750900625
237.95000000000002,208.8489233567988
237.97500000000002,208.81935396308694
238.0,208.78978932710402
238.025,208.7602294480839
238.05,208.73067432526037
238.07500000000002,208.70112395786714
238.10000000000002,208.6715783451385
238.125,208.6420374863087
238.15,208.61250138061183
238.175,208.58297002728227
238.20000000000002,208.55344342555466
238.22500000000002,208.52392157466358
238.25,208.49440447384382
238.275,208.46489212233053
238.3,208.43538451935848
238.32500000000002,208.40588166416288
238.35000000000002,208.37638355597915
238.375,208.34689019404254
238.4,208.31740157758873
238.425,208.28791770585332
238.45000000000002,208.258438578072
238.47500000000002,208.22896419348072
238.5,208.19949455131538
238.525,208.1700296508122
238.55,208.14056949120757
238.57500000000002,208.11111407173763
238.60000000000002,208.0816633916392
238.625,208.05221745014893
238.65,208.02277624650344
238.675,207.99333977993945
238.70000000000002,207.96390804969394
238.72500000000002,207.93448105500437
238.75,207.9050587951079
238.775,207.87564126924178
238.8,207.84622847664374
238.82500000000002,207.8168204165512
238.85000000000002,207.7874170882021
238.875,207.75801849083405
238.9,207.72862462368528
238.925,207.6992354859939
238.95000000000002,207.66985107699807
238.97500000000002,207.64047139593606
239.0,207.61109644204646
239.025,207.58172621456794
239.05,207.5523607127391
239.07500000000002,207.52299993579877
239.10000000000002,207.4936438829861
239.125,207.46429255354008
239.15,207.43494594669988
239.175,207.40560406170493
239.20000000000002,207.37626689779464
239.22500000000002,207.3469344542087
239.25,207.31760673018672
239.275,207.28828372496884
239.3,207.2589654377947
239.32500000000002,207.22965186790458
239.35000000000002,207.20034301453845
239.375,207.17103887693685
239.4,207.14173945434018
239.425,207.11244474598897
239.45000000000002,207.08315475112383
239.47500000000002,207.05386946898574
239.5,207.02458889881575
239.525,206.99531303985458
239.55,206.9660418913435
239.57500000000002,206.93677545252393
239.60000000000002,206.90751372263742
239.625,206.87825670092548
239.65,206.8490043866296
239.675,206.8197567789917
239.70000000000002,206.79051387725366
239.72500000000002,206.76127568065772
239.75,206.73204218844577
239.775,206.70281339986022
239.8,206.67358931414344
239.82500000000002,206.64436993053815
239.85000000000002,206.61515524828684
239.875,206.58594526663236
239.9,206.55673998481745
239.925,206.5275394020854
239.95000000000002,206.49834351767913
239.97500000000002,206.46915233084206
240.0,206.4399658408174
240.025,206.4107840468488
240.05,206.38160694817975
240.07500000000002,206.3524345440544
240.10000000000002,206.32326683371622
240.125,206.2941038164094
240.15,206.264945491378
240.175,206.23579185786636
240.20000000000002,206.20664291511864
240.22500000000002,206.17749866237972
240.25,206.14835909889385
240.275,206.11922422390575
240.3,206.09009403666042
240.32500000000002,206.06096853640298
240.35000000000002,206.03184772237836
240.375,206.0027315938317
240.4,205.9736201500086
240.425,205.9445133901542
240.45000000000002,205.91541131351445
240.47500000000002,205.8863139193348
240.5,205.85722120686108
240.525,205.82813317533925
240.55,205.79904982401544
240.57500000000002,205.76997115213587
240.60000000000002,205.74089715894692
240.625,205.7118278436948
240.65,205.6827632056263
240.675,205.65370324398813
240.70000000000002,205.6246479580269
240.72500000000002,205.59559734698965
240.75,205.56655141012342
240.775,205.53751014667552
240.8,205.5084735558931
240.82500000000002,205.47944163702368
240.85000000000002,205.45041438931446
240.875,205.42139181201347
240.9,205.3923739043684
240.925,205.36336066562694
240.95000000000002,205.33435209503713
240.97500000000002,205.30534819184734
241.0,205.27634895530565
241.025,205.24735438466075
241.05,205.21836447916095
241.07500000000002,205.18937923805484
241.10000000000002,205.16039866059108
241.125,205.1314227460188
241.15,205.10245149358687
241.175,205.07348490254424
241.20000000000002,205.04452297214036
241.22500000000002,205.01556570162458
241.25,204.98661309024627
241.275,204.95766513725488
241.3,204.92872184190045
241.32500000000002,204.89978320343258
241.35000000000002,204.87084922110148
241.375,204.84191989415723
241.4,204.8129952218499
241.425,204.78407520342975
241.45000000000002,204.7551598381474
241.47500000000002,204.72624912525322
241.5,204.6973430639979
241.525,204.66844165363256
241.55,204.63954489340787
241.57500000000002,204.61065278257493
241.60000000000002,204.58176532038462
241.625,204.55288250608862
241.65,204.52400433893843
241.675,204.49513081818534
241.70000000000002,204.46626194308112
241.72500000000002,204.43739771287744
241.75,204.40853812682613
241.775,204.3796831841794
241.8,204.35083288418926
241.82500000000002,204.32198722610815
241.85000000000002,204.2931462091884
241.875,204.26430983268259
241.9,204.23547809584312
241.925,204.2066509979228
241.95000000000002,204.17782853817445
241.97500000000002,204.1490107158511
242.0,204.12019753020596
242.025,204.09138898049224
242.05,204.06258506596302
242.07500000000002,204.03378578587208
242.10000000000002,204.00499113947296
242.125,203.97620112601916
242.15,203.94741574476458
242.175,203.9186349949631
242.20000000000002,203.88985887586915
242.22500000000002,203.8610873867366
242.25,203.8323205268199
242.275,203.80355829537336
242.3,203.7748006916517
242.32500000000002,203.7460477149096
242.35000000000002,203.71729936440173
242.375,203.68855563938305
242.4,203.65981653910865
242.425,203.63108206283354
242.45000000000002,203.602352209813
242.47500000000002,203.57362697930236
242.5,203.54490637055724
242.525,203.51619038283349
242.55,203.48747901538658
242.57500000000002,203.45877226747254
242.60000000000002,203.4300701383474
242.625,203.40137262726694
242.65,203.37267973348776
242.675,203.34399145626608
242.70000000000002,203.31530779485834
242.72500000000002,203.2866287485212
242.75,203.25795431651125
242.775,203.2292844980856
242.8,203.200619292501
242.82500000000002,203.17195869901468
242.85000000000002,203.1433027168837
242.875,203.1146513453654
242.9,203.0860045837169
242.925,203.0573624311962
242.95000000000002,203.02872488706092
242.97500000000002,203.0000919505687
243.0,202.97146362097752
243.025,202.94283989754544
243.05,202.91422077953055
243.07500000000002,202.88560626619125
243.10000000000002,202.8569963567858
243.125,202.82839105057275
243.15,202.7997903468108
243.175,202.7711942447585
243.20000000000002,202.7426027436751
243.22500000000002,202.71401584281924
243.25,202.68543354145046
243.275,202.65685583882745
243.3,202.62828273421002
243.32500000000002,202.59971422685746
243.35000000000002,202.5711503160293
243.375,202.54259100098523
243.4,202.51403628098507
243.425,202.48548615528878
243.45000000000002,202.45694062315673
243.47500000000002,202.42839968384868
243.5,202.39986333662523
243.525,202.37133158074658
243.55,202.34280441547364
243.57500000000002,202.3142818400667
243.60000000000002,202.2857638537866
243.625,202.2572504558946
243.65,202.22874164565135
243.675,202.20023742231803
243.70000000000002,202.17173778515595
243.72500000000002,202.14324273342658
243.75,202.11475226639146
243.775,202.08626638331194
243.8,202.05778508344977
243.82500000000002,202.02930836606717
243.85000000000002,202.0008362304259
243.875,201.97236867578812
243.9,201.94390570141607
243.925,201.91544730657196
243.95000000000002,201.8869934905184
243.97500000000002,201.85854425251776
244.0,201.830099591833
244.025,201.80165950772658
244.05,201.77322399946166
244.07500000000002,201.74479306630118
244.10000000000002,201.71636670750863
244.125,201.68794492234684
244.15,201.65952771007963
244.175,201.6311150699702
244.20000000000002,201.6027070012823
244.22500000000002,201.57430350327996
244.25,201.54590457522656
244.275,201.51751021638648
244.3,201.4891204260238
244.32500000000002,201.46073520340275
244.35000000000002,201.43235454778772
244.375,201.4039784584429
244.4,201.37560693463297
244.425,201.34723997562284
244.45000000000002,201.3188775806773
244.47500000000002,201.2905197490613
244.5,201.26216648003978
244.525,201.23381777287804
244.55,201.20547362684133
244.57500000000002,201.17713404119536
244.60000000000002,201.1487990152055
244.625,201.1204685481373
244.65,201.09214263925662
244.675,201.06382128782943
244.70000000000002,201.03550449312155
244.72500000000002,201.00719225439914
244.75,200.97888457092867
244.775,200.95058144197625
244.8,200.92228286680853
244.82500000000002,200.89398884469233
244.85000000000002,200.86569937489398
244.875,200.83741445668053
244.9,200.80913408931914
244.925,200.78085827207642
244.95000000000002,200.75258700421978
244.97500000000002,200.72432028501677
245.0,200.69605811373467
245.025,200.66780048964102
245.05,200.6395474120035
245.07500000000002,200.61129888008992
245.10000000000002,200.58305489316817
245.125,200.55481545050634
245.15,200.5265805513725
245.175,200.49835019503504
245.20000000000002,200.47012438076223
245.22500000000002,200.44190310782255
245.25,200.41368637548484
245.275,200.3854741830176
245.3,200.35726652968984
245.32500000000002,200.32906341477053
245.35000000000002,200.30086483752868
245.375,200.27267079723364
245.4,200.24448129315468
245.425,200.21629632456103
245.45000000000002,200.18811589072254
245.47500000000002,200.1599399909086
245.5,200.1317686243894
245.525,200.10360179043465
245.55,200.07543948831426
245.57500000000002,200.04728171729857
245.60000000000002,200.01912847665787
245.625,199.99097976566264
245.65,199.9628355835832
245.675,199.93469592969018
245.70000000000002,199.90656080325425
245.72500000000002,199.87843020354646
245.75,199.8503041298379
245.775,199.82218258139952
245.8,199.79406555750248
245.82500000000002,199.7659530574182
245.85000000000002,199.73784508041797
245.875,199.70974162577366
245.9,199.6816426927568
245.925,199.65354828063917
245.95000000000002,199.62545838869255
245.97500000000002,199.59737301618924
246.0,199.56929216240133
246.025,199.54121582660113
246.05,199.51314400806086
246.07500000000002,199.48507670605323
246.10000000000002,199.45701391985062
246.125,199.42895564872586
246.15,199.40090189195186
246.175,199.37285264880165
246.20000000000002,199.34480791854818
246.22500000000002,199.31676770046496
246.25,199.28873199382505
246.275,199.260700797902
246.3,199.2326741119694
246.32500000000002,199.20465193530077
246.35000000000002,199.17663426717027
246.375,199.14862110685146
246.4,199.12061245361843
246.425,199.09260830674566
246.45000000000002,199.06460866550694
246.47500000000002,199.03661352917692
246.5,199.00862289702997
246.525,198.98063676834087
246.55,198.95265514238437
246.57500000000002,198.92467801843537
246.60000000000002,198.89670539576866
246.625,198.86873727365943
246.65,198.84077365138288
246.675,198.8128145282141
246.70000000000002,198.78485990342878
246.72500000000002,198.75690977630256
246.75,198.72896414611108
246.775,198.70102301213
246.8,198.6730863736352
246.82500000000002,198.64515422990274
246.85000000000002,198.61722658020898
246.875,198.58930342383002
246.9,198.56138476004207
246.925,198.53347058812201
246.95000000000002,198.50556090734614
246.97500000000002,198.47765571699114
247.0,198.44975501633405
247.025,198.4218588046518
247.05,198.39396708122138
247.07500000000002,198.36607984532017
247.10000000000002,198.33819709622517
247.125,198.31031883321398
247.15,198.28244505556432
247.175,198.25457576255377
247.20000000000002,198.22671095345984
247.22500000000002,198.19885062756063
247.25,198.17099478413422
247.275,198.14314342245845
247.3,198.11529654181172
247.32500000000002,198.0874541414725
247.35000000000002,198.05961622071928
247.375,198.03178277883055
247.4,198.0039538150851
247.425,197.97612932876174
247.45000000000002,197.94830931913938
247.47500000000002,197.92049378549714
247.5,197.892682727114
247.525,197.8648761432694
247.55,197.83707403324263
247.57500000000002,197.80927639631335
247.60000000000002,197.78148323176123
247.625,197.75369453886591
247.65,197.72591031690737
247.675,197.69813056516554
247.70000000000002,197.67035528292047
247.72500000000002,197.64258446945237
247.75,197.61481812404165
247.775,197.58705624596882
247.8,197.55929883451444
247.82500000000002,197.53154588895924
247.85000000000002,197.50379740858375
247.875,197.47605339266903
247.9,197.4483138404961
247.925,197.4205787513462
247.95000000000002,197.39284812450052
247.97500000000002,197.36512195924067
248.0,197.3374002548479
248.025,197.30968301060395
248.05,197.28197022579062
248.07500000000002,197.2542618996896
248.10000000000002,197.22655803158273
248.125,197.19885862075233
248.15,197.17116366648057
248.175,197.14347316804975
248.20000000000002,197.11578712474224
248.22500000000002,197.0881055358406
248.25,197.06042840062742
248.275,197.03275571838546
248.3,197.0050874883978
248.32500000000002,196.97742370994726
248.35000000000002,196.9497643823172
248.375,196.92210950479054
248.4,196.89445907665072
248.425,196.86681309718134
248.45000000000002,196.83917156566596
248.47500000000002,196.81153448138835
248.5,196.78390184363224
248.525,196.75627365168145
248.55,196.72864990482017
248.57500000000002,196.7010306023324
248.60000000000002,196.6734157435027
248.625,196.64580532761525
248.65,196.61819935395474
248.675,196.59059782180563
248.70000000000002,196.56300073045264
248.72500000000002,196.5354080791805
248.75,196.50781986727458
248.775,196.48023609401983
248.8,196.45265675870127
248.82500000000002,196.42508186060442
248.85000000000002,196.39751139901458
248.875,196.36994537321735
248.9,196.34238378249836
248.925,196.31482662614326
248.95000000000002,196.28727390343803
248.97500000000002,196.2597256136688
249.0,196.2321817561218
249.025,196.2046423300829
249.05,196.17710733483875
249.07500000000002,196.1495767696759
249.10000000000002,196.1220506338806
249.125,196.09452892673988
249.15,196.06701164754023
249.175,196.03949879556887
249.20000000000002,196.01199037011273
249.22500000000002,195.98448637045888
249.25,195.95698679589478
249.275,195.92949164570777
249.3,195.90200091918513
249.32500000000002,195.8745146156147
249.35000000000002,195.8470327342843
249.375,195.81955527448176
249.4,195.79208223549492
249.425,195.7646136166119
249.45000000000002,195.73714941712086
249.47500000000002,195.70968963631017
249.5,195.68223427346828
249.525,195.6547833278837
249.55,195.6273367988451
249.57500000000002,195.59989468564106
249.60000000000002,195.57245698756063
249.625,195.54502370389284
249.65,195.51759483392678
249.675,195.49017037695165
249.70000000000002,195.46275033225683
249.72500000000002,195.4353346991319
249.75,195.40792347686613
249.775,195.38051666474945
249.8,195.3531142620718
249.82500000000002,195.32571626812276
249.85000000000002,195.29832268219255
249.875,195.27093350357123
249.9,195.24354873154897
249.925,195.21616836541645
249.95000000000002,195.18879240446387
249.97500000000002,195.16142084798187
250.0,195.1340536952613
250.025,195.106690945593
250.05,195.079332598268
250.07500000000002,195.0519786525773
250.10000000000002,195.02462910781193
250.125,194.99728396326321
250.15,194.96994321822257
250.175,194.94260687198144
250.20000000000002,194.91527492383182
250.22500000000002,194.88794737306532
250.25,194.8606242189736
250.275,194.83330546084875
250.3,194.8059910979829
250.32500000000002,194.77868112966814
250.35000000000002,194.75137555519694
250.375,194.72407437386167
250.4,194.69677758495487
250.425,194.6694851877693
250.45000000000002,194.64219718159757
250.47500000000002,194.6149135657327
250.5,194.58763433946768
250.525,194.56035950209568
250.55,194.53308905290982
250.57500000000002,194.50582299120342
250.60000000000002,194.47856131626995
250.625,194.45130402740315
250.65,194.4240511238966
250.675,194.39680260504423
250.70000000000002,194.3695584701399
250.72500000000002,194.34231871847746
250.75,194.31508334935117
250.775,194.2878523620554
250.8,194.26062575588452
250.82500000000002,194.2334035301328
250.85000000000002,194.20618568409495
250.875,194.17897221706582
250.9,194.15176312834026
250.925,194.12455841721302
250.95000000000002,194.09735808297924
250.97500000000002,194.07016212493406
251.0,194.0429705423727
251.025,194.01578333459085
251.05,193.98860050088385
251.07500000000002,193.96142204054723
251.10000000000002,193.93424795287683
251.125,193.90707823716843
251.15,193.87991289271807
251.175,193.85275191882184
251.20000000000002,193.8255953147757
251.22500000000002,193.79844307987656
251.25,193.77129521342036
251.275,193.7441517147038
251.3,193.71701258302343
251.32500000000002,193.68987781767598
251.35000000000002,193.66274741795843
251.375,193.6356213831677
251.4,193.60849971260086
251.425,193.58138240555516
251.45000000000002,193.55426946132806
251.47500000000002,193.52716087921698
251.5,193.5000566585195
251.525,193.47295679853323
251.55,193.44586129855585
251.57500000000002,193.41877015788523
251.60000000000002,193.39168337581964
251.625,193.36460095165697
251.65,193.33752288469557
251.675,193.31044917423364
251.70000000000002,193.28337981956977
251.72500000000002,193.25631482000276
251.75,193.2292541748311
251.775,193.20219788335353
251.8,193.175145944869
251.82500000000002,193.1480983586765
251.85000000000002,193.12105512407516
251.875,193.0940162403646
251.9,193.06698170684393
251.925,193.03995152281246
251.95000000000002,193.01292568756992
251.97500000000002,192.98590420041594
252.0,192.95888706065043
252.025,192.93187426757348
252.05,192.904865820485
252.07500000000002,192.877861718685
252.10000000000002,192.85086196147384
252.125,192.82386654815213
252.15,192.79687547802027
252.175,192.76988875037856
252.20000000000002,192.74290636452795
252.22500000000002,192.71592831976955
252.25,192.68895461540396
252.275,192.66198525073247
252.3,192.6350202250561
252.32500000000002,192.60805953767607
252.35000000000002,192.58110318789377
252.375,192.55415117501093
252.4,192.52720349832913
252.425,192.50026015714997
252.45000000000002,192.4733211507755
252.47500000000002,192.44638647850766
252.5,192.41945613964842
252.525,192.39253013349997
252.55,192.36560845936475
252.57500000000002,192.338691116545
252.60000000000002,192.3117781043433
252.625,192.2848694220624
252.65,192.25796506900483
252.675,192.23106504447367
252.70000000000002,192.20416934777194
252.72500000000002,192.1772779782027
252.75,192.15039093506903
252.775,192.12350821767427
252.8,192.09662982532183
252.82500000000002,192.06975575731516
252.85000000000002,192.0428860129583
252.875,192.01602059155468
252.9,191.9891594924084
252.925,191.96230271482338
252.95000000000002,191.93545025810346
252.97500000000002,191.9086021215533
253.0,191.88175830447688
253.025,191.85491880617866
253.05,191.82808362596333
253.07500000000002,191.8012527631355
253.10000000000002,191.774426217
253.125,191.74760398686192
253.15,191.72078607202573
253.175,191.69397247179705
253.20000000000002,191.66716318548106
253.22500000000002,191.64035821238275
253.25,191.6135575518077
253.275,191.58676120306177
253.3,191.5599691654505
253.32500000000002,191.5331814382792
253.35000000000002,191.50639802085422
253.375,191.47961891248158
253.4,191.45284411246735
253.425,191.4260736201178
253.45000000000002,191.3993074347392
253.47500000000002,191.37254555563803
253.5,191.3457879821208
253.525,191.31903471349432
253.55,191.29228574906548
253.57500000000002,191.26554108814113
253.60000000000002,191.23880073002806
253.625,191.21206467403346
253.65,191.18533291946483
253.675,191.15860546562934
253.70000000000002,191.13188231183432
253.72500000000002,191.10516345738736
253.75,191.0784489015964
253.775,191.05173864376903
253.8,191.02503268321328
253.82500000000002,190.99833101923747
253.85000000000002,190.9716336511491
253.875,190.944940578257
253.9,190.91825179986918
253.925,190.89156731529417
253.95000000000002,190.86488712384042
253.97500000000002,190.838211224817
254.0,190.81153961753256
254.025,190.78487230129596
254.05,190.75820927541625
254.07500000000002,190.73155053920257
254.10000000000002,190.70489609196412
254.125,190.67824593301034
254.15,190.65160006165058
254.175,190.62495847719453
254.20000000000002,190.59832117895195
254.22500000000002,190.57168816623263
254.25,190.54505943834627
254.275,190.518434994603
254.3,190.4918148343132
254.32500000000002,190.46519895678688
254.35000000000002,190.4385873613345
254.375,190.41198004726652
254.4,190.38537701389353
254.425,190.35877826052635
254.45000000000002,190.3321837864757
254.47500000000002,190.30559359105246
254.5,190.27900767356766
254.525,190.2524260333324
254.55,190.2258486696581
254.57500000000002,190.1992755818561
254.60000000000002,190.17270676923766
254.625,190.14614223111468
254.65,190.11958196679876
254.675,190.0930259756015
254.70000000000002,190.06647425683516
254.72500000000002,190.0399268098116
254.75,190.01338363384292
254.775,189.98684472824146
254.8,189.96031009231967
254.82500000000002,189.93377972538966
254.85000000000002,189.90725362676443
254.875,189.8807317957563
254.9,189.85421423167853
254.925,189.8277009338438
254.95000000000002,189.80119190156512
254.97500000000002,189.7746871341558
255.0,189.74818663092893
255.025,189.72169039119802
255.05,189.69519841427626
255.07500000000002,189.66871069947754
255.10000000000002,189.64222724611525
255.125,189.61574805350344
255.15,189.58927312095608
255.175,189.562802447787
255.20000000000002,189.53633603331053
255.22500000000002,189.5098738768408
255.25,189.48341597769223
255.275,189.45696233517944
255.3,189.4305129486169
255.32500000000002,189.40406781731903
255.35000000000002,189.37762694060083
255.375,189.3511903177774
255.4,189.32475794816358
255.425,189.29832983107457
255.45000000000002,189.27190596582537
255.47500000000002,189.2454863517316
255.5,189.21907098810883
255.525,189.19265987427244
255.55,189.1662530095383
255.57500000000002,189.13985039322205
255.60000000000002,189.11345202463966
255.625,189.08705790310705
255.65,189.0606680279404
255.675,189.03428239845613
255.70000000000002,189.0079010139704
255.72500000000002,188.98152387379972
255.75,188.95515097726076
255.775,188.92878232367008
255.8,188.9024179123444
255.82500000000002,188.87605774260066
255.85000000000002,188.84970181375607
255.875,188.82335012512763
255.9,188.7970026760324
255.925,188.7706594657881
255.95000000000002,188.74432049371188
255.97500000000002,188.7179857591213
256.0,188.69165526133418
256.02500000000003,188.66532899966836
256.05,188.6390069734416
256.075,188.61268918197197
256.1,188.58637562457753
256.125,188.56006630057655
256.15000000000003,188.53376120928715
256.175,188.50746035002803
256.2,188.48116372211777
256.225,188.4548713248748
256.25,188.4285831576181
256.27500000000003,188.40229921966642
256.3,188.3760195103388
256.325,188.34974402895466
256.35,188.32347277483277
256.375,188.29720574729274
256.40000000000003,188.27094294565376
256.425,188.24468436923564
256.45,188.21843001735792
256.475,188.19217988934042
256.5,188.16593398450277
256.52500000000003,188.13969230216526
256.55,188.11345484164767
256.575,188.08722160227046
256.6,188.0609925833539
256.625,188.03476778421827
256.65000000000003,188.0085472041843
256.675,187.9823308425725
256.7,187.9561186987037
256.725,187.92991077189876
256.75,187.90370706147849
256.77500000000003,187.87750756676402
256.8,187.85131228707667
256.825,187.82512122173762
256.85,187.7989343700684
256.875,187.77275173139057
256.90000000000003,187.74657330502566
256.925,187.72039909029547
256.95,187.6942290865218
256.975,187.6680632930266
257.0,187.6419017091318
257.02500000000003,187.61574433415964
257.05,187.58959116743253
257.075,187.56344220827285
257.1,187.53729745600302
257.125,187.51115690994556
257.15000000000003,187.48502056942337
257.175,187.45888843375926
257.2,187.4327605022762
257.225,187.40663677429717
257.25,187.3805172491454
257.27500000000003,187.35440192614425
257.3,187.32829080461673
257.325,187.30218388388653
257.35,187.27608116327727
257.375,187.24998264211274
257.40000000000003,187.2238883197168
257.425,187.197798195413
257.45,187.1717122685258
257.475,187.14563053837898
257.5,187.11955300429702
257.52500000000003,187.09347966560426
257.55,187.06741052162528
257.575,187.0413455716843
257.6,187.01528481510636
257.625,186.989228251216
257.65000000000003,186.96317587933828
257.675,186.93712769879818
257.7,186.91108370892076
257.725,186.88504390903134
257.75,186.8590082984552
257.77500000000003,186.83297687651793
257.8,186.8069496425449
257.825,186.780926595862
257.85,186.7549077357945
257.875,186.72889306166888
257.90000000000003,186.7028825728109
257.925,186.67687626854672
257.95,186.6508741482024
257.975,186.62487621110424
258.0,186.59888245657893
258.02500000000003,186.57289288395293
258.05,186.54690749255278
258.075,186.52092628170524
258.1,186.4949492507371
258.125,186.46897639897563
258.15000000000003,186.4430077257476
258.175,186.4170432303804
258.2,186.39108291220114
258.225,186.36512677053724
258.25,186.33917480471644
258.27500000000003,186.31322701406614
258.3,186.28728339791414
258.325,186.26134395558842
258.35,186.23540868641678
258.375,186.20947758972736
258.40000000000003,186.18355066484824
258.425,186.15762791110765
258.45,186.1317093278342
258.475,186.1057949143561
258.5,186.07988467000226
258.52500000000003,186.0539785941011
258.55,186.02807668598143
258.575,186.00217894497226
258.6,185.97628537040268
258.625,185.95039596160177
258.65000000000003,185.9245107178989
258.675,185.89862963862328
258.7,185.8727527231045
258.725,185.846879970672
258.75,185.82101138065568
258.77500000000003,185.79514695238518
258.8,185.76928668519048
258.825,185.74343057840127
258.85,185.7175786313479
258.875,185.6917308433607
258.90000000000003,185.66588721376985
258.925,185.64004774190576
258.95,185.6142124270993
258.975,185.58838126868068
259.0,185.56255426598105
259.02500000000003,185.53673141833096
259.05,185.51091272506153
259.075,185.48509818550374
259.1,185.45928779898898
259.125,185.4334815648486
259.15000000000003,185.40767948241378
259.175,185.3818815510161
259.2,185.3560877699873
259.225,185.33029813865906
259.25,185.30451265636304
259.27500000000003,185.27873132243124
259.3,185.25295413619585
259.325,185.22718109698906
259.35,185.2014122041431
259.375,185.1756474569904
259.40000000000003,185.1498868548633
259.425,185.12413039709446
259.45,185.0983780830167
259.475,185.07262991196262
259.5,185.0468858832654
259.52500000000003,185.02114599625796
259.55,184.99541025027335
259.575,184.969678644645
259.6,184.94395117870587
259.625,184.91822785178974
259.65000000000003,184.89250866323013
259.675,184.86679361236068
259.7,184.8410826985151
259.725,184.81537592102734
259.75,184.78967327923147
259.77500000000003,184.76397477246152
259.8,184.73828040005174
259.825,184.7125901613365
259.85,184.68690405565016
259.875,184.66122208232713
259.90000000000003,184.6355442407021
259.925,184.6098705301099
259.95,184.58420094988554
259.975,184.5585354993638
260.0,184.53287417787962
260.02500000000003,184.50721698476843
260.05,184.48156391936547
260.075,184.45591498100583
260.1,184.43027016902545
260.125,184.40462948275967
260.15000000000003,184.37899292154415
260.175,184.3533604847148
260.2,184.32773217160755
260.225,184.3021079815586
260.25,184.27648791390388
260.27500000000003,184.2508719679798
260.3,184.22526014312245
260.325,184.19965243866844
260.35,184.1740488539545
260.375,184.14844938831706
260.40000000000003,184.12285404109284
260.425,184.09726281161912
260.45,184.07167569923251
260.475,184.04609270327035
260.5,184.02051382306985
260.52500000000003,183.9949390579681
260.55,183.96936840730282
260.575,183.94380187041148
260.6,183.91823944663167
260.625,183.89268113530107
260.65000000000003,183.86712693575743
260.675,183.84157684733896
260.7,183.8160308693837
260.725,183.79048900122967
260.75,183.7649512422153
260.77500000000003,183.73941759167894
260.8,183.71388804895892
260.825,183.68836261339393
260.85,183.66284128432275
260.875,183.63732406108443
260.90000000000003,183.61181094301753
260.925,183.58630192946094
260.95,183.56079701975418
260.975,183.53529621323634
261.0,183.50979950924693
261.02500000000003,183.4843069071252
261.05,183.45881840621055
261.075,183.43333400584305
261.1,183.40785370536224
261.125,183.38237750410795
261.15000000000003,183.3569054014204
261.175,183.33143739663933
261.2,183.3059734891052
261.225,183.28051367815843
261.25,183.2550579631391
261.27500000000003,183.22960634338799
261.3,183.20415881824567
261.325,183.17871538705276
261.35,183.1532760491503
261.375,183.1278408038791
261.40000000000003,183.10240965058014
261.425,183.07698258859472
261.45,183.05155961726385
261.475,183.0261407359293
261.5,183.00072594393228
261.52500000000003,182.97531524061438
261.55,182.94990862531748
261.575,182.92450609738313
261.6,182.89910765615338
261.625,182.87371330096997
261.65000000000003,182.84832303117523
261.675,182.82293684611153
261.7,182.79755474512103
261.725,182.77217672754617
261.75,182.7468027927295
261.77500000000003,182.7214329400136
261.8,182.69606716874142
261.825,182.6707054782558
261.85,182.64534786789946
261.875,182.61999433701556
261.90000000000003,182.5946448849474
261.925,182.56929951103817
261.95,182.54395821463126
261.975,182.51862099507025
262.0,182.49328785169857
262.02500000000003,182.46795878385996
262.05,182.44263379089833
262.075,182.41731287215748
262.1,182.39199602698147
262.125,182.36668325471453
262.15000000000003,182.34137455470068
262.175,182.3160699262846
262.2,182.29076936881037
262.225,182.2654728816229
262.25,182.24018046406658
262.27500000000003,182.21489211548626
262.3,182.18960783522684
262.325,182.16432762263315
262.35,182.13905147705034
262.375,182.11377939782372
262.40000000000003,182.0885113842985
262.425,182.06324743582007
262.45,182.0379875517338
262.475,182.01273173138543
262.5,181.98747997412062
262.52500000000003,181.9622322792852
262.55,181.9369886462252
262.575,181.91174907428666
262.6,181.8865135628156
262.625,181.86128211115832
262.65000000000003,181.83605471866107
262.675,181.81083138467045
262.7,181.78561210853286
262.725,181.760396889595
262.75,181.73518572720383
262.77500000000003,181.70997862070595
262.8,181.68477556944836
262.825,181.65957657277843
262.85,181.63438163004318
262.875,181.6091907405899
262.90000000000003,181.584003903766
262.925,181.55882111891881
262.95,181.53364238539606
262.975,181.50846770254552
263.0,181.48329706971506
263.02500000000003,181.4581304862525
263.05,181.43296795150596
263.075,181.40780946482352
263.1,181.3826550255535
263.125,181.35750463304416
263.15000000000003,181.33235828664388
263.175,181.3072159857013
263.2,181.28207772956512
263.225,181.25694351758406
263.25,181.23181334910728
263.27500000000003,181.20668722348327
263.3,181.1815651400614
263.325,181.15644709819068
263.35,181.13133309722076
263.375,181.10622313650077
263.40000000000003,181.08111721538006
263.425,181.05601533320856
263.45,181.03091748933585
263.475,181.00582368311183
263.5,180.98073391388624
263.52500000000003,180.95564818100917
263.55,180.93056648383077
263.575,180.90548882170143
263.6,180.8804151939713
263.625,180.8553455999909
263.65000000000003,180.83028003911062
263.675,180.80521851068136
263.7,180.7801610140539
263.725,180.75510754857868
263.75,180.73005811360716
263.77500000000003,180.70501270849024
263.8,180.67997133257919
263.825,180.65493398522503
263.85,180.62990066577945
263.875,180.60487137359388
263.90000000000003,180.5798461080197
263.925,180.55482486840899
263.95,180.5298076541133
263.975,180.5047944644844
264.0,180.4797852988745
264.02500000000003,180.45478015663574
264.05,180.42977903712043
264.075,180.4047819396805
264.1,180.37978886366898
264.125,180.35479980843806
264.15000000000003,180.3298147733403
264.175,180.30483375772866
264.2,180.2798567609559
264.225,180.25488378237512
264.25,180.22991482133907
264.27500000000003,180.2049498772011
264.3,180.1799889493144
264.325,180.15503203703256
264.35,180.13007913970884
264.375,180.10513025669684
264.40000000000003,180.08018538735047
264.425,180.05524453102313
264.45,180.0303076870692
264.475,180.0053748548426
264.5,179.98044603369695
264.52500000000003,179.95552122298673
264.55,179.93060042206656
264.575,179.9056836302905
264.6,179.88077084701322
264.625,179.85586207158923
264.65000000000003,179.83095730337348
264.675,179.80605654172044
264.7,179.78115978598544
264.725,179.7562670355233
264.75,179.73137828968913
264.77500000000003,179.70649354783828
264.8,179.68161280932617
264.825,179.6567360735081
264.85,179.63186333973965
264.875,179.60699460737658
264.90000000000003,179.5821298757747
264.925,179.55726914428993
264.95,179.532412412278
264.975,179.50755967909504
265.0,179.48271094409728
265.02500000000003,179.45786620664114
265.05,179.43302546608294
265.075,179.40818872177908
265.1,179.38335597308628
265.125,179.35852721936115
265.15000000000003,179.33370245996073
265.175,179.30888169424182
265.2,179.2840649215612
265.225,179.25925214127622
265.25,179.23444335274414
265.27500000000003,179.20963855532213
265.3,179.18483774836764
265.325,179.16004093123811
265.35,179.1352481032914
265.375,179.11045926388513
265.40000000000003,179.0856744123775
265.425,179.060893548126
265.45,179.03611667048884
265.475,179.01134377882403
265.5,178.9865748724901
265.52500000000003,178.96180995084532
265.55,178.93704901324818
265.575,178.91229205905714
265.6,178.88753908763076
265.625,178.86279009832802
265.65000000000003,178.83804509050776
265.675,178.8133040635289
265.7,178.7885670167508
265.725,178.76383394953254
265.75,178.73910486123313
265.77500000000003,178.71437975121208
265.8,178.6896586188292
265.825,178.66494146344374
265.85,178.64022828441554
265.875,178.61551908110425
265.90000000000003,178.59081385287018
265.925,178.56611259907297
265.95,178.54141531907288
265.975,178.5167220122303
266.0,178.4920326779054
266.02500000000003,178.4673473154585
266.05,178.44266592425032
266.075,178.41798850364142
266.1,178.3933150529926
266.125,178.3686455716645
266.15000000000003,178.34398005901838
266.175,178.3193185144151
266.2,178.29466093721587
266.225,178.27000732678187
266.25,178.2453576824743
266.27500000000003,178.22071200365477
266.3,178.19607028968503
266.325,178.1714325399267
266.35,178.14679875374145
266.375,178.1221689304912
266.40000000000003,178.09754306953795
266.425,178.07292117024355
266.45,178.04830323197032
266.475,178.02368925408072
266.5,177.99907923593696
266.52500000000003,177.9744731769015
266.55,177.94987107633722
266.575,177.92527293360646
266.6,177.9006787480722
266.625,177.87608851909732
266.65000000000003,177.85150224604493
266.675,177.8269199282778
266.7,177.8023415651595
266.725,177.7777671560531
266.75,177.75319670032235
266.77500000000003,177.72863019733038
266.8,177.70406764644096
266.825,177.67950904701783
266.85,177.65495439842476
266.875,177.63040370002574
266.90000000000003,177.60585695118496
266.925,177.58131415126635
266.95,177.55677529963415
266.975,177.53224039565285
267.0,177.50770943868682
267.02500000000003,177.48318242810058
267.05,177.4586593632587
267.075,177.43414024352603
267.1,177.40962506826733
267.125,177.38511383684775
267.15000000000003,177.36060654863226
267.175,177.336103202986
267.2,177.31160379927405
267.225,177.28710833686182
267.25,177.26261681511502
267.27500000000003,177.23812923339906
267.3,177.21364559107974
267.325,177.1891658875226
267.35,177.16469012209362
267.375,177.14021829415893
267.40000000000003,177.11575040308466
267.425,177.09128644823676
267.45,177.06682642898156
267.475,177.0423703446855
267.5,177.01791819471487
267.52500000000003,176.9934699784366
267.55,176.96902569521723
267.575,176.94458534442356
267.6,176.92014892542238
267.625,176.8957164375809
267.65000000000003,176.87128788026604
267.675,176.84686325284508
267.7,176.82244255468532
267.725,176.79802578515415
267.75,176.77361294361913
267.77500000000003,176.74920402944787
267.8,176.724799042008
267.825,176.7003979806674
267.85,176.67600084479398
267.875,176.6516076337558
267.90000000000003,176.62721834692104
267.925,176.60283298365775
267.95,176.57845154333427
267.975,176.5540740253191
268.0,176.52970042898082
268.02500000000003,176.50533075368816
268.05,176.48096499880955
268.075,176.45660316371408
268.1,176.4322452477707
268.125,176.40789125034826
268.15000000000003,176.38354117081604
268.175,176.3591950085433
268.2,176.33485276289926
268.225,176.31051443325333
268.25,176.28618001897524
268.27500000000003,176.26184951943466
268.3,176.23752293400113
268.325,176.21320026204478
268.35,176.1888815029353
268.375,176.16456665604275
268.40000000000003,176.14025572073737
268.425,176.11594869638955
268.45,176.09164558236972
268.475,176.0673463780481
268.5,176.04305108279522
268.52500000000003,176.01875969598188
268.55,175.9944722169786
268.575,175.97018864515672
268.6,175.9459089798869
268.625,175.92163322054034
268.65000000000003,175.89736136648793
268.675,175.87309341710127
268.7,175.8488293717516
268.725,175.82456922981032
268.75,175.80031299064936
268.77500000000003,175.7760606536399
268.8,175.7518122181541
268.825,175.7275676835638
268.85,175.70332704924093
268.875,175.67909031455738
268.90000000000003,175.6548574788857
268.925,175.63062854159799
268.95,175.60640350206657
268.975,175.58218235966413
269.0,175.55796511376292
269.02500000000003,175.53375176373606
269.05,175.5095423089561
269.075,175.48533674879585
269.1,175.46113508262843
269.125,175.43693730982687
269.15000000000003,175.41274342976462
269.175,175.38855344181493
269.2,175.3643673453509
269.225,175.34018513974618
269.25,175.31600682437437
269.27500000000003,175.29183239860924
269.3,175.2676618618246
269.325,175.2434952133943
269.35,175.21933245269236
269.375,175.19517357909282
269.40000000000003,175.17101859197012
269.425,175.14686749069836
269.45,175.12272027465215
269.475,175.0985769432058
269.5,175.07443749573395
269.52500000000003,175.0503019316113
269.55,175.02617025021286
269.575,175.0020424509134
269.6,174.9779185330878
269.625,174.9537984961113
269.65000000000003,174.9296823393592
269.675,174.90557006220683
269.7,174.8814616640295
269.725,174.85735714420272
269.75,174.83325650210216
269.77500000000003,174.80915973710356
269.8,174.78506684858294
269.825,174.76097783591595
269.85,174.73689269847864
269.875,174.71281143564718
269.90000000000003,174.6887340467978
269.925,174.66466053130682
269.95,174.64059088855058
269.975,174.6165251179057
270.0,174.59246321874872
270.02500000000003,174.5684051904566
270.05,174.54435103240598
270.075,174.52030074397373
270.1,174.496254324537
270.125,174.4722117734729
270.15000000000003,174.4481730901588
270.175,174.42413827397183
270.2,174.4001073242895
270.225,174.37608024048933
270.25,174.35205702194892
270.27500000000003,174.3280376680462
270.3,174.30402217815885
270.325,174.28001055166465
270.35,174.25600278794184
270.375,174.23199888636853
270.40000000000003,174.20799884632288
270.425,174.1840026671834
270.45,174.1600103483284
270.475,174.13602188913637
270.5,174.11203728898587
270.52500000000003,174.0880565472559
270.55,174.064079663325
270.575,174.04010663657232
270.6,174.01613746637685
270.625,173.99217215211775
270.65000000000003,173.96821069317406
270.675,173.94425308892548
270.7,173.92029933875128
270.725,173.89634944203092
270.75,173.872403398144
270.77500000000003,173.84846120647038
270.8,173.82452286638983
270.825,173.8005883772823
270.85,173.7766577385279
270.875,173.7527309495067
270.90000000000003,173.72880800959896
270.925,173.70488891818488
270.95,173.68097367464523
270.975,173.6570622783601
271.0,173.63315472871037
271.02500000000003,173.60925102507701
271.05,173.5853511668406
271.075,173.56145515338204
271.1,173.53756298408243
271.125,173.51367465832303
271.15000000000003,173.48979017548479
271.175,173.4659095349494
271.2,173.44203273609804
271.225,173.4181597783124
271.25,173.394290660974
271.27500000000003,173.3704253834645
271.3,173.3465639451658
271.325,173.32270634546003
271.35,173.29885258372914
271.375,173.275002659355
271.40000000000003,173.2511565717202
271.425,173.22731432020677
271.45,173.2034759041974
271.475,173.1796413230746
271.5,173.1558105762209
271.52500000000003,173.13198366301896
271.55,173.10816058285178
271.575,173.08434133510218
271.6,173.06052591915315
271.625,173.03671433438805
271.65000000000003,173.01290658018993
271.675,172.9891026559421
271.7,172.96530256102812
271.725,172.94150629483153
271.75,172.91771385673576
271.77500000000003,172.89392524612472
271.8,172.87014046238204
271.825,172.8463595048919
271.85,172.82258237303813
